cik,entity_name,fact_end_date,qtrs,total_revenue,cogs,gross_profit,operating_income,net_income,gross_margin_pct,operating_margin_pct,net_margin_pct
56873,KROGER CO,20240831,1,33912000000.0,,,815000000.0,-2000000.0,,2.4,-0.01
1050825,STEELCASE INC,20240831,1,209100000.0,558500000.0,295400000.0,-12000000.0,63100000.0,141.27,-5.74,30.18
815097,CARNIVAL CORP,20240831,1,181000000.0,,,-104000000.0,1735000000.0,,-57.46,958.56
1070235,BLACKBERRY LTD,20240831,1,69000000.0,10000000.0,95000000.0,-21000000.0,-19000000.0,137.68,-30.43,-27.54
96536,"TAYLOR DEVICES, INC.",20240831,1,11617856.0,6114226.0,5503630.0,2904901.0,2666655.0,47.37,25.0,22.95
104169,WALMART INC.,20240731,1,169335000000.0,126810000000.0,42525000000.0,6591000000.0,4501000000.0,25.11,3.89,2.66
354950,"HOME DEPOT, INC.",20240731,1,41901000000.0,28759000000.0,14416000000.0,6534000000.0,4561000000.0,34.4,15.59,10.89
1045810,NVIDIA CORP,20240731,1,30040000000.0,563000000.0,22574000000.0,-1575000000.0,16599000000.0,75.15,-5.24,55.26
2011641,FERGUSON ENTERPRISES INC. /DE/,20240731,4,29635000000.0,20582000000.0,9053000000.0,60000000.0,1735000000.0,30.55,0.2,5.85
858877,"CISCO SYSTEMS, INC.",20240731,4,28700000000.0,4636000000.0,5187000000.0,12181000000.0,10320000000.0,18.07,42.44,35.96
1571996,DELL TECHNOLOGIES INC.,20240731,1,24060000000.0,-4000000.0,5311000000.0,2051000000.0,846000000.0,22.07,8.52,3.52
1730168,BROADCOM INC.,20240731,1,13072000000.0,4716000000.0,8356000000.0,3788000000.0,,63.92,28.98,
29534,DOLLAR GENERAL CORP,20240731,1,8397217000.0,7150882000.0,3059479000.0,549962000.0,374190000.0,36.43,6.55,4.46
1327567,PALO ALTO NETWORKS INC,20240731,4,8027500000.0,2059200000.0,5968300000.0,683900000.0,2577600000.0,74.35,8.52,32.11
935703,"DOLLAR TREE, INC.",20240731,1,7378800000.0,5158200000.0,2220600000.0,203100000.0,132400000.0,30.09,2.75,1.79
47217,HP INC,20240731,1,6086000000.0,449000000.0,2906000000.0,-28000000.0,640000000.0,47.75,-0.46,10.52
6951,APPLIED MATERIALS INC /DE,20240731,1,5386000000.0,3573000000.0,3205000000.0,1942000000.0,1705000000.0,59.51,36.06,31.66
1531152,"BJ'S WHOLESALE CLUB HOLDINGS, INC.",20240731,1,5205395000.0,4248819000.0,956576000.0,203675000.0,144988000.0,18.38,3.91,2.79
794367,"MACY'S, INC.",20240731,1,5096000000.0,2938000000.0,2158000000.0,222000000.0,150000000.0,42.35,4.36,2.94
1089063,"DICK'S SPORTING GOODS, INC.",20240731,1,3473635000.0,2197935000.0,1275700000.0,470096000.0,,36.73,13.53,
1766502,"CHEWY, INC.",20240731,1,2858589000.0,2014753000.0,843836000.0,32051000.0,299117000.0,29.52,1.12,10.46
1067294,"CRACKER BARREL OLD COUNTRY STORE, INC",20240731,4,2794128000.0,1087631000.0,1706497000.0,45119000.0,40930000.0,61.07,1.61,1.46
1645590,HEWLETT PACKARD ENTERPRISE CO,20240731,1,2688000000.0,3438000000.0,-750000000.0,464000000.0,512000000.0,-27.9,17.26,19.05
1403568,"ULTA BEAUTY, INC.",20240731,1,2552087000.0,1573910000.0,978177000.0,329201000.0,252556000.0,38.33,12.9,9.9
6281,ANALOG DEVICES INC,20240731,1,2312209000.0,1000970000.0,1311239000.0,491319000.0,392232000.0,56.71,21.25,16.96
1327811,"WORKDAY, INC.",20240731,1,1903000000.0,304000000.0,1599000000.0,111000000.0,106000000.0,84.03,5.83,5.57
1571123,SCIENCE APPLICATIONS INTERNATIONAL CORP,20240731,1,1818000000.0,1608000000.0,210000000.0,107000000.0,81000000.0,11.55,5.89,4.46
16732,CAMPBELL SOUP CO,20240731,4,1618000000.0,-3000000.0,1621000000.0,-584000000.0,0.0,100.19,-36.09,0.0
1817358,"ACADEMY SPORTS & OUTDOORS, INC.",20240731,1,1542411000.0,990255000.0,558725000.0,190086000.0,142588000.0,36.22,12.32,9.24
1002047,"NETAPP, INC.",20240731,1,1541000000.0,443000000.0,1098000000.0,282000000.0,248000000.0,71.25,18.3,16.09
1576942,"STITCH FIX, INC.",20240731,4,1337468000.0,745430000.0,592038000.0,-133427000.0,-128840000.0,44.27,-9.98,-9.63
1618732,"NUTANIX, INC.",20240731,4,1189213000.0,36441000.0,1824704000.0,7563000.0,-124775000.0,153.44,0.64,-10.49
1585521,"ZOOM VIDEO COMMUNICATIONS, INC.",20240731,1,1162520000.0,285089000.0,877431000.0,202370000.0,219015000.0,75.48,17.41,18.84
46619,HEICO CORP,20240731,1,992246000.0,602976000.0,389270000.0,153594000.0,136577000.0,39.23,15.48,13.76
891024,"PATTERSON COMPANIES, INC.",20240731,1,934296000.0,1229133000.0,312609000.0,27058000.0,13715000.0,33.46,2.9,1.47
746598,BRADY CORP,20240731,4,783775000.0,653509000.0,687884000.0,243414000.0,197215000.0,87.77,31.06,25.16
912463,GUESS INC,20240731,1,732560000.0,56000.0,319943000.0,81979000.0,-10603000.0,43.67,11.19,-1.45
719955,WILLIAMS SONOMA INC,20240731,1,725323000.0,,826326000.0,289916000.0,225745000.0,113.93,39.97,31.12
832988,SIGNET JEWELERS LTD,20240731,1,665800000.0,-100000.0,566300000.0,-4200000.0,-98500000.0,85.06,-0.63,-14.79
72331,NORDSON CORP,20240731,1,661604000.0,292603000.0,369001000.0,-22371000.0,117327000.0,55.77,-3.38,17.73
1409171,TITAN MACHINERY INC.,20240731,1,633674000.0,521295000.0,112379000.0,15750000.0,-4304000.0,17.73,2.49,-0.68
1639300,"OLLIE'S BARGAIN OUTLET HOLDINGS, INC.",20240731,1,578375000.0,359344000.0,219031000.0,60759000.0,0.0,37.87,10.51,0.0
1261333,"DOCUSIGN, INC.",20240731,1,529452000.0,23093000.0,580562000.0,57801000.0,888211000.0,109.65,10.92,167.76
1826470,"PETCO HEALTH & WELLNESS COMPANY, INC.",20240731,1,518983000.0,943030000.0,580725000.0,2468000.0,-24823000.0,111.9,0.48,-4.78
794619,AMERICAN WOODMARK CORP,20240731,1,459128000.0,366262000.0,92866000.0,47027000.0,29633000.0,20.23,10.24,6.45
1687221,"REV GROUP, INC.",20240731,1,432100000.0,501100000.0,78300000.0,28600000.0,18000000.0,18.12,6.62,4.17
769397,"AUTODESK, INC.",20240731,1,389000000.0,140000000.0,1365000000.0,343000000.0,282000000.0,350.9,88.17,72.49
1525769,"DAVE & BUSTER'S ENTERTAINMENT, INC.",20240731,1,375700000.0,81800000.0,293900000.0,84500000.0,,78.23,22.49,
1601046,"KEYSIGHT TECHNOLOGIES, INC.",20240731,1,370000000.0,102000000.0,268000000.0,74000000.0,389000000.0,72.43,20.0,105.14
885639,KOHLS CORP,20240731,1,359000000.0,2128000000.0,-1769000000.0,166000000.0,66000000.0,-492.76,46.24,18.38
69891,NATIONAL BEVERAGE CORP,20240731,1,329473000.0,207041000.0,122432000.0,69515000.0,56780000.0,37.16,21.1,17.23
1428336,"HEALTHEQUITY, INC.",20240731,1,299928000.0,95876000.0,204052000.0,58929000.0,35822000.0,68.03,19.65,11.94
78239,PVH CORP. /DE/,20240731,1,296200000.0,828400000.0,1245900000.0,6600000.0,158000000.0,420.63,2.23,53.34
1132105,"SPORTSMAN'S WAREHOUSE HOLDINGS, INC.",20240731,1,288734000.0,198716000.0,90018000.0,-4323000.0,-5906000.0,31.18,-1.5,-2.05
885245,BUCKLE INC,20240731,1,282392000.0,149858000.0,132534000.0,48260000.0,39255000.0,46.93,17.09,13.9
57131,LA-Z-BOY INC,20240731,1,281180000.0,282189000.0,213343000.0,32370000.0,26159000.0,75.87,11.51,9.3
1372612,BOX INC,20240731,1,270039000.0,55513000.0,214526000.0,20280000.0,20496000.0,79.44,7.51,7.59
850209,"FOOT LOCKER, INC.",20240731,1,268000000.0,1373000000.0,-1105000000.0,-9000000.0,-12000000.0,-412.31,-3.36,-4.48
1177609,"FIVE BELOW, INC",20240731,1,249386000.0,558283000.0,-308897000.0,41509000.0,33000000.0,-123.86,16.64,13.23
1366561,SMARTSHEET INC,20240731,1,234347000.0,37999000.0,226561000.0,-8480000.0,7858000.0,96.68,-3.62,3.35
107140,"JOHN WILEY & SONS, INC.",20240731,1,230951000.0,109220000.0,121731000.0,28973000.0,-1436000.0,52.71,12.55,-0.62
1474432,"PURE STORAGE, INC.",20240731,1,226024000.0,129723000.0,540080000.0,24878000.0,35674000.0,238.95,11.01,15.78
919012,AMERICAN EAGLE OUTFITTERS INC,20240731,1,202188000.0,792162000.0,498896000.0,69640000.0,77264000.0,246.75,34.44,38.21
1393052,VEEVA SYSTEMS INC,20240731,1,198315000.0,170372000.0,505809000.0,166487000.0,171041000.0,255.05,83.95,86.25
1569345,"SPRINKLR, INC.",20240731,1,197208000.0,20010000.0,142892000.0,-87000.0,1841000.0,72.46,-0.04,0.93
1734722,"UIPATH, INC.",20240731,1,194673000.0,43529000.0,252933000.0,-103349000.0,-12497000.0,129.93,-53.09,-6.42
711404,"COOPER COMPANIES, INC.",20240731,1,194600000.0,339800000.0,663000000.0,192500000.0,104700000.0,340.7,98.92,53.8
1090872,"AGILENT TECHNOLOGIES, INC.",20240731,1,193000000.0,723000000.0,-530000000.0,70000000.0,282000000.0,-274.61,36.27,146.11
1600438,GMS INC.,20240731,1,189551000.0,,451563000.0,98379000.0,-600000.0,238.23,51.9,-0.32
1856437,VICTORIA'S SECRET & CO.,20240731,1,187000000.0,916000000.0,501000000.0,62000000.0,32000000.0,267.91,33.16,17.11
88941,SEMTECH CORP,20240731,1,185966000.0,109891000.0,36768000.0,7768000.0,-170295000.0,19.77,4.18,-91.57
1318484,CITI TRENDS INC,20240731,1,176552000.0,,,-24895000.0,,,-14.1,
1707753,ELASTIC N.V.,20240731,1,166493000.0,91757000.0,255663000.0,-33838000.0,-49227000.0,153.56,-20.32,-29.57
1166388,VERINT SYSTEMS INC,20240731,1,163229000.0,64744000.0,145426000.0,13870000.0,5531000.0,89.09,8.5,3.39
1524025,"TILLY'S, INC.",20240731,1,162867000.0,112947000.0,49920000.0,-859000.0,-69000.0,30.65,-0.53,-0.04
72573,MOVADO GROUP INC,20240731,1,159313000.0,72948000.0,86365000.0,-5293000.0,3721000.0,54.21,-3.32,2.34
1720671,"HASHICORP, INC.",20240731,1,159188000.0,14817000.0,134929000.0,-43298000.0,-26462000.0,84.76,-27.2,-16.62
1701758,LOVESAC CO,20240731,1,156590000.0,64221000.0,92369000.0,-8371000.0,-5861000.0,58.99,-5.35,-3.74
1676238,"BRAZE, INC.",20240731,1,145499000.0,43420000.0,102079000.0,-27950000.0,-22999000.0,70.16,-19.21,-15.81
1649744,DULUTH HOLDINGS INC.,20240731,1,141619000.0,67623000.0,73996000.0,-3886000.0,-3744000.0,52.25,-2.74,-2.64
1583708,"SENTINELONE, INC.",20240731,1,126260000.0,50699000.0,148238000.0,-79381000.0,-69184000.0,117.41,-62.87,-54.79
56679,KORN FERRY,20240731,1,122730000.0,67544000.0,55186000.0,76050000.0,62604000.0,44.97,61.97,51.01
1568100,"PAGERDUTY, INC.",20240731,1,115935000.0,20080000.0,95855000.0,-16027000.0,-10912000.0,82.68,-13.82,-9.41
1902733,"NCINO, INC.",20240731,1,113911000.0,53931000.0,78472000.0,-7906000.0,-11040000.0,68.89,-6.94,-9.69
751365,VIRCO MFG CORPORATION,20240731,1,108419000.0,58201000.0,50218000.0,21894000.0,16833000.0,46.32,20.19,15.53
1477720,"ASANA, INC.",20240731,1,108232000.0,19987000.0,159225000.0,-76797000.0,-72189000.0,147.11,-70.96,-66.7
1774675,SKILLSOFT CORP.,20240731,1,95642000.0,32471000.0,63171000.0,-19328000.0,-39566000.0,66.05,-20.21,-41.37
936395,CIENA CORP,20240731,1,92692000.0,104830000.0,403945000.0,26743000.0,4705000.0,435.79,28.85,5.08
1092796,"SMITH & WESSON BRANDS, INC.",20240731,1,88334000.0,64142000.0,24192000.0,-1862000.0,-2106000.0,27.39,-2.11,-2.38
813298,"DESTINATION XL GROUP, INC.",20240731,1,87845000.0,64649000.0,60171000.0,3124000.0,2383000.0,68.5,3.56,2.71
1326380,GAMESTOP CORP.,20240731,1,87800000.0,549500000.0,248800000.0,-5900000.0,14800000.0,283.37,-6.72,16.86
1687932,"J.JILL, INC.",20240731,1,82148000.0,,109394000.0,23022000.0,8191000.0,133.17,28.03,9.97
771497,ABM INDUSTRIES INC /DE/,20240731,1,79600000.0,1831000000.0,-1751400000.0,77800000.0,4700000.0,-2200.25,97.74,5.9
1468327,"RENT THE RUNWAY, INC.",20240731,1,78900000.0,20600000.0,58300000.0,-9600000.0,-15600000.0,73.89,-12.17,-19.77
1614178,"YEXT, INC.",20240731,1,76823000.0,22293000.0,75594000.0,-7566000.0,-4057000.0,98.4,-9.85,-5.28
1703956,"CONCRETE PUMPING HOLDINGS, INC.",20240731,1,75213000.0,65112000.0,44505000.0,16625000.0,7560000.0,59.17,22.1,10.05
1423774,ZUORA INC,20240731,1,73062000.0,37292000.0,78104000.0,-9689000.0,-7221000.0,106.9,-13.26,-9.88
1468666,SECUREWORKS CORP,20240731,1,71199000.0,6379000.0,54737000.0,-13131000.0,-14729000.0,76.88,-18.44,-20.69
1505952,"DOMO, INC.",20240731,1,70921000.0,6823000.0,58283000.0,-14487000.0,-19490000.0,82.18,-20.43,-27.48
1777393,"CHARGEPOINT HOLDINGS, INC.",20240731,1,64146000.0,18558000.0,25585000.0,-62746000.0,-68874000.0,39.89,-97.82,-107.37
1342423,LIMONEIRA CO,20240731,1,61849000.0,45437000.0,16412000.0,3769000.0,6593000.0,26.54,6.09,10.66
810136,PHOTRONICS INC,20240731,1,55301000.0,135846000.0,75138000.0,52148000.0,34388000.0,135.87,94.3,62.18
1041859,"CHILDRENS PLACE, INC.",20240731,1,50453000.0,,111794000.0,-2103000.0,-32114000.0,221.58,-4.17,-63.65
704562,"AVID BIOSERVICES, INC.",20240731,1,40173000.0,34460000.0,5713000.0,-2456000.0,-5534000.0,14.22,-6.11,-13.78
798081,LAKELAND INDUSTRIES INC,20240731,1,38512000.0,23277000.0,15235000.0,-1591000.0,-1376000.0,39.56,-4.13,-3.57
1371451,HIGHWATER ETHANOL LLC,20240731,1,37444831.0,32026594.0,5418237.0,4455122.0,4799110.0,14.47,11.9,12.82
55529,KEWAUNEE SCIENTIFIC CORP /DE/,20240731,1,34389000.0,35905000.0,12488000.0,2575000.0,2193000.0,36.31,7.49,6.38
1845022,"COUCHBASE, INC.",20240731,1,34002000.0,6463000.0,45126000.0,-21048000.0,-19895000.0,132.72,-61.9,-58.51
18498,GENESCO INC,20240731,1,30755000.0,279549000.0,245639000.0,-8731000.0,-9992000.0,798.7,-28.39,-32.49
1520358,"MAMA'S CREATIONS, INC.",20240731,1,28382000.0,21503000.0,6879000.0,1612000.0,1148000.0,24.24,5.68,4.04
1318008,ZUMIEZ INC,20240731,1,28320000.0,138385000.0,71794000.0,-393000.0,-847000.0,253.51,-1.39,-2.99
1423221,QUANEX BUILDING PRODUCTS CORP,20240731,1,27873000.0,209441000.0,-181568000.0,282000.0,25350000.0,-651.41,1.01,90.95
1579157,VINCE HOLDING CORP.,20240731,1,26985000.0,39038000.0,35131000.0,1130000.0,569000.0,130.19,4.19,2.11
1852633,"PINSTRIPES HOLDINGS, INC.",20240731,1,23819000.0,5535000.0,18284000.0,-7612000.0,-10006000.0,76.76,-31.96,-42.01
799288,"LANDS' END, INC.",20240731,1,23330000.0,165288000.0,151885000.0,2486000.0,-5251000.0,651.03,10.66,-22.51
1133470,CALAVO GROWERS INC,20240731,1,16378000.0,145043000.0,20093000.0,9358000.0,-732000.0,122.68,57.14,-4.47
771856,"CHAMPIONS ONCOLOGY, INC.",20240731,1,14061000.0,7072000.0,6989000.0,1329000.0,1313000.0,49.7,9.45,9.34
8146,"ASTRONOVA, INC.",20240731,1,12359000.0,26213000.0,14326000.0,2348000.0,-311000.0,115.92,19.0,-2.52
1007019,COFFEE HOLDING CO INC,20240731,1,10795701.0,14887098.0,3926064.0,719863.0,,36.37,6.67,
6207,AMREP CORP.,20240731,1,8992000.0,7245000.0,1747000.0,4992000.0,4293000.0,19.43,55.52,47.74
39020,FREQUENCY ELECTRONICS INC,20240731,1,8263000.0,8379000.0,6698000.0,-137000.0,2430000.0,81.06,-1.66,29.41
713425,AMERICAN SOFTWARE INC,20240731,1,5700000.0,2696000.0,17468000.0,-4733000.0,2054000.0,306.46,-83.04,36.04
723603,CULP INC,20240731,1,2996000.0,51461000.0,-326000.0,-2267000.0,,-10.88,-75.67,
1892292,MAISON SOLUTIONS INC.,20240731,1,1567323.0,21383741.0,340539.0,-342316.0,-338832.0,21.73,-21.84,-21.62
1334325,"CODA OCTOPUS GROUP, INC.",20240731,1,1474403.0,906865.0,567538.0,985714.0,1274658.0,38.49,66.86,86.45
1673475,"GPO PLUS, INC.",20240731,1,1207741.0,945994.0,261747.0,-485202.0,0.0,21.67,-40.17,0.0
1546853,"SKKYNET CLOUD SYSTEMS, INC.",20240731,1,666359.0,,,110085.0,0.0,,16.52,0.0
84112,"GEORGE RISK INDUSTRIES, INC.",20240731,1,372000.0,2835000.0,2945000.0,69000.0,2705000.0,791.67,18.55,727.15
1830696,GLOBAL LEADERS CORP,20240731,1,26340.0,16706.0,9634.0,-20703.0,,36.58,-78.6,
1909770,KHEOBA CORP.,20240731,1,21815.0,10000.0,11815.0,-19350.0,0.0,54.16,-88.7,0.0
1973047,MARKY CORP.,20240731,1,7794.0,,,-4433.0,,,-56.88,
64803,CVS HEALTH CORP,20240630,1,91234000000.0,49998000000.0,41236000000.0,3045000000.0,1770000000.0,45.2,3.34,1.94
320193,APPLE INC,20240630,1,85777000000.0,46099000000.0,39678000000.0,35095000000.0,21448000000.0,46.26,40.91,25.0
80424,PROCTER & GAMBLE CO,20240630,4,84039000000.0,40848000000.0,43191000000.0,18545000000.0,14879000000.0,51.39,22.07,17.7
1140859,"CENCORA, INC.",20240630,1,74241353000.0,71830576000.0,2410777000.0,179391000.0,483463000.0,3.25,0.24,0.65
49071,HUMANA INC,20240630,1,29242000000.0,,,40000000.0,679000000.0,,0.14,2.32
8858,AVNET INC,20240630,4,22160000000.0,20990687000.0,2766442000.0,844367000.0,,12.48,3.81,
1318605,"TESLA, INC.",20240630,1,19878000000.0,15962000000.0,740000000.0,1605000000.0,1478000000.0,3.72,8.07,7.44
731766,UNITEDHEALTH GROUP INC,20240630,1,19373000000.0,11340000000.0,8033000000.0,1406000000.0,4216000000.0,41.46,7.26,21.76
1001250,ESTEE LAUDER COMPANIES INC,20240630,4,15608000000.0,4424000000.0,11184000000.0,970000000.0,390000000.0,71.66,6.21,2.5
81061,PUBLIX SUPER MARKETS INC,20240630,1,14636000000.0,10805000000.0,3831000000.0,1052000000.0,972000000.0,26.18,7.19,6.64
1551152,ABBVIE INC.,20240630,1,14462000000.0,-10000000.0,14472000000.0,3998000000.0,0.0,100.07,27.64,0.0
1090727,UNITED PARCEL SERVICE INC,20240630,1,14119000000.0,,,989000000.0,6000000.0,,7.0,0.04
721371,CARDINAL HEALTH INC,20240630,4,12381000000.0,219413000000.0,7414000000.0,1243000000.0,852000000.0,59.88,10.04,6.88
1489393,LYONDELLBASELL INDUSTRIES N.V.,20240630,1,10558000000.0,35000000.0,10523000000.0,970000000.0,,99.67,9.19,
1652044,ALPHABET INC.,20240630,1,9312000000.0,35507000000.0,-26195000000.0,-1134000000.0,-135000000.0,-281.3,-12.18,-1.45
96021,SYSCO CORP,20240630,4,8031000000.0,64236000000.0,14608000000.0,3673000000.0,1955000000.0,181.9,45.74,24.34
21344,COCA COLA CO,20240630,1,7623000000.0,4812000000.0,7551000000.0,92000000.0,2411000000.0,99.06,1.21,31.63
92380,SOUTHWEST AIRLINES CO,20240630,1,6712000000.0,,,398000000.0,15000000.0,,5.93,0.22
1783180,CARRIER GLOBAL CORP,20240630,1,6689000000.0,59000000.0,6630000000.0,113000000.0,,99.12,1.69,
106040,WESTERN DIGITAL CORP,20240630,4,6316000000.0,10058000000.0,2960000000.0,-317000000.0,-798000000.0,46.87,-5.02,-12.63
707549,LAM RESEARCH CORP,20240630,4,6293990000.0,7852595000.0,7052791000.0,4263913000.0,3827772000.0,112.06,67.75,60.82
821189,EOG RESOURCES INC,20240630,1,6025000000.0,,,-33000000.0,1690000000.0,,-0.55,28.05
2488,ADVANCED MICRO DEVICES INC,20240630,1,5835000000.0,2971000000.0,2864000000.0,77000000.0,265000000.0,49.08,1.32,4.54
1271833,CCO HOLDINGS LLC,20240630,1,5806000000.0,,,3261000000.0,1848000000.0,,56.17,31.83
829224,STARBUCKS CORP,20240630,1,5528000000.0,,,-437900000.0,1054800000.0,,-7.92,19.08
929008,WESCO INTERNATIONAL INC,20240630,1,5479700000.0,75700000.0,5404000000.0,323500000.0,232100000.0,98.62,5.9,4.24
1018724,AMAZON COM INC,20240630,1,5206000000.0,73785000000.0,-68579000000.0,273000000.0,13485000000.0,-1317.31,5.24,259.03
1137789,SEAGATE TECHNOLOGY HOLDINGS PLC,20240630,4,4896000000.0,5015000000.0,-119000000.0,452000000.0,99000000.0,-2.43,9.23,2.02
1058290,COGNIZANT TECHNOLOGY SOLUTIONS CORP,20240630,1,4850000000.0,,,708000000.0,566000000.0,,14.6,11.67
1633917,"PAYPAL HOLDINGS, INC.",20240630,1,4550000000.0,,,1325000000.0,1128000000.0,,29.12,24.79
1004980,PG&E CORP,20240630,1,4458000000.0,763000000.0,3695000000.0,1138000000.0,,82.88,25.53,
97745,THERMO FISHER SCIENTIFIC INC.,20240630,1,4363000000.0,3080000000.0,1283000000.0,745000000.0,,29.41,17.08,
1065280,NETFLIX INC,20240630,1,4295560000.0,5174143000.0,-878583000.0,2602837000.0,2147306000.0,-20.45,60.59,49.99
916365,TRACTOR SUPPLY CO /DE/,20240630,1,4246622000.0,2690996000.0,1555626000.0,561458000.0,425196000.0,36.63,13.22,10.01
884887,ROYAL CARIBBEAN CRUISES LTD,20240630,1,4110000000.0,313000000.0,3797000000.0,1099000000.0,854000000.0,92.38,26.74,20.78
1748790,AMCOR PLC,20240630,4,4095000000.0,3000000.0,2712000000.0,1214000000.0,540000000.0,66.23,29.65,13.19
49826,ILLINOIS TOOL WORKS INC,20240630,1,4027000000.0,2262000000.0,1765000000.0,1054000000.0,,43.83,26.17,
1944048,KENVUE INC.,20240630,1,4000000000.0,47000000.0,2365000000.0,154000000.0,4000000.0,59.13,3.85,0.1
703351,"BRINKER INTERNATIONAL, INC",20240630,4,3919300000.0,,,57500000.0,0.0,,1.47,0.0
1467858,GENERAL MOTORS CO,20240630,1,3918000000.0,38615000000.0,-34697000000.0,3873000000.0,2933000000.0,-885.58,98.85,74.86
24545,MOLSON COORS BEVERAGE CO,20240630,1,3838100000.0,1922400000.0,1329900000.0,599600000.0,427000000.0,34.65,15.62,11.13
1792044,VIATRIS INC,20240630,1,3796600000.0,2351200000.0,1445400000.0,1007700000.0,,38.07,26.54,
1096343,MARKEL GROUP INC.,20240630,1,3701843000.0,,,42425000.0,267701000.0,,1.15,7.23
927653,MCKESSON CORP,20240630,1,3691000000.0,76131000000.0,3152000000.0,90000000.0,915000000.0,85.4,2.44,24.79
1144980,ASBURY AUTOMOTIVE GROUP INC,20240630,1,3472900000.0,1247000000.0,3800000.0,100500000.0,28100000.0,0.11,2.89,0.81
1694426,"DELEK US HOLDINGS, INC.",20240630,1,3421700000.0,3365200000.0,56500000.0,13500000.0,-37200000.0,1.65,0.39,-1.09
789460,WORLD KINECT CORP,20240630,1,3292400000.0,10720000000.0,245200000.0,68000000.0,108300000.0,7.45,2.07,3.29
1739940,CIGNA GROUP,20240630,1,3251000000.0,44492000000.0,-41241000000.0,2412000000.0,,-1268.56,74.19,
55067,KELLANOVA,20240630,1,3194000000.0,2031000000.0,1163000000.0,46000000.0,344000000.0,36.41,1.44,10.77
1616707,WAYFAIR INC.,20240630,1,3117000000.0,2176000000.0,941000000.0,-35000000.0,-42000000.0,30.19,-1.12,-1.35
1116132,"TAPESTRY, INC.",20240630,4,3078700000.0,1781700000.0,4889500000.0,-21200000.0,816000000.0,158.82,-0.69,26.5
702165,NORFOLK SOUTHERN CORP,20240630,1,3044000000.0,,,1131000000.0,737000000.0,,37.16,24.21
205402,GRAYBAR ELECTRIC CO INC,20240630,1,3005300000.0,2419500000.0,585800000.0,150000000.0,110400000.0,19.49,4.99,3.67
936468,LOCKHEED MARTIN CORP,20240630,1,2999000000.0,15992000000.0,2130000000.0,2042000000.0,1641000000.0,71.02,68.09,54.72
37996,FORD MOTOR CO,20240630,1,2997000000.0,40489000000.0,-37492000000.0,1883000000.0,0.0,-1250.98,62.83,0.0
1058090,CHIPOTLE MEXICAN GRILL INC,20240630,1,2954913000.0,,,586053000.0,455671000.0,,19.83,15.42
1000228,HENRY SCHEIN INC,20240630,1,2922000000.0,2118000000.0,1018000000.0,13000000.0,104000000.0,34.84,0.44,3.56
27904,"DELTA AIR LINES, INC.",20240630,1,2825000000.0,,,2207000000.0,1305000000.0,,78.12,46.19
1370946,OWENS CORNING,20240630,1,2789000000.0,1922000000.0,867000000.0,457000000.0,285000000.0,31.09,16.39,10.22
920148,LABCORP HOLDINGS INC.,20240630,1,2698800000.0,2294500000.0,926400000.0,441500000.0,205300000.0,34.33,16.36,7.61
1158449,ADVANCE AUTO PARTS INC,20240630,1,2683053000.0,1568745000.0,1114308000.0,71751000.0,44991000.0,41.53,2.67,1.68
75252,OWENS & MINOR INC/VA/,20240630,1,2671006000.0,2126853000.0,544153000.0,20299000.0,-31913000.0,20.37,0.76,-1.19
1042642,DISH DBS CORP,20240630,1,2659158000.0,1674252000.0,984906000.0,636275000.0,,37.04,23.93,
1415404,ECHOSTAR CORP,20240630,1,2658381000.0,,,-34586000.0,,,-1.3,
866374,FLEX LTD.,20240630,1,2633000000.0,5827000000.0,471000000.0,179000000.0,139000000.0,17.89,6.8,5.28
827052,EDISON INTERNATIONAL,20240630,1,2607000000.0,,,916000000.0,,,35.14,
1024305,COTY INC.,20240630,4,2590100000.0,2178800000.0,1732800000.0,89300000.0,89400000.0,66.9,3.45,3.45
106640,WHIRLPOOL CORP /DE/,20240630,1,2567000000.0,3363000000.0,626000000.0,130000000.0,219000000.0,24.39,5.06,8.53
1050915,"QUANTA SERVICES, INC.",20240630,1,2452488000.0,4783056000.0,811331000.0,307230000.0,188159000.0,33.08,12.53,7.67
943819,RESMED INC,20240630,4,2444011000.0,2029994000.0,2655303000.0,1835804000.0,1020951000.0,108.65,75.11,41.77
1418135,KEURIG DR PEPPER INC.,20240630,1,2407000000.0,1750000000.0,2172000000.0,228000000.0,515000000.0,90.24,9.47,21.4
1792580,OVINTIV INC.,20240630,1,2288000000.0,,,-60000000.0,340000000.0,,-2.62,14.86
1158463,JETBLUE AIRWAYS CORP,20240630,1,2265000000.0,,,57000000.0,25000000.0,,2.52,1.1
1408075,GRAPHIC PACKAGING HOLDING CO,20240630,1,2237000000.0,1756000000.0,481000000.0,68000000.0,190000000.0,21.5,3.04,8.49
1568651,"OSCAR HEALTH, INC.",20240630,1,2219341000.0,,,67812000.0,56207000.0,,3.06,2.53
88121,SEABOARD CORP /DE/,20240630,1,2209000000.0,40000000.0,129000000.0,-5000000.0,,5.84,-0.23,
1781335,OTIS WORLDWIDE CORP,20240630,1,2180000000.0,1354000000.0,826000000.0,648000000.0,415000000.0,37.89,29.72,19.04
823768,WASTE MANAGEMENT INC,20240630,1,2178000000.0,3291000000.0,-1113000000.0,29000000.0,680000000.0,-51.1,1.33,31.22
1065837,SKECHERS USA INC,20240630,1,2157643000.0,973206000.0,687455000.0,206531000.0,140302000.0,31.86,9.57,6.5
898173,O REILLY AUTOMOTIVE INC,20240630,1,2149044000.0,2104141000.0,2168060000.0,863298000.0,622848000.0,100.88,40.17,28.98
66740,3M CO,20240630,1,2143000000.0,3571000000.0,-1428000000.0,37000000.0,1145000000.0,-66.64,1.73,53.43
62996,MASCO CORP /DE/,20240630,1,2091000000.0,1306000000.0,785000000.0,174000000.0,258000000.0,37.54,8.32,12.34
1035267,INTUITIVE SURGICAL INC,20240630,1,2009900000.0,637200000.0,1372700000.0,567300000.0,526900000.0,68.3,28.23,26.22
1506307,"KINDER MORGAN, INC.",20240630,1,1993000000.0,,,1038000000.0,575000000.0,,52.08,28.85
1136869,"ZIMMER BIOMET HOLDINGS, INC.",20240630,1,1942000000.0,553600000.0,1388400000.0,351300000.0,242800000.0,71.49,18.09,12.5
1511737,UBIQUITI INC.,20240630,4,1928490000.0,1188728000.0,739762000.0,498997000.0,349960000.0,38.36,25.88,18.15
732834,"CONTINENTAL RESOURCES, INC",20240630,1,1926947000.0,,,741588000.0,134279000.0,,38.49,6.97
1634997,"AVANGRID, INC.",20240630,1,1923000000.0,,,200000000.0,169000000.0,,10.4,8.79
68505,"MOTOROLA SOLUTIONS, INC.",20240630,1,1917000000.0,1289000000.0,1339000000.0,379000000.0,443000000.0,69.85,19.77,23.11
1042046,AMERICAN FINANCIAL GROUP INC,20240630,1,1900000000.0,,,271000000.0,209000000.0,,14.26,11.0
4281,HOWMET AEROSPACE INC.,20240630,1,1880000000.0,,,-21000000.0,266000000.0,,-1.12,14.15
1570585,LIBERTY GLOBAL LTD.,20240630,1,1873700000.0,589600000.0,1284100000.0,19100000.0,268100000.0,68.53,1.02,14.31
788784,PUBLIC SERVICE ENTERPRISE GROUP INC,20240630,1,1863000000.0,,,467000000.0,302000000.0,,25.07,16.21
1413447,NXP SEMICONDUCTORS N.V.,20240630,1,1804000000.0,1335000000.0,1792000000.0,896000000.0,658000000.0,99.33,49.67,36.47
1120193,"NASDAQ, INC.",20240630,1,1792000000.0,633000000.0,1159000000.0,146000000.0,222000000.0,64.68,8.15,12.39
1552000,MPLX LP,20240630,1,1775000000.0,384000000.0,1391000000.0,1419000000.0,,78.37,79.94,
945841,POOL CORP,20240630,1,1769784000.0,1239643000.0,530141000.0,271481000.0,192439000.0,29.96,15.34,10.87
317540,"COCA-COLA CONSOLIDATED, INC.",20240630,1,1766391000.0,1079233000.0,716710000.0,4115000.0,172812000.0,40.57,0.23,9.78
1041061,YUM BRANDS INC,20240630,1,1763000000.0,1000000.0,1762000000.0,607000000.0,367000000.0,99.94,34.43,20.82
100493,"TYSON FOODS, INC.",20240630,1,1720000000.0,12475000000.0,878000000.0,203000000.0,191000000.0,51.05,11.8,11.1
818686,TEVA PHARMACEUTICAL INDUSTRIES LTD,20240630,1,1714000000.0,2140000000.0,677000000.0,73000000.0,-846000000.0,39.5,4.26,-49.36
1639825,"PELOTON INTERACTIVE, INC.",20240630,4,1708700000.0,1494000000.0,1206500000.0,-529000000.0,-551900000.0,70.61,-30.96,-32.3
1563190,"COMPASS, INC.",20240630,1,1700600000.0,,,21300000.0,20700000.0,,1.25,1.22
1996810,GE VERNOVA INC.,20240630,1,1660000000.0,3853000000.0,1702000000.0,527000000.0,1294000000.0,102.53,31.75,77.95
1051470,CROWN CASTLE INC.,20240630,1,1626000000.0,2000000.0,1624000000.0,485000000.0,251000000.0,99.88,29.83,15.44
1707925,LINDE PLC,20240630,1,1616000000.0,,,474000000.0,1663000000.0,,29.33,102.91
811156,CMS ENERGY CORP,20240630,1,1607000000.0,66000000.0,1541000000.0,286000000.0,198000000.0,95.89,17.8,12.32
47111,HERSHEY CO,20240630,1,1579826000.0,1240735000.0,833745000.0,287821000.0,180894000.0,52.77,18.22,11.45
1801169,OPENDOOR TECHNOLOGIES INC.,20240630,1,1511000000.0,1382000000.0,129000000.0,-72000000.0,-92000000.0,8.54,-4.77,-6.09
1193311,ONCOR ELECTRIC DELIVERY CO LLC,20240630,1,1492000000.0,,,396000000.0,251000000.0,,26.54,16.82
55785,KIMBERLY CLARK CORP,20240630,1,1486000000.0,3219000000.0,1810000000.0,186000000.0,544000000.0,121.8,12.52,36.61
914208,INVESCO LTD.,20240630,1,1483300000.0,,,206800000.0,132200000.0,,13.94,8.91
1831097,"AGILON HEALTH, INC.",20240630,1,1482758000.0,,,-43344000.0,-30682000.0,,-2.92,-2.07
20520,"FRONTIER COMMUNICATIONS PARENT, INC.",20240630,1,1480000000.0,516000000.0,964000000.0,91000000.0,-123000000.0,65.14,6.15,-8.31
1179929,"MOLINA HEALTHCARE, INC.",20240630,1,1459000000.0,8368000000.0,-6909000000.0,434000000.0,301000000.0,-473.54,29.75,20.63
820313,AMPHENOL CORP /DE/,20240630,1,1444600000.0,2396600000.0,1213100000.0,698800000.0,524800000.0,83.97,48.37,36.33
7536,"ARROW ELECTRONICS, INC.",20240630,1,1439494000.0,6046424000.0,846444000.0,102581000.0,108698000.0,58.8,7.13,7.55
1759509,"LYFT, INC.",20240630,1,1435846000.0,819518000.0,616328000.0,-27226000.0,5014000.0,42.92,-1.9,0.35
1262039,"FORTINET, INC.",20240630,1,1434300000.0,119900000.0,1159300000.0,437200000.0,379800000.0,80.83,30.48,26.48
915913,ALBEMARLE CORP,20240630,1,1430385000.0,582200000.0,391610000.0,-492611000.0,-188198000.0,27.38,-34.44,-13.16
1591698,PAYLOCITY HOLDING CORP,20240630,4,1402515000.0,441729000.0,960786000.0,260093000.0,206766000.0,68.5,18.54,14.74
1679788,"COINBASE GLOBAL, INC.",20240630,1,1379942000.0,,,343117000.0,36150000.0,,24.86,2.62
1094285,TELEDYNE TECHNOLOGIES INC,20240630,1,1374100000.0,781500000.0,592600000.0,87200000.0,180200000.0,43.13,6.35,13.11
883902,"CORNERSTONE BUILDING BRANDS, INC.",20240630,1,1364302000.0,1047171000.0,317131000.0,70102000.0,-7221000.0,23.24,5.14,-0.53
1596532,"ARISTA NETWORKS, INC.",20240630,1,1362700000.0,52794000.0,1097213000.0,699573000.0,665428000.0,80.52,51.34,48.83
1616862,AXALTA COATING SYSTEMS LTD.,20240630,1,1351000000.0,891000000.0,460000000.0,205000000.0,112000000.0,34.05,15.17,8.29
793952,"HARLEY-DAVIDSON, INC.",20240630,1,1348906000.0,0.0,1348906000.0,-28166000.0,165594000.0,100.0,-2.09,12.28
1527508,PACTIV EVERGREEN INC.,20240630,1,1342000000.0,1115000000.0,223000000.0,97000000.0,19000000.0,16.62,7.23,1.42
1297996,"DIGITAL REALTY TRUST, INC.",20240630,1,1338968000.0,,,9889000.0,81720000.0,,0.74,6.1
946581,TAKE TWO INTERACTIVE SOFTWARE INC,20240630,1,1338200000.0,567100000.0,771100000.0,-184900000.0,-262000000.0,57.62,-13.82,-19.58
1323468,GLOBAL PARTNERS LP,20240630,1,1316548000.0,4121814000.0,287884000.0,83869000.0,3802000.0,21.87,6.37,0.29
764622,PINNACLE WEST CAPITAL CORP,20240630,1,1308994000.0,,,313747000.0,,,23.97,
802481,PILGRIMS PRIDE CORP,20240630,1,1301541000.0,3867688000.0,691626000.0,0.0,326303000.0,53.14,0.0,25.07
1012019,RUSH ENTERPRISES INC TX,20240630,1,1300308000.0,1634639000.0,392389000.0,124481000.0,78661000.0,30.18,9.57,6.05
1103982,"MONDELEZ INTERNATIONAL, INC.",20240630,1,1293000000.0,5546000000.0,2797000000.0,144000000.0,601000000.0,216.32,11.14,46.48
1786352,"BILL HOLDINGS, INC.",20240630,4,1290172000.0,234616000.0,1055556000.0,-174164000.0,-28878000.0,81.82,-13.5,-2.24
858470,COTERRA ENERGY INC.,20240630,1,1271000000.0,,,296000000.0,220000000.0,,23.29,17.31
1320414,SELECT MEDICAL HOLDINGS CORP,20240630,1,1269178000.0,,,19630000.0,77563000.0,,1.55,6.11
749251,GARTNER INC,20240630,1,1265992000.0,513314000.0,752678000.0,933121000.0,229548000.0,59.45,73.71,18.13
1857475,DOLE PLC,20240630,1,1254172000.0,7839000.0,200586000.0,85888000.0,80117000.0,15.99,6.85,6.39
827054,MICROCHIP TECHNOLOGY INC,20240630,1,1241300000.0,504400000.0,714700000.0,219100000.0,129300000.0,57.58,17.65,10.42
1128928,FLOWERS FOODS INC,20240630,1,1224983000.0,,,95212000.0,66967000.0,,7.77,5.47
1543151,"UBER TECHNOLOGIES, INC",20240630,1,1209000000.0,,,796000000.0,1015000000.0,,65.84,83.95
1650372,ATLASSIAN CORP,20240630,4,1208498000.0,803495000.0,3555108000.0,-117077000.0,-118932000.0,294.18,-9.69,-9.84
1703056,ADT INC.,20240630,1,1204559000.0,,,284175000.0,92394000.0,,23.59,7.67
1043604,JUNIPER NETWORKS INC,20240630,1,1189600000.0,356200000.0,688500000.0,45000000.0,34100000.0,57.88,3.78,2.87
1043509,SONIC AUTOMOTIVE INC,20240630,1,1186200000.0,25200000.0,539100000.0,107700000.0,41200000.0,45.45,9.08,3.47
1047127,"AMKOR TECHNOLOGY, INC.",20240630,1,1179843000.0,1249099000.0,212375000.0,81527000.0,13000000.0,18.0,6.91,1.1
1478242,IQVIA HOLDINGS INC.,20240630,1,1178000000.0,,,520000000.0,363000000.0,,44.14,30.81
1408710,FABRINET,20240630,4,1150307000.0,2526849000.0,356118000.0,277605000.0,296181000.0,30.96,24.13,25.75
91767,SONOCO PRODUCTS CO,20240630,1,1140557000.0,64000.0,357354000.0,66958000.0,90811000.0,31.33,5.87,7.96
2013745,"CALUMET, INC. /DE",20240630,1,1133700000.0,179200000.0,63800000.0,-4500000.0,-38300000.0,5.63,-0.4,-3.38
1507079,"FLOOR & DECOR HOLDINGS, INC.",20240630,1,1133139000.0,642105000.0,491034000.0,71328000.0,56666000.0,43.33,6.29,5.0
1771515,GROCERY OUTLET HOLDING CORP.,20240630,1,1128520000.0,779280000.0,349240000.0,26105000.0,14001000.0,30.95,2.31,1.24
1067701,"UNITED RENTALS, INC.",20240630,1,1120000000.0,2255000000.0,802000000.0,1004000000.0,636000000.0,71.61,89.64,56.79
1546417,"BLOOMIN' BRANDS, INC.",20240630,1,1118866000.0,336063000.0,782803000.0,46131000.0,28403000.0,69.96,4.12,2.54
1694028,LIBERTY ENERGY INC.,20240630,1,1118263000.0,835798000.0,282465000.0,141833000.0,108421000.0,25.26,12.68,9.7
1316835,"BUILDERS FIRSTSOURCE, INC.",20240630,1,1115340000.0,2993656000.0,1462684000.0,489483000.0,344090000.0,131.14,43.89,30.85
29989,OMNICOM GROUP INC.,20240630,1,1101900000.0,3172100000.0,-2070200000.0,510300000.0,328100000.0,-187.88,46.31,29.78
1823584,ALLIANCE ENTERTAINMENT HOLDING CORP,20240630,4,1100483000.0,,,14141000.0,,,1.28,
1286681,DOMINOS PIZZA INC,20240630,1,1097736000.0,76059000.0,437031000.0,196103000.0,141978000.0,39.81,17.86,12.93
1018963,ATI INC,20240630,1,1095300000.0,-2300000.0,227400000.0,142600000.0,81900000.0,20.76,13.02,7.48
894405,ARCBEST CORP /DE/,20240630,1,1077831000.0,,,-9498000.0,46924000.0,,-0.88,4.35
1796209,API GROUP CORP,20240630,1,1074000000.0,1186000000.0,544000000.0,-48000000.0,2000000.0,50.65,-4.47,0.19
1530721,CAPRI HOLDINGS LTD,20240630,1,1067000000.0,,689000000.0,-8000000.0,-14000000.0,64.57,-0.75,-1.31
1109448,ALLIANCEBERNSTEIN L.P.,20240630,1,1049756000.0,179908000.0,869848000.0,199289000.0,309572000.0,82.86,18.98,29.49
102729,VALMONT INDUSTRIES INC,20240630,1,1044445000.0,67724000.0,320282000.0,-26244000.0,99716000.0,30.67,-2.51,9.55
37785,FMC CORP,20240630,1,1038400000.0,-1800000.0,398100000.0,62300000.0,295100000.0,38.34,6.0,28.42
1795250,SPHERE ENTERTAINMENT CO.,20240630,4,1026889000.0,,,-341241000.0,-200649000.0,,-33.23,-19.54
1650164,"TOAST, INC.",20240630,1,1023000000.0,956000000.0,286000000.0,5000000.0,14000000.0,27.96,0.49,1.37
1123360,GLOBAL PAYMENTS INC,20240630,1,1016590000.0,938484000.0,78106000.0,-210277000.0,374760000.0,7.68,-20.68,36.86
21665,COLGATE PALMOLIVE CO,20240630,1,1002000000.0,1992000000.0,3066000000.0,195000000.0,731000000.0,305.99,19.46,72.95
1307954,HUNTSMAN CORP,20240630,1,1001000000.0,1331000000.0,243000000.0,34000000.0,22000000.0,24.28,3.4,2.2
1361538,PRIMORIS SERVICES CORP,20240630,1,989349000.0,1377005000.0,64066000.0,86070000.0,49543000.0,6.48,8.7,5.01
1361658,TRAVEL & LEISURE CO.,20240630,1,985000000.0,21000000.0,964000000.0,189000000.0,129000000.0,97.87,19.19,13.1
1069202,LENNOX INTERNATIONAL INC,20240630,1,982300000.0,962900000.0,488200000.0,320100000.0,245900000.0,49.7,32.59,25.03
2001184,"PACS GROUP, INC.",20240630,1,981846000.0,762147000.0,219699000.0,710000.0,-10910000.0,22.38,0.07,-1.11
1140536,WILLIS TOWERS WATSON PLC,20240630,1,979000000.0,,,276000000.0,141000000.0,,28.19,14.4
1579241,ALLEGION PLC,20240630,1,965600000.0,537300000.0,428300000.0,17700000.0,155400000.0,44.36,1.83,16.09
1365135,WESTERN UNION CO,20240630,1,965000000.0,663900000.0,301100000.0,190700000.0,141000000.0,31.2,19.76,14.61
1413329,PHILIP MORRIS INTERNATIONAL INC.,20240630,1,961000000.0,3345000000.0,6123000000.0,891000000.0,2406000000.0,637.15,92.72,250.36
817720,SYNAPTICS INC,20240630,4,959400000.0,519600000.0,439800000.0,-101600000.0,125600000.0,45.84,-10.59,13.09
33213,EQT CORP,20240630,1,952512000.0,543067000.0,409445000.0,2971000.0,9517000.0,42.99,0.31,1.0
849399,GEN DIGITAL INC.,20240630,1,951000000.0,190000000.0,775000000.0,417000000.0,181000000.0,81.49,43.85,19.03
1113169,PRICE T ROWE GROUP INC,20240630,1,948900000.0,,,564700000.0,483400000.0,,59.51,50.94
1368458,"SALLY BEAUTY HOLDINGS, INC.",20240630,1,942340000.0,461457000.0,480883000.0,71770000.0,37724000.0,51.03,7.62,4.0
789570,MGM RESORTS INTERNATIONAL,20240630,1,927138000.0,11875000.0,915263000.0,425656000.0,187072000.0,98.72,45.91,20.18
48898,HUBBELL INC,20240630,1,926500000.0,100000.0,508700000.0,105100000.0,213600000.0,54.91,11.34,23.05
1043277,"C. H. ROBINSON WORLDWIDE, INC.",20240630,1,921223000.0,325556000.0,595667000.0,40982000.0,126251000.0,64.66,4.45,13.7
1702780,"ALTICE USA, INC.",20240630,1,914989000.0,719460000.0,195529000.0,33143000.0,15361000.0,21.37,3.62,1.68
879169,INCYTE CORP,20240630,1,906566000.0,76634000.0,829932000.0,-478130000.0,-444601000.0,91.55,-52.74,-49.04
216228,ITT INC.,20240630,1,905900000.0,589800000.0,316100000.0,35400000.0,119200000.0,34.89,3.91,13.16
4127,SKYWORKS SOLUTIONS INC,20240630,1,905500000.0,8900000.0,364100000.0,130400000.0,11300000.0,40.21,14.4,1.25
1670076,"FRONTIER GROUP HOLDINGS, INC.",20240630,1,904000000.0,,,25000000.0,31000000.0,,2.77,3.43
1618756,RESTAURANT BRANDS INTERNATIONAL INC.,20240630,1,902000000.0,540000000.0,362000000.0,663000000.0,,40.13,73.5,
107815,WISCONSIN ELECTRIC POWER CO,20240630,1,902000000.0,279900000.0,622100000.0,213400000.0,,68.97,23.66,
1012100,SEALED AIR CORP/DE,20240630,1,893800000.0,929100000.0,416000000.0,205600000.0,98300000.0,46.54,23.0,11.0
1315098,ROBLOX CORP,20240630,1,893543000.0,198557000.0,694986000.0,-237949000.0,-205883000.0,77.78,-26.63,-23.04
1834584,"COUPANG, INC.",20240630,1,892000000.0,5181000000.0,-4289000000.0,-25000000.0,-77000000.0,-480.83,-2.8,-8.63
1389170,TARGA RESOURCES CORP.,20240630,1,872900000.0,2197400000.0,-1324500000.0,627200000.0,298500000.0,-151.74,71.85,34.2
1385157,TE CONNECTIVITY LTD.,20240630,1,870000000.0,2593000000.0,1386000000.0,153000000.0,573000000.0,159.31,17.59,65.86
1968915,PHINIA INC.,20240630,1,868000000.0,680000000.0,188000000.0,53000000.0,14000000.0,21.66,6.11,1.61
891103,"MATCH GROUP, INC.",20240630,1,864066000.0,244988000.0,619078000.0,204526000.0,,71.65,23.67,
1794783,"SELECTQUOTE, INC.",20240630,4,856923000.0,405004000.0,451919000.0,64550000.0,-34125000.0,52.74,7.53,-3.98
1520006,MATADOR RESOURCES CO,20240630,1,847136000.0,37258000.0,809878000.0,363620000.0,228769000.0,95.6,42.92,27.0
1669779,"CAMPING WORLD HOLDINGS, INC.",20240630,1,847105000.0,1241654000.0,-394549000.0,64154000.0,9771000.0,-46.58,7.57,1.15
1262823,WESTLAKE CORP,20240630,1,836000000.0,2543000000.0,664000000.0,157000000.0,313000000.0,79.43,18.78,37.44
68622,QWEST CORP,20240630,1,829000000.0,373000000.0,456000000.0,530000000.0,378000000.0,55.01,63.93,45.6
1820953,"AFFIRM HOLDINGS, INC.",20240630,4,826008000.0,,,-615847000.0,-86968000.0,,-74.56,-10.53
1177702,SAIA INC,20240630,1,823244000.0,,,137593000.0,102519000.0,,16.71,12.45
1579091,MAPLEBEAR INC.,20240630,1,823000000.0,200000000.0,623000000.0,52000000.0,61000000.0,75.7,6.32,7.41
1932393,GE HEALTHCARE TECHNOLOGIES INC.,20240630,1,823000000.0,792000000.0,2002000000.0,608000000.0,428000000.0,243.26,73.88,52.0
916076,MARTIN MARIETTA MATERIALS INC,20240630,1,823000000.0,1247000000.0,501000000.0,-47000000.0,294000000.0,60.87,-5.71,35.72
779152,JACK HENRY & ASSOCIATES INC,20240630,4,817708000.0,1299477000.0,-481769000.0,489391000.0,381816000.0,-58.92,59.85,46.69
1289490,EXTRA SPACE STORAGE INC.,20240630,1,810663000.0,196902000.0,613761000.0,500198000.0,185872000.0,75.71,61.7,22.93
1704715,"ALPHA METALLURGICAL RESOURCES, INC.",20240630,1,803969000.0,,,70676000.0,58909000.0,,8.79,7.33
717423,MURPHY OIL CORP,20240630,1,802771000.0,2987000.0,799784000.0,184322000.0,127739000.0,99.63,22.96,15.91
1575515,"SPROUTS FARMERS MARKET, INC.",20240630,1,802545000.0,1175154000.0,718365000.0,127317000.0,95289000.0,89.51,15.86,11.87
1060955,ICON PLC,20240630,1,792370000.0,,,39629000.0,146910000.0,,5.0,18.54
1332349,BROOKDALE SENIOR LIVING INC.,20240630,1,777541000.0,35216000.0,742325000.0,19162000.0,-37727000.0,95.47,2.46,-4.85
277135,"W.W. GRAINGER, INC.",20240630,1,776000000.0,2618000000.0,1694000000.0,591000000.0,470000000.0,218.3,76.16,60.57
793074,WERNER ENTERPRISES INC,20240630,1,760798000.0,,,19611000.0,9465000.0,,2.58,1.24
784977,PORTLAND GENERAL ELECTRIC CO /OR/,20240630,1,758000000.0,,,116000000.0,,,15.3,
1124941,BEACON ROOFING SUPPLY INC,20240630,1,745100000.0,1990900000.0,683700000.0,215800000.0,127200000.0,91.76,28.96,17.07
1335258,"LIVE NATION ENTERTAINMENT, INC.",20240630,1,730677000.0,,,465819000.0,297970000.0,,63.75,40.78
1142417,"NEXSTAR MEDIA GROUP, INC.",20240630,1,719000000.0,,,453000000.0,34000000.0,,63.0,4.73
821130,UNITED STATES CELLULAR CORP,20240630,1,718000000.0,0.0,718000000.0,408000000.0,17000000.0,100.0,56.82,2.37
1282637,NEWMARKET CORP,20240630,1,710228000.0,491773000.0,218455000.0,151417000.0,111620000.0,30.76,21.32,15.72
1852131,NEXTRACKER INC.,20240630,1,709201000.0,482481000.0,237440000.0,160094000.0,121700000.0,33.48,22.57,17.16
1311370,"LAZARD, INC.",20240630,1,707991000.0,,,-26926000.0,49909000.0,,-3.8,7.05
1326141,LAZARD GROUP LLC,20240630,1,707704000.0,,,50082000.0,47254000.0,,7.08,6.68
1447669,TWILIO INC,20240630,1,706451000.0,526657000.0,555845000.0,-19037000.0,-31858000.0,78.68,-2.69,-4.51
46765,"HELMERICH & PAYNE, INC.",20240630,1,697724000.0,,,-616000.0,88685000.0,,-0.09,12.71
1849253,"RYAN SPECIALTY HOLDINGS, INC.",20240630,1,695441000.0,,,164368000.0,46787000.0,,23.64,6.73
1895262,NOBLE CORP PLC,20240630,1,692844000.0,,,209959000.0,195008000.0,,30.3,28.15
1810019,"RACKSPACE TECHNOLOGY, INC.",20240630,1,684900000.0,553500000.0,131400000.0,69700000.0,25000000.0,19.19,10.18,3.65
1672013,ACUSHNET HOLDINGS CORP.,20240630,1,683867000.0,312113000.0,371754000.0,7873000.0,71428000.0,54.36,1.15,10.44
1832466,"ALIGNMENT HEALTHCARE, INC.",20240630,1,681286000.0,,,-18382000.0,-24010000.0,,-2.7,-3.52
1130310,CENTERPOINT ENERGY INC,20240630,1,679000000.0,0.0,679000000.0,117000000.0,47000000.0,100.0,17.23,6.92
51644,"INTERPUBLIC GROUP OF COMPANIES, INC.",20240630,1,677800000.0,2298900000.0,-1621100000.0,318200000.0,214500000.0,-239.17,46.95,31.65
1941365,"MASTERBRAND, INC.",20240630,1,676500000.0,445500000.0,231000000.0,77800000.0,45300000.0,34.15,11.5,6.7
1521332,APTIV PLC,20240630,1,676000000.0,44000000.0,632000000.0,107000000.0,51000000.0,93.49,15.83,7.54
1443646,BOOZ ALLEN HAMILTON HOLDING CORP,20240630,1,670568000.0,1371234000.0,-700666000.0,255164000.0,165233000.0,-104.49,38.05,24.64
1362468,ALLEGIANT TRAVEL CO,20240630,1,666283000.0,,,-12059000.0,13699000.0,,-1.81,2.06
1617406,PARK HOTELS & RESORTS INC.,20240630,1,664000000.0,121000000.0,543000000.0,121000000.0,64000000.0,81.78,18.22,9.64
1021635,OGE ENERGY CORP.,20240630,1,662600000.0,0.0,662600000.0,176100000.0,109300000.0,100.0,26.58,16.5
1034054,SBA COMMUNICATIONS CORP,20240630,1,660477000.0,27137000.0,633340000.0,313323000.0,162830000.0,95.89,47.44,24.65
1839439,"PAYCOR HCM, INC.",20240630,4,654948000.0,223235000.0,431713000.0,-55451000.0,-58942000.0,65.92,-8.47,-9.0
1157408,"STRIDE, INC.",20240630,4,651191000.0,1276466000.0,763603000.0,249600000.0,204183000.0,117.26,38.33,31.36
1370637,ETSY INC,20240630,1,647806000.0,184090000.0,463716000.0,70169000.0,53005000.0,71.58,10.83,8.18
1378992,"BERRY GLOBAL GROUP, INC.",20240630,1,647000000.0,2560000000.0,-1913000000.0,103000000.0,193000000.0,-295.67,15.92,29.83
912728,FORWARD AIR CORP,20240630,1,643666000.0,,,-17147000.0,-645433000.0,,-2.66,-100.27
1604778,"QORVO, INC.",20240630,1,642350000.0,554367000.0,332304000.0,4606000.0,414000.0,51.73,0.72,0.06
1262976,CIMPRESS PLC,20240630,4,634905000.0,1695062000.0,-1060157000.0,247351000.0,173682000.0,-166.98,38.96,27.36
893538,SM ENERGY CO,20240630,1,634555000.0,,,279380000.0,210293000.0,,44.03,33.14
1467623,"DROPBOX, INC.",20240630,1,634500000.0,107000000.0,527500000.0,127000000.0,83100000.0,83.14,20.02,13.1
1506293,"PINTEREST, INC.",20240630,1,633607000.0,184856000.0,448751000.0,-21441000.0,8887000.0,70.82,-3.38,1.4
1690680,"NEWMARK GROUP, INC.",20240630,1,633375000.0,,,40719000.0,14280000.0,,6.43,2.25
764065,CLEVELAND-CLIFFS INC.,20240630,1,632000000.0,4930000000.0,-4298000000.0,6000000.0,,-680.06,0.95,
1237831,GLOBUS MEDICAL INC,20240630,1,629691000.0,260040000.0,369651000.0,49622000.0,31760000.0,58.7,7.88,5.04
1048286,MARRIOTT INTERNATIONAL INC /MD/,20240630,1,629000000.0,296000000.0,333000000.0,47000000.0,772000000.0,52.94,7.47,122.73
1828016,PLAYTIKA HOLDING CORP.,20240630,1,627000000.0,168200000.0,458800000.0,140700000.0,86600000.0,73.17,22.44,13.81
1101239,EQUINIX INC,20240630,1,624000000.0,1082000000.0,-458000000.0,436000000.0,301000000.0,-73.4,69.87,48.24
70866,NCR VOYIX CORP,20240630,1,620000000.0,453000000.0,167000000.0,-4000000.0,-73000000.0,26.94,-0.65,-11.77
853816,LANDSTAR SYSTEM INC,20240630,1,618940000.0,,,50771000.0,52624000.0,,8.2,8.5
1037038,RALPH LAUREN CORP,20240630,1,615500000.0,-2200000.0,1065800000.0,208500000.0,168600000.0,173.16,33.87,27.39
1529864,"ENOVA INTERNATIONAL, INC.",20240630,1,615161000.0,,370191000.0,145056000.0,53911000.0,60.18,23.58,8.76
1320695,"TREEHOUSE FOODS, INC.",20240630,1,607500000.0,660200000.0,128300000.0,-4000000.0,-16700000.0,21.12,-0.66,-2.75
1117297,"QUINSTREET, INC",20240630,4,607373000.0,567268000.0,46246000.0,-28065000.0,-31331000.0,7.61,-4.62,-5.16
63276,MATTEL INC /DE/,20240630,1,606480000.0,548992000.0,530736000.0,83207000.0,-1707000.0,87.51,13.72,-0.28
939767,"EXELIXIS, INC.",20240630,1,604291000.0,17667000.0,586624000.0,275874000.0,226116000.0,97.08,45.65,37.42
1455863,AMERICOLD REALTY TRUST,20240630,1,600387000.0,7829000.0,592558000.0,63368000.0,-64109000.0,98.7,10.55,-10.68
883984,ICU MEDICAL INC/DE,20240630,1,596455000.0,389027000.0,207428000.0,7692000.0,-21406000.0,34.78,1.29,-3.59
19584,CHEMED CORP,20240630,1,595880000.0,389750000.0,206130000.0,88125000.0,70887000.0,34.59,14.79,11.9
730464,ADTALEM GLOBAL EDUCATION INC.,20240630,4,595332000.0,698548000.0,-103216000.0,217054000.0,136777000.0,-17.34,36.46,22.97
1808834,"PROG HOLDINGS, INC.",20240630,1,592161000.0,,,55678000.0,33774000.0,,9.4,5.7
914475,NEUROCRINE BIOSCIENCES INC,20240630,1,590200000.0,9200000.0,581000000.0,145400000.0,65000000.0,98.44,24.64,11.01
915840,BEAZER HOMES USA INC,20240630,1,589643000.0,,103304000.0,-38971000.0,27210000.0,17.52,-6.61,4.61
1959348,WK KELLOGG CO,20240630,1,588000000.0,476000000.0,112000000.0,47000000.0,31000000.0,19.05,7.99,5.27
1671933,"TRADE DESK, INC.",20240630,1,584550000.0,110459000.0,474091000.0,94720000.0,85029000.0,81.1,16.2,14.55
949870,BOSTON BEER CO INC,20240630,1,579098000.0,312640000.0,266458000.0,70815000.0,52339000.0,46.01,12.23,9.04
1355096,"QURATE RETAIL, INC.",20240630,1,576000000.0,,,165000000.0,20000000.0,,28.65,3.47
1865782,"BRIGHTSPRING HEALTH SERVICES, INC.",20240630,1,570200000.0,,389033000.0,62414000.0,19919000.0,68.23,10.95,3.49
943452,WESTINGHOUSE AIR BRAKE TECHNOLOGIES CORP,20240630,1,570000000.0,1490000000.0,874000000.0,430000000.0,289000000.0,153.33,75.44,50.7
1821806,"LESLIE'S, INC.",20240630,1,569638000.0,340798000.0,228840000.0,97695000.0,0.0,40.17,17.15,0.0
1384905,"RINGCENTRAL, INC.",20240630,1,567058000.0,148107000.0,416237000.0,-5359000.0,-14753000.0,73.4,-0.95,-2.6
788816,OGLETHORPE POWER CORP,20240630,1,564090000.0,,,125140000.0,,,22.18,
1336920,"LEIDOS HOLDINGS, INC.",20240630,1,561000000.0,3427000000.0,-2866000000.0,307000000.0,322000000.0,-510.87,54.72,57.4
1104485,"NORTHERN OIL & GAS, INC.",20240630,1,560766000.0,100859000.0,459907000.0,218936000.0,138556000.0,82.01,39.04,24.71
1665918,US FOODS HOLDING CORP.,20240630,1,558000000.0,8003000000.0,1706000000.0,353000000.0,198000000.0,305.73,63.26,35.48
1124198,FLUOR CORP,20240630,1,558000000.0,4049000000.0,178000000.0,0.0,169000000.0,31.9,0.0,30.29
1219601,"CROWN HOLDINGS, INC.",20240630,1,550000000.0,,,243000000.0,174000000.0,,44.18,31.64
1724965,TALOS ENERGY INC.,20240630,1,549165000.0,,,54370000.0,12381000.0,,9.9,2.25
1722482,"AVANTOR, INC.",20240630,1,547100000.0,1121300000.0,581500000.0,175800000.0,92900000.0,106.29,32.13,16.98
1929561,"RXO, INC.",20240630,1,543000000.0,,,0.0,-7000000.0,,0.0,-1.29
1772921,ONEWATER MARINE INC.,20240630,1,542441000.0,48770000.0,493671000.0,39999000.0,14683000.0,91.01,7.37,2.71
1122976,AVIENT CORP,20240630,1,542000000.0,592100000.0,257600000.0,72500000.0,33600000.0,47.53,13.38,6.2
1673358,"YUM CHINA HOLDINGS, INC.",20240630,1,540000000.0,92000000.0,448000000.0,40000000.0,212000000.0,82.96,7.41,39.26
1301787,BLUELINX HOLDINGS INC.,20240630,1,539466000.0,645919000.0,122444000.0,23847000.0,14336000.0,22.7,4.42,2.66
1423902,"WESTERN MIDSTREAM PARTNERS, LP",20240630,1,534100000.0,,,469749000.0,387259000.0,,87.95,72.51
1486957,"BWX TECHNOLOGIES, INC.",20240630,1,533715000.0,191000.0,533524000.0,109148000.0,72972000.0,99.96,20.45,13.67
1387467,ALPHA & OMEGA SEMICONDUCTOR LTD,20240630,4,524788000.0,485356000.0,171918000.0,-3756000.0,-11081000.0,32.76,-0.72,-2.11
1747079,BALLY'S CORP,20240630,1,524751000.0,236170000.0,288581000.0,5573000.0,-60196000.0,54.99,1.06,-11.47
1932770,QUANTASING GROUP LTD,20240630,4,522255000.0,75725000.0,-1878000.0,-5723000.0,53050000.0,-0.36,-1.1,10.16
913241,"STEVEN MADDEN, LTD.",20240630,1,521709000.0,306424000.0,1844000.0,15554000.0,35376000.0,0.35,2.98,6.78
313927,CHURCH & DWIGHT CO INC /DE/,20240630,1,517400000.0,799100000.0,712100000.0,336900000.0,0.0,137.63,65.11,0.0
33185,EQUIFAX INC,20240630,1,515900000.0,,,282200000.0,163900000.0,,54.7,31.77
1772016,"BELLRING BRANDS, INC.",20240630,1,515400000.0,325500000.0,189900000.0,111600000.0,73700000.0,36.85,21.65,14.3
1302215,"HOULIHAN LOKEY, INC.",20240630,1,513609000.0,,,95568000.0,88940000.0,,18.61,17.32
1802768,ROYALTY PHARMA PLC,20240630,1,512865000.0,,,269630000.0,102004000.0,,52.57,19.89
1599617,DNOW INC.,20240630,1,512000000.0,495000000.0,17000000.0,2000000.0,24000000.0,3.32,0.39,4.69
1175454,"CORPAY, INC.",20240630,1,510278000.0,,,433339000.0,251625000.0,,84.92,49.31
1442145,"VERISK ANALYTICS, INC.",20240630,1,507500000.0,219400000.0,288100000.0,318700000.0,308100000.0,56.77,62.8,60.71
1820872,"GLOBAL BUSINESS TRAVEL GROUP, INC.",20240630,1,506000000.0,,,42000000.0,,,8.3,
895126,CHESAPEAKE ENERGY CORP,20240630,1,505000000.0,141000000.0,364000000.0,-294000000.0,-227000000.0,72.08,-58.22,-44.95
1832332,"AVEANNA HEALTHCARE HOLDINGS, INC.",20240630,1,504958000.0,,,37126000.0,13906000.0,,7.35,2.75
72162,NL INDUSTRIES INC,20240630,1,500500000.0,400300000.0,11165000.0,35900000.0,19500000.0,2.23,7.17,3.9
879101,KIMCO REALTY CORP,20240630,1,500231000.0,,,160710000.0,119929000.0,,32.13,23.97
1564902,UNITED PARKS & RESORTS INC.,20240630,1,497593000.0,,,164384000.0,91124000.0,,33.04,18.31
910406,HAIN CELESTIAL GROUP INC,20240630,4,497150000.0,9000.0,380832000.0,-18948000.0,-75042000.0,76.6,-3.81,-15.09
1820302,"BAKKT HOLDINGS, INC.",20240630,1,497141000.0,,,-22017000.0,-16424000.0,,-4.43,-3.3
1526520,"TRIPADVISOR, INC.",20240630,1,497000000.0,,,36000000.0,24000000.0,,7.24,4.83
1967680,VERALTO CORP,20240630,1,494000000.0,514000000.0,774000000.0,299000000.0,203000000.0,156.68,60.53,41.09
1622536,TALEN ENERGY CORP,20240630,1,489000000.0,,,27000000.0,,,5.52,
884713,PRIMO WATER CORP /CN/,20240630,1,485000000.0,167000000.0,318000000.0,72900000.0,0.0,65.57,15.03,0.0
56047,KIRBY CORP,20240630,1,484808000.0,,,120498000.0,83854000.0,,24.85,17.3
1034670,AUTOLIV INC,20240630,1,483000000.0,2130000000.0,475000000.0,206000000.0,138000000.0,98.34,42.65,28.57
277638,DAVEY TREE EXPERT CO,20240630,1,481654000.0,,,46478000.0,29720000.0,,9.65,6.17
48287,HNI CORP,20240630,1,480200000.0,362400000.0,261300000.0,19800000.0,100000.0,54.41,4.12,0.02
1334036,"CROCS, INC.",20240630,1,478708000.0,429586000.0,681916000.0,-72161000.0,228907000.0,142.45,-15.07,47.82
1336047,"BOARDWALK PIPELINE PARTNERS, LP",20240630,1,477500000.0,,,134800000.0,97400000.0,,28.23,20.4
1877322,ESAB CORP,20240630,1,475394000.0,436738000.0,270315000.0,119355000.0,82907000.0,56.86,25.11,17.44
1711269,"EVERGY, INC.",20240630,1,474000000.0,,,358100000.0,121400000.0,,75.55,25.61
30697,WENDY'S CO,20240630,1,472591000.0,199886000.0,272705000.0,10675000.0,0.0,57.7,2.26,0.0
1766363,"ENDEAVOR GROUP HOLDINGS, INC.",20240630,1,472221000.0,,,111479000.0,-214518000.0,,23.61,-45.43
1108109,COMMUNITY HEALTH SYSTEMS INC,20240630,1,465000000.0,483000000.0,-18000000.0,238000000.0,-13000000.0,-3.87,51.18,-2.8
922224,PPL CORP,20240630,1,464000000.0,,,126000000.0,134000000.0,,27.16,28.88
1606757,"KIMBALL ELECTRONICS, INC.",20240630,4,462400000.0,1574253000.0,140257000.0,49277000.0,-71000.0,30.33,10.66,-0.02
1579877,OUTFRONT MEDIA INC.,20240630,1,461000000.0,,,229100000.0,176800000.0,,49.7,38.35
1973266,"TKO GROUP HOLDINGS, INC.",20240630,1,456803000.0,,,254948000.0,59107000.0,,55.81,12.94
1561550,"DATADOG, INC.",20240630,1,448002000.0,123499000.0,521780000.0,12618000.0,43824000.0,116.47,2.82,9.78
1138723,ACCURAY INC,20240630,4,446551000.0,59853000.0,142921000.0,504000.0,-15545000.0,32.01,0.11,-3.48
1065696,LKQ CORP,20240630,1,445000000.0,2270000000.0,1441000000.0,329000000.0,185000000.0,323.82,73.93,41.57
920522,"ESSEX PROPERTY TRUST, INC.",20240630,1,442355000.0,,,137450000.0,,,31.07,
103379,V F CORP,20240630,1,441881000.0,915643000.0,-473762000.0,-83415000.0,-258886000.0,-107.21,-18.88,-58.59
1528129,"VITAL ENERGY, INC.",20240630,1,441667000.0,5088000.0,436579000.0,117835000.0,36702000.0,98.85,26.68,8.31
50863,INTEL CORP,20240630,1,440000000.0,8286000000.0,4547000000.0,47000000.0,-1610000000.0,1033.41,10.68,-365.91
703604,"DISTRIBUTION SOLUTIONS GROUP, INC.",20240630,1,439536000.0,288009000.0,151527000.0,6129000.0,1896000.0,34.47,1.39,0.43
1097149,ALIGN TECHNOLOGY INC,20240630,1,438533000.0,305862000.0,722628000.0,370416000.0,96564000.0,164.78,84.47,22.02
712034,ACCO BRANDS CORP,20240630,1,438300000.0,285700000.0,152600000.0,-10300000.0,-4100000.0,34.82,-2.35,-0.94
1000697,WATERS CORP /DE/,20240630,1,435144000.0,112408000.0,322736000.0,189112000.0,,74.17,43.46,
275880,PARSONS CORP,20240630,1,434163000.0,1318931000.0,-884768000.0,-22433000.0,0.0,-203.79,-5.17,0.0
76282,PARK OHIO HOLDINGS CORP,20240630,1,432600000.0,359400000.0,73200000.0,32200000.0,11900000.0,16.92,7.44,2.75
831641,TETRA TECH INC,20240630,1,432242000.0,234742000.0,223172000.0,128630000.0,,51.63,29.76,
1565687,"INTAPP, INC.",20240630,4,430523000.0,59831000.0,306862000.0,-32191000.0,-32021000.0,71.28,-7.48,-7.44
1590955,"PAYCOM SOFTWARE, INC.",20240630,1,430400000.0,83884000.0,346516000.0,95140000.0,67970000.0,80.51,22.11,15.79
1514705,"SUNCOKE ENERGY, INC.",20240630,1,429300000.0,,,34700000.0,21500000.0,,8.08,5.01
1723128,"AMNEAL PHARMACEUTICALS, INC.",20240630,1,427328000.0,0.0,249947000.0,26850000.0,5994000.0,58.49,6.28,1.4
908255,BORGWARNER INC,20240630,1,427000000.0,12000000.0,685000000.0,297000000.0,3000000.0,160.42,69.56,0.7
1512673,"BLOCK, INC.",20240630,1,423689000.0,3922083000.0,2233480000.0,306562000.0,195268000.0,527.15,72.36,46.09
1610250,"BOOT BARN HOLDINGS, INC.",20240630,1,423386000.0,266637000.0,156749000.0,50222000.0,38909000.0,37.02,11.86,9.19
1725057,"DAYFORCE, INC.",20240630,1,423300000.0,236500000.0,186800000.0,14100000.0,-1800000.0,44.13,3.33,-0.43
790526,"RADNET, INC.",20240630,1,422745000.0,,,34846000.0,-2982000.0,,8.24,-0.71
1306830,CELANESE CORP,20240630,1,420000000.0,2010000000.0,641000000.0,0.0,155000000.0,152.62,0.0,36.9
37472,FLEXSTEEL INDUSTRIES INC,20240630,4,412752000.0,325508000.0,87244000.0,17080000.0,10528000.0,21.14,4.14,2.55
1604821,"NATERA, INC.",20240630,1,411364000.0,169850000.0,241514000.0,-43902000.0,-37464000.0,58.71,-10.67,-9.11
17843,CARPENTER TECHNOLOGY CORP,20240630,4,411000000.0,,584300000.0,323100000.0,186500000.0,142.17,78.61,45.38
71691,NEW YORK TIMES CO,20240630,1,410015000.0,,,79410000.0,65540000.0,,19.37,15.98
746515,EXPEDITORS INTERNATIONAL OF WASHINGTON INC,20240630,1,409455000.0,,,21621000.0,175469000.0,,5.28,42.85
1674101,VERTIV HOLDINGS CO,20240630,1,409100000.0,230600000.0,178500000.0,336000000.0,178100000.0,43.63,82.13,43.53
106535,WEYERHAEUSER CO,20240630,1,409000000.0,1535000000.0,404000000.0,270000000.0,173000000.0,98.78,66.01,42.3
277509,FEDERAL SIGNAL CORP /DE/,20240630,1,408800000.0,346400000.0,144000000.0,-10100000.0,60800000.0,35.23,-2.47,14.87
1386278,GREEN DOT CORP,20240630,1,407121000.0,,,-23667000.0,-28715000.0,,-5.81,-7.05
1451505,TRANSOCEAN LTD.,20240630,1,406000000.0,534000000.0,-128000000.0,-59000000.0,-123000000.0,-31.53,-14.53,-30.3
1609711,GODADDY INC.,20240630,1,405600000.0,,,208200000.0,146300000.0,,51.33,36.07
746838,UNISYS CORP,20240630,1,403900000.0,36200000.0,367700000.0,23600000.0,-12000000.0,91.04,5.84,-2.97
1433660,JOHN BEAN TECHNOLOGIES CORP,20240630,1,402300000.0,238700000.0,163600000.0,26800000.0,30700000.0,40.67,6.66,7.63
104918,AVISTA CORP,20240630,1,402072000.0,,,-320000.0,22858000.0,,-0.08,5.69
1833756,"LEONARDO DRS, INC.",20240630,1,402000000.0,12000000.0,169000000.0,55000000.0,38000000.0,42.04,13.68,9.45
28823,"DIEBOLD NIXDORF, INC",20240630,1,401500000.0,398000000.0,243200000.0,34700000.0,14900000.0,60.57,8.64,3.71
64040,S&P GLOBAL INC.,20240630,1,400000000.0,1085000000.0,-685000000.0,230000000.0,1011000000.0,-171.25,57.5,252.75
1130713,"BEYOND, INC.",20240630,1,398104000.0,317936000.0,80168000.0,-47001000.0,-42578000.0,20.14,-11.81,-10.7
728391,"IPALCO ENTERPRISES, INC.",20240630,1,397594000.0,,,77279000.0,21047000.0,,19.44,5.29
1418121,"APPLE HOSPITALITY REIT, INC.",20240630,1,390077000.0,91523000.0,298554000.0,93515000.0,73931000.0,76.54,23.97,18.95
1109357,EXELON CORP,20240630,1,389000000.0,,,166000000.0,,,42.67,
12208,"BIO-RAD LABORATORIES, INC.",20240630,1,387900000.0,283357000.0,355119000.0,101496000.0,-2165486000.0,91.55,26.17,-558.26
794323,"LEVEL 3 PARENT, LLC",20240630,1,384000000.0,658000000.0,-274000000.0,33000000.0,-101000000.0,-71.35,8.59,-26.3
1289848,HURON CONSULTING GROUP INC.,20240630,1,381017000.0,,,9015000.0,37482000.0,,2.37,9.84
1575965,"GAMING & LEISURE PROPERTIES, INC.",20240630,1,380626000.0,,,293429000.0,208250000.0,,77.09,54.71
1081316,BERKSHIRE HATHAWAY ENERGY CO,20240630,1,378000000.0,40000000.0,338000000.0,137000000.0,97000000.0,89.42,36.24,25.66
16040,CABOT CORP,20240630,1,377000000.0,760000000.0,256000000.0,172000000.0,109000000.0,67.9,45.62,28.91
1069878,TREX CO INC,20240630,1,376470000.0,208360000.0,168110000.0,116904000.0,86998000.0,44.65,31.05,23.11
949157,CENTURY ALUMINUM CO,20240630,1,375000000.0,540400000.0,20400000.0,6400000.0,1500000.0,5.44,1.71,0.4
772406,"CIRRUS LOGIC, INC.",20240630,1,374026000.0,185101000.0,188925000.0,46792000.0,42095000.0,50.51,12.51,11.25
1868159,"LINEAGE, INC.",20240630,1,372000000.0,891000000.0,-519000000.0,74000000.0,-68000000.0,-139.52,19.89,-18.28
43196,GRAY TELEVISION INC,20240630,1,371000000.0,565000000.0,-194000000.0,152000000.0,0.0,-52.29,40.97,0.0
1297989,"EXLSERVICE HOLDINGS, INC.",20240630,1,370749000.0,,71075000.0,61449000.0,45825000.0,19.17,16.57,12.36
1049502,MKS INSTRUMENTS INC,20240630,1,369000000.0,,142000000.0,127000000.0,23000000.0,38.48,34.42,6.23
1524472,XYLEM INC.,20240630,1,367000000.0,1079000000.0,819000000.0,253000000.0,,223.16,68.94,
1789832,HESS MIDSTREAM LP,20240630,1,365500000.0,,,222300000.0,49500000.0,,60.82,13.54
866829,HELIX ENERGY SOLUTIONS GROUP INC,20240630,1,364797000.0,289311000.0,75486000.0,-13322000.0,32289000.0,20.69,-3.65,8.85
873303,"SAREPTA THERAPEUTICS, INC.",20240630,1,362931000.0,,,-701000.0,6460000.0,,-0.19,1.78
1710155,"NATIONAL VISION HOLDINGS, INC.",20240630,1,361967000.0,,,591000.0,-3125000.0,,0.16,-0.86
51253,INTERNATIONAL FLAVORS & FRAGRANCES INC,20240630,1,360000000.0,1821000000.0,1068000000.0,191000000.0,170000000.0,296.67,53.06,47.22
1035983,COMFORT SYSTEMS USA INC,20240630,1,358611000.0,1446694000.0,84624000.0,184670000.0,134009000.0,23.6,51.5,37.37
827187,SLEEP NUMBER CORP,20240630,1,358584000.0,166923000.0,241490000.0,6120000.0,-5051000.0,67.35,1.71,-1.41
1739566,"UTZ BRANDS, INC.",20240630,1,356190000.0,231436000.0,124754000.0,22534000.0,19848000.0,35.02,6.33,5.57
1084961,ENCORE CAPITAL GROUP INC,20240630,1,355285000.0,,,101839000.0,,,28.66,
1031203,GROUP 1 AUTOMOTIVE INC,20240630,1,354600000.0,2194100000.0,766500000.0,241100000.0,138200000.0,216.16,67.99,38.97
66756,ALLETE INC,20240630,1,354500000.0,31800000.0,322700000.0,29400000.0,-3100000.0,91.03,8.29,-0.87
1906324,QUIDELORTHO CORP,20240630,1,354200000.0,,,-117500000.0,-147700000.0,,-33.17,-41.7
65312,"EVI INDUSTRIES, INC.",20240630,4,353563000.0,248310000.0,105253000.0,11628000.0,,29.77,3.29,
1609253,CALIFORNIA RESOURCES CORP,20240630,1,353000000.0,17000000.0,336000000.0,38000000.0,0.0,95.18,10.76,0.0
1628369,CUSHMAN & WAKEFIELD PLC,20240630,1,352700000.0,,,70400000.0,13500000.0,,19.96,3.83
1145197,INSULET CORP,20240630,1,352300000.0,157600000.0,330900000.0,54600000.0,188600000.0,93.93,15.5,53.53
928876,TOWER SEMICONDUCTOR LTD,20240630,1,351181000.0,264259000.0,86922000.0,55148000.0,53445000.0,24.75,15.7,15.22
1799208,"DUN & BRADSTREET HOLDINGS, INC.",20240630,1,350100000.0,,,37100000.0,-16400000.0,,10.6,-4.68
1013488,BJS RESTAURANTS INC,20240630,1,349927000.0,89836000.0,260091000.0,13221000.0,17157000.0,74.33,3.78,4.9
930420,KFORCE INC,20240630,1,348784000.0,257345000.0,98973000.0,19700000.0,14157000.0,28.38,5.65,4.06
887936,"FTI CONSULTING, INC",20240630,1,347971000.0,637749000.0,-289778000.0,104092000.0,83947000.0,-83.28,29.91,24.12
945114,GLOBAL INDUSTRIAL CO,20240630,1,347800000.0,225300000.0,122500000.0,26400000.0,20300000.0,35.22,7.59,5.84
895417,EQUITY LIFESTYLE PROPERTIES INC,20240630,1,346987000.0,27650000.0,319337000.0,81548000.0,82127000.0,92.03,23.5,23.67
1486159,CHORD ENERGY CORP,20240630,1,346721000.0,356356000.0,-9635000.0,289021000.0,213361000.0,-2.78,83.36,61.54
912093,VIAVI SOLUTIONS INC.,20240630,4,346500000.0,424500000.0,575900000.0,115000000.0,-25800000.0,166.2,33.19,-7.45
1897982,"ASPEN TECHNOLOGY, INC.",20240630,4,345451000.0,40195000.0,744906000.0,-89540000.0,-9771000.0,215.63,-25.92,-2.83
1720635,NVENT ELECTRIC PLC,20240630,1,345200000.0,512000000.0,368300000.0,167800000.0,111000000.0,106.69,48.61,32.16
98222,TIDEWATER INC,20240630,1,339230000.0,,,78127000.0,50354000.0,,23.03,14.84
1596961,"RUMBLEON, INC.",20240630,1,336800000.0,246900000.0,89900000.0,0.0,-700000.0,26.69,0.0,-0.21
14930,BRUNSWICK CORP,20240630,1,336100000.0,1052900000.0,-716800000.0,85600000.0,100000000.0,-213.27,25.47,29.75
913142,BELDEN INC.,20240630,1,333863000.0,377530000.0,226806000.0,-9000.0,49044000.0,67.93,-0.0,14.69
1002590,"STAR GROUP, L.P.",20240630,1,331640000.0,174285000.0,157355000.0,-12291000.0,-101000.0,47.45,-3.71,-0.03
1668673,"PETIQ, INC.",20240630,1,328941000.0,28008000.0,88283000.0,25581000.0,15322000.0,26.84,7.78,4.66
912766,"LAUREATE EDUCATION, INC.",20240630,1,327988000.0,318997000.0,8991000.0,166595000.0,128130000.0,2.74,50.79,39.07
1974138,NCR ATLEOS CORP,20240630,1,326000000.0,22000000.0,304000000.0,107000000.0,29000000.0,93.25,32.82,8.9
1398659,GENPACT LTD,20240630,1,319144000.0,759834000.0,416378000.0,170251000.0,121990000.0,130.47,53.35,38.22
95552,SUPERIOR INDUSTRIES INTERNATIONAL INC,20240630,1,318967000.0,287347000.0,31620000.0,-2951000.0,-11124000.0,9.91,-0.93,-3.49
1965040,FORTREA HOLDINGS INC.,20240630,1,317900000.0,,,-50900000.0,-138400000.0,,-16.01,-43.54
94049,STEPAN CO,20240630,1,315743000.0,2000.0,69552000.0,7319000.0,9521000.0,22.03,2.32,3.02
1078271,EXTREME NETWORKS INC,20240630,4,315281000.0,120613000.0,630831000.0,-65202000.0,-85964000.0,200.09,-20.68,-27.27
81362,QUAKER CHEMICAL CORP,20240630,1,314357000.0,287849000.0,175718000.0,58449000.0,34885000.0,55.9,18.59,11.1
1840776,"HAGERTY, INC.",20240630,1,313225000.0,,,38067000.0,,,12.15,
1845257,"LIFESTANCE HEALTH GROUP, INC.",20240630,1,312331000.0,,,-15947000.0,-23277000.0,,-5.11,-7.45
1013934,"STRATEGIC EDUCATION, INC.",20240630,1,312266000.0,,,10034000.0,29898000.0,,3.21,9.57
1792789,"DOORDASH, INC.",20240630,1,312000000.0,,,-201000000.0,-157000000.0,,-64.42,-50.32
77360,PENTAIR PLC,20240630,1,310500000.0,661400000.0,437900000.0,72900000.0,,141.03,23.48,
46080,"HASBRO, INC.",20240630,1,307600000.0,26700000.0,280900000.0,-9300000.0,138500000.0,91.32,-3.02,45.03
700923,MYR GROUP INC.,20240630,1,306679000.0,788047000.0,40843000.0,-8300000.0,-15277000.0,13.32,-2.71,-4.98
1020710,DXP ENTERPRISES INC,20240630,1,306516000.0,307763000.0,137793000.0,37352000.0,16693000.0,44.95,12.19,5.45
1620533,SHAKE SHACK INC.,20240630,1,305480000.0,,,10782000.0,9668000.0,,3.53,3.16
1174169,ALGONQUIN POWER & UTILITIES CORP.,20240630,1,304262000.0,690000.0,303572000.0,80490000.0,200766000.0,99.77,26.45,65.98
50493,INGLES MARKETS INC,20240630,1,303619000.0,1063780771.0,329758302.0,37556000.0,31721599.0,108.61,12.37,10.45
1463101,"ENPHASE ENERGY, INC.",20240630,1,303458000.0,166292000.0,137166000.0,1799000.0,10833000.0,45.2,0.59,3.57
1321732,PENUMBRA INC,20240630,1,299403000.0,136574000.0,162829000.0,-80961000.0,-60200000.0,54.38,-27.04,-20.11
1031308,BENTLEY SYSTEMS INC,20240630,1,297444000.0,63193000.0,267144000.0,80177000.0,72046000.0,89.81,26.96,24.22
26780,DANA INC,20240630,1,297000000.0,2483000000.0,-2186000000.0,104000000.0,16000000.0,-736.03,35.02,5.39
1567683,"CLEARWAY ENERGY, INC.",20240630,1,297000000.0,,,16000000.0,51000000.0,,5.39,17.17
34903,FEDERAL REALTY INVESTMENT TRUST,20240630,1,296052000.0,,,157011000.0,111982000.0,,53.03,37.83
1373715,"SERVICENOW, INC.",20240630,1,294000000.0,83000000.0,2075000000.0,240000000.0,262000000.0,705.78,81.63,89.12
1385280,"CINEMARK HOLDINGS, INC.",20240630,1,292900000.0,,,83900000.0,45800000.0,,28.64,15.64
1000753,"INSPERITY, INC.",20240630,1,292000000.0,,260000000.0,23000000.0,18000000.0,89.04,7.88,6.16
1857154,"KRISPY KREME, INC.",20240630,1,289304000.0,,,6859000.0,-5491000.0,,2.37,-1.9
1788882,"ROOT, INC.",20240630,1,289200000.0,,,3800000.0,-7800000.0,,1.31,-2.7
1308547,"DOLBY LABORATORIES, INC.",20240630,1,288818000.0,35663000.0,253155000.0,36783000.0,38444000.0,87.65,12.74,13.31
2014596,"CONCENTRA GROUP HOLDINGS PARENT, INC.",20240630,1,288405000.0,,,83944000.0,51737000.0,,29.11,17.94
72741,EVERSOURCE ENERGY,20240630,1,287311000.0,,,79657000.0,131601000.0,,27.73,45.8
1878897,DOUGLAS ELLIMAN INC.,20240630,1,285751000.0,216457000.0,69294000.0,-6620000.0,-1664000.0,24.25,-2.32,-0.58
1650729,"SITEONE LANDSCAPE SUPPLY, INC.",20240630,1,285000000.0,,510300000.0,169600000.0,120200000.0,179.05,59.51,42.18
1611052,"PROCORE TECHNOLOGIES, INC.",20240630,1,284347000.0,48101000.0,236246000.0,-14776000.0,-6311000.0,83.08,-5.2,-2.22
1185348,PRA GROUP INC,20240630,1,284229000.0,,,89222000.0,21516000.0,,31.39,7.57
1604665,WESTLAKE CHEMICAL PARTNERS LP,20240630,1,284168000.0,182936000.0,101232000.0,93627000.0,14427000.0,35.62,32.95,5.08
1066605,HEIDRICK & STRUGGLES INTERNATIONAL INC,20240630,1,282877000.0,29696000.0,253181000.0,-4183000.0,-5157000.0,89.5,-1.48,-1.82
109177,"SPECTRUM BRANDS HOLDINGS, INC.",20240630,1,282200000.0,476600000.0,302800000.0,47700000.0,6100000.0,107.3,16.9,2.16
1021162,TRIUMPH GROUP INC,20240630,1,281016000.0,207077000.0,73939000.0,8114000.0,-14091000.0,26.31,2.89,-5.01
99780,TRINITY INDUSTRIES INC,20240630,1,280500000.0,505800000.0,-225300000.0,22700000.0,54400000.0,-80.32,8.09,19.39
1804745,DRIVEN BRANDS HOLDINGS INC.,20240630,1,277923000.0,,,80507000.0,,,28.97,
799233,HEARTLAND EXPRESS INC,20240630,1,274754000.0,,,264000.0,0.0,,0.1,0.0
1792849,"HIGHPEAK ENERGY, INC.",20240630,1,274590000.0,,,87260000.0,0.0,,31.78,0.0
1521036,"LANTHEUS HOLDINGS, INC.",20240630,1,273255000.0,138317000.0,255774000.0,102729000.0,62073000.0,93.6,37.59,22.72
1616000,"XENIA HOTELS & RESORTS, INC.",20240630,1,272904000.0,185819000.0,87085000.0,30267000.0,15338000.0,31.91,11.09,5.62
716133,CINCINNATI BELL INC,20240630,1,272800000.0,132100000.0,140700000.0,4200000.0,-34300000.0,51.58,1.54,-12.57
866273,MATRIX SERVICE CO,20240630,4,272665000.0,244408000.0,21852000.0,-33206000.0,-24976000.0,8.01,-12.18,-9.16
1872789,EMBECTA CORP.,20240630,1,272500000.0,82400000.0,190100000.0,55900000.0,14700000.0,69.76,20.51,5.39
1093557,DEXCOM INC,20240630,1,272400000.0,377600000.0,626700000.0,158000000.0,143500000.0,230.07,58.0,52.68
1822492,HILLMAN SOLUTIONS CORP.,20240630,1,271731000.0,,,31586000.0,12535000.0,,11.62,4.61
1680247,PROPETRO HOLDING CORP.,20240630,1,271628000.0,,,-533000.0,-3660000.0,,-0.2,-1.35
1517302,ARTISAN PARTNERS ASSET MANAGEMENT INC.,20240630,1,270818000.0,,,86645000.0,57574000.0,,31.99,21.26
1064728,PEABODY ENERGY CORP,20240630,1,270600000.0,,,233900000.0,199400000.0,,86.44,73.69
1623925,ANTERO MIDSTREAM CORP,20240630,1,269795000.0,,,153561000.0,,,56.92,
1835591,VIZIO HOLDING CORP.,20240630,1,267900000.0,337800000.0,900000.0,-7000000.0,200000.0,0.34,-2.61,0.07
1999001,SIX FLAGS ENTERTAINMENT CORPORATION/NEW,20240630,1,267115000.0,53258000.0,213857000.0,122699000.0,34127000.0,80.06,45.93,12.78
1005757,CSG SYSTEMS INTERNATIONAL INC,20240630,1,262658000.0,152892000.0,109766000.0,25420000.0,13829000.0,41.79,9.68,5.27
885568,OLD DOMINION ELECTRIC COOPERATIVE,20240630,1,262611000.0,,,3869000.0,2962000.0,,1.47,1.13
61986,MANITOWOC CO INC,20240630,1,258100000.0,-400000.0,99700000.0,26400000.0,1600000.0,38.63,10.23,0.62
1050377,PC CONNECTION INC,20240630,1,257459000.0,599937000.0,136542000.0,22229000.0,26161000.0,53.03,8.63,10.16
1679049,"INTERNATIONAL SEAWAYS, INC.",20240630,1,257409000.0,,,154788000.0,144723000.0,,60.13,56.22
884614,UGI CORP /PA/,20240630,1,257000000.0,,,-41000000.0,-48000000.0,,-15.95,-18.68
1517228,"COMMSCOPE HOLDING COMPANY, INC.",20240630,1,256300000.0,839300000.0,547600000.0,192800000.0,44400000.0,213.66,75.22,17.32
1367644,EMERGENT BIOSOLUTIONS INC.,20240630,1,254700000.0,50000000.0,204700000.0,-203500000.0,-283100000.0,80.37,-79.9,-111.15
1743907,"SUN COUNTRY AIRLINES HOLDINGS, INC.",20240630,1,254381000.0,,,12365000.0,1812000.0,,4.86,0.71
1952073,MADISON SQUARE GARDEN ENTERTAINMENT CORP.,20240630,4,254079000.0,,,111941000.0,144300000.0,,44.06,56.79
1647088,WILLSCOT HOLDINGS CORP,20240630,1,253725000.0,,327118000.0,-5232000.0,-46851000.0,128.93,-2.06,-18.47
1713445,"REDDIT, INC.",20240630,1,253125000.0,29501000.0,223624000.0,-31039000.0,-3034000.0,88.35,-12.26,-1.2
1288847,"FIVE9, INC.",20240630,1,252086000.0,118414000.0,133672000.0,-19365000.0,-12816000.0,53.03,-7.68,-5.08
1825024,OFFERPAD SOLUTIONS INC.,20240630,1,251122000.0,229251000.0,21871000.0,-9861000.0,-13782000.0,8.71,-3.93,-5.49
814453,NEWELL BRANDS INC.,20240630,1,251000000.0,1334000000.0,699000000.0,163000000.0,45000000.0,278.49,64.94,17.93
1883085,PAGAYA TECHNOLOGIES LTD.,20240630,1,250344000.0,145602000.0,104742000.0,5027000.0,-74785000.0,41.84,2.01,-29.87
7431,ARMSTRONG WORLD INDUSTRIES INC,20240630,1,250200000.0,215800000.0,149300000.0,14200000.0,65900000.0,59.67,5.68,26.34
1874944,"VACASA, INC.",20240630,1,248976000.0,119330000.0,129646000.0,-13804000.0,-13098000.0,52.07,-5.54,-5.26
1670592,"YETI HOLDINGS, INC.",20240630,1,246523000.0,0.0,264306000.0,67420000.0,50396000.0,107.21,27.35,20.44
1369241,DANAOS CORP,20240630,1,246306000.0,,,139983000.0,141152000.0,,56.83,57.31
1113232,AXCELIS TECHNOLOGIES INC,20240630,1,245380000.0,134759000.0,112409000.0,52810000.0,,45.81,21.52,
1163302,UNITED STATES STEEL CORP,20240630,1,243000000.0,3629000000.0,-3386000000.0,-12000000.0,183000000.0,-1393.42,-4.94,75.31
40533,GENERAL DYNAMICS CORP,20240630,1,242000000.0,6127000000.0,-5885000000.0,77000000.0,905000000.0,-2431.82,31.82,373.97
1980088,MACH NATURAL RESOURCES LP,20240630,1,239994000.0,2616000.0,237378000.0,70483000.0,39516000.0,98.91,29.37,16.47
1845815,PAYONEER GLOBAL INC.,20240630,1,239520000.0,,,46309000.0,32425000.0,,19.33,13.54
42888,GRACO INC,20240630,1,238148000.0,252389000.0,300854000.0,37279000.0,132978000.0,126.33,15.65,55.84
60519,LOUISIANA-PACIFIC CORP,20240630,1,238000000.0,551000000.0,263000000.0,194000000.0,160000000.0,110.5,81.51,67.23
102752,VSE CORP,20240630,1,237780000.0,166055000.0,71725000.0,6132000.0,-2777000.0,30.16,2.58,-1.17
897723,SANMINA CORP,20240630,1,236118000.0,1687891000.0,112364000.0,-6385000.0,51602000.0,47.59,-2.7,21.85
1552033,TRANSUNION,20240630,1,235400000.0,,,182400000.0,85000000.0,,77.49,36.11
1990354,WAYSTAR HOLDING CORP.,20240630,1,234543000.0,,,8245000.0,-27685000.0,,3.52,-11.8
877212,ZEBRA TECHNOLOGIES CORP,20240630,1,234000000.0,515000000.0,589000000.0,123000000.0,113000000.0,251.71,52.56,48.29
1362004,"ICF INTERNATIONAL, INC.",20240630,1,232655000.0,329331000.0,-96676000.0,42407000.0,25611000.0,-41.55,18.23,11.01
1921963,ATMUS FILTRATION TECHNOLOGIES INC.,20240630,1,232000000.0,300700000.0,131900000.0,79800000.0,56200000.0,56.85,34.4,24.22
1138118,"CBRE GROUP, INC.",20240630,1,232000000.0,6793000000.0,-6561000000.0,10000000.0,130000000.0,-2828.02,4.31,56.03
1639438,"CAVA GROUP, INC.",20240630,1,231384000.0,,,16144000.0,19741000.0,,6.98,8.53
1839839,"JANUS INTERNATIONAL GROUP, INC.",20240630,1,230800000.0,24300000.0,109000000.0,51600000.0,27600000.0,47.23,22.36,11.96
1747009,EQUITRANS MIDSTREAM CORP,20240630,1,230006000.0,,,-2357000.0,70389000.0,,-1.02,30.6
750004,"LIGHT & WONDER, INC.",20240630,1,228000000.0,111000000.0,117000000.0,175000000.0,82000000.0,51.32,76.75,35.96
1851003,ZETA GLOBAL HOLDINGS CORP.,20240630,1,227839000.0,91082000.0,136757000.0,-26584000.0,-28066000.0,60.02,-11.67,-12.32
1434588,"GRAND CANYON EDUCATION, INC.",20240630,1,227463000.0,,,42719000.0,34878000.0,,18.78,15.33
1740332,"RESIDEO TECHNOLOGIES, INC.",20240630,1,227000000.0,1142000000.0,447000000.0,122000000.0,30000000.0,196.92,53.74,13.22
1336917,"UNDER ARMOUR, INC.",20240630,1,226892000.0,620990000.0,562675000.0,15171000.0,-305426000.0,247.99,6.69,-134.61
1944013,CRANE CO,20240630,1,226800000.0,357300000.0,-130500000.0,96600000.0,71600000.0,-57.54,42.59,31.57
1901440,UL SOLUTIONS INC.,20240630,1,225000000.0,364000000.0,-139000000.0,3000000.0,101000000.0,-61.78,1.33,44.89
1699838,"CONFLUENT, INC.",20240630,1,224702000.0,12118000.0,170005000.0,-108349000.0,-89900000.0,75.66,-48.22,-40.01
1285785,MOSAIC CO,20240630,1,222000000.0,2422600000.0,101800000.0,132900000.0,-161500000.0,45.86,59.86,-72.75
1438133,TANDEM DIABETES CARE INC,20240630,1,221910000.0,109116000.0,112794000.0,-30774000.0,-30814000.0,50.83,-13.87,-13.89
874238,"STERLING INFRASTRUCTURE, INC.",20240630,1,221297000.0,470079000.0,112743000.0,80939000.0,51879000.0,50.95,36.57,23.44
1590714,ELEMENT SOLUTIONS INC,20240630,1,221000000.0,345500000.0,267200000.0,96200000.0,93200000.0,120.9,43.53,42.17
70145,NATIONAL FUEL GAS CO,20240630,1,220905000.0,4952000.0,215953000.0,-51440000.0,-54158000.0,97.76,-23.29,-24.52
1910851,R1 RCM INC. /DE,20240630,1,220900000.0,506300000.0,-285400000.0,29100000.0,-7600000.0,-129.2,13.17,-3.44
1024795,"HELIOS TECHNOLOGIES, INC.",20240630,1,219900000.0,149300000.0,70600000.0,-8200000.0,13600000.0,32.11,-3.73,6.18
1547459,"NATURAL GROCERS BY VITAMIN COTTAGE, INC.",20240630,1,219040000.0,,90331000.0,12847000.0,9209000.0,41.24,5.87,4.2
1830043,BUMBLE INC.,20240630,1,217984000.0,80041000.0,137943000.0,51954000.0,27395000.0,63.28,23.83,12.57
1628908,"EVOLENT HEALTH, INC.",20240630,1,217068000.0,540302000.0,-323234000.0,7788000.0,1596000.0,-148.91,3.59,0.74
751364,"NNN REIT, INC.",20240630,1,216813000.0,,,152267000.0,106666000.0,,70.23,49.2
1602065,"VIPER ENERGY, INC.",20240630,1,216708000.0,,,148553000.0,56901000.0,,68.55,26.26
1666138,ATKORE INC.,20240630,1,216409000.0,542709000.0,279655000.0,168452000.0,123417000.0,129.23,77.84,57.03
1468328,ADDUS HOMECARE CORP,20240630,1,212817000.0,11279000.0,26300000.0,26181000.0,18079000.0,12.36,12.3,8.5
1286043,KITE REALTY GROUP TRUST,20240630,1,212434000.0,,,-22311000.0,-48638000.0,,-10.5,-22.9
1733998,NORTHWEST NATURAL HOLDING CO,20240630,1,211714000.0,,,15386000.0,-2787000.0,,7.27,-1.32
1789940,"FIRST WATCH RESTAURANT GROUP, INC.",20240630,1,211176000.0,,,16447000.0,8900000.0,,7.79,4.21
1138639,INFINERA CORP,20240630,1,211030000.0,207145000.0,135594000.0,-29809000.0,-48287000.0,64.25,-14.13,-22.88
18926,"LUMEN TECHNOLOGIES, INC.",20240630,1,210000000.0,1653000000.0,-1443000000.0,135000000.0,-49000000.0,-687.14,64.29,-23.33
1820721,"ARRAY TECHNOLOGIES, INC.",20240630,1,209598000.0,169813000.0,77306000.0,39602000.0,25698000.0,36.88,18.89,12.26
1681622,VAREX IMAGING CORP,20240630,1,209100000.0,142200000.0,46200000.0,9300000.0,1400000.0,22.09,4.45,0.67
791963,OPPENHEIMER HOLDINGS INC,20240630,1,208701000.0,,,15865000.0,10266000.0,,7.6,4.92
1371285,"TRUPANION, INC.",20240630,1,208618000.0,274531000.0,-65913000.0,-3420000.0,,-31.6,-1.64,
1350593,"MUELLER WATER PRODUCTS, INC.",20240630,1,208100000.0,225300000.0,131400000.0,57800000.0,47300000.0,63.14,27.78,22.73
1560327,"RAPID7, INC.",20240630,1,207991000.0,60848000.0,147143000.0,6880000.0,8195000.0,70.74,3.31,3.94
787250,DPL INC,20240630,1,206700000.0,,,30400000.0,10200000.0,,14.71,4.93
1000623,"MATIV HOLDINGS, INC.",20240630,1,206400000.0,414900000.0,108900000.0,25200000.0,-1400000.0,52.76,12.21,-0.68
922621,ERIE INDEMNITY CO,20240630,1,206028000.0,,,190208000.0,163903000.0,,92.32,79.55
1598665,"HERITAGE INSURANCE HOLDINGS, INC.",20240630,1,203571000.0,,,27639000.0,18869000.0,,13.58,9.27
1782170,"REMITLY GLOBAL, INC.",20240630,1,201884000.0,,,-15762000.0,-12091000.0,,-7.81,-5.99
1809519,"GOODRX HOLDINGS, INC.",20240630,1,200610000.0,,,19878000.0,6694000.0,,9.91,3.34
849146,LIFEVANTAGE CORP,20240630,4,200164000.0,41440000.0,158724000.0,4332000.0,2937000.0,79.3,2.16,1.47
876523,EZCORP INC,20240630,1,199050000.0,11887000.0,0.0,22154000.0,17950000.0,0.0,11.13,9.02
24741,CORNING INC /NY,20240630,1,199000000.0,-24000000.0,949000000.0,186000000.0,104000000.0,476.88,93.47,52.26
1624794,"CSW INDUSTRIALS, INC.",20240630,1,198999000.0,118756000.0,107421000.0,7150000.0,38591000.0,53.98,3.59,19.39
1819516,WHEELS UP EXPERIENCE INC.,20240630,1,196285000.0,191690000.0,4595000.0,-79190000.0,-96973000.0,2.34,-40.34,-49.4
1786842,VONTIER CORP,20240630,1,196200000.0,360900000.0,-164700000.0,162600000.0,,-83.94,82.87,
1439288,ZURN ELKAY WATER SOLUTIONS CORP,20240630,1,196100000.0,225700000.0,186300000.0,71900000.0,46000000.0,95.0,36.66,23.46
1022671,STEEL DYNAMICS INC,20240630,1,193735000.0,3857797000.0,774837000.0,4721000.0,427998000.0,399.95,2.44,220.92
1060822,CARTERS INC,20240630,1,192911000.0,281497000.0,282937000.0,18078000.0,27639000.0,146.67,9.37,14.33
1582961,"DIGITALOCEAN HOLDINGS, INC.",20240630,1,192476000.0,75139000.0,117337000.0,22328000.0,19138000.0,60.96,11.6,9.94
1402829,ORION GROUP HOLDINGS INC,20240630,1,192167000.0,173886000.0,18281000.0,-5466000.0,-6603000.0,9.51,-2.84,-3.44
1519751,"FORTUNE BRANDS INNOVATIONS, INC.",20240630,1,191000000.0,300000.0,190700000.0,34400000.0,,99.84,18.01,
38725,FRANKLIN ELECTRIC CO INC,20240630,1,190500000.0,343461000.0,199797000.0,-19000000.0,59099000.0,104.88,-9.97,31.02
1833835,PAYSAFE LTD,20240630,1,189673000.0,183825000.0,5848000.0,36515000.0,-1430000.0,3.08,19.25,-0.75
1013857,PEGASYSTEMS INC,20240630,1,189214000.0,36238000.0,254207000.0,12966000.0,6613000.0,134.35,6.85,3.49
1504776,WARBY PARKER INC.,20240630,1,188222000.0,82840000.0,105382000.0,-8956000.0,-6762000.0,55.99,-4.76,-3.59
1815849,"ATI PHYSICAL THERAPY, INC.",20240630,1,188112000.0,,,6626000.0,-3735000.0,,3.52,-1.99
1609550,"INSPIRE MEDICAL SYSTEMS, INC.",20240630,1,187808000.0,29843000.0,166042000.0,5099000.0,9793000.0,88.41,2.72,5.21
1856314,"CLEAR SECURE, INC.",20240630,1,186745000.0,,,30337000.0,23884000.0,,16.25,12.79
1220754,MODIVCARE INC,20240630,1,186610000.0,,,5166000.0,-128884000.0,,2.77,-69.07
84839,ROLLINS INC,20240630,1,186024000.0,,,182377000.0,129397000.0,,98.04,69.56
937098,"TRINET GROUP, INC.",20240630,1,186000000.0,,,80000000.0,60000000.0,,43.01,32.26
1569187,"ARMADA HOFFLER PROPERTIES, INC.",20240630,1,184736000.0,,,18555000.0,3172000.0,,10.04,1.72
1477815,"SWEETGREEN, INC.",20240630,1,184641000.0,,,-16184000.0,-14460000.0,,-8.77,-7.83
1210677,FIRST ADVANTAGE CORP,20240630,1,184546000.0,,,9903000.0,1861000.0,,5.37,1.01
1853513,"MISTER CAR WASH, INC.",20240630,1,184082000.0,,,55000000.0,22091000.0,,29.88,12.0
716643,REGIS CORP,20240630,4,183465000.0,,,20890000.0,91060000.0,,11.39,49.63
932696,INSIGHT ENTERPRISES INC,20240630,1,183010000.0,172027000.0,453365000.0,21007000.0,87444000.0,247.73,11.48,47.78
1871509,PORTILLO'S INC.,20240630,1,181862000.0,,,18115000.0,6470000.0,,9.96,3.56
1411688,"CONTAINER STORE GROUP, INC.",20240630,1,181861000.0,,106095000.0,-13757000.0,-14732000.0,58.34,-7.56,-8.1
1504461,NGL ENERGY PARTNERS LP,20240630,1,181410000.0,1173208000.0,-991798000.0,-11550000.0,9683000.0,-546.72,-6.37,5.34
874499,GULFPORT ENERGY CORP,20240630,1,181117000.0,86529000.0,94588000.0,-18119000.0,-26212000.0,52.22,-10.0,-14.47
1915657,HF SINCLAIR CORP,20240630,1,180228000.0,,,-26159000.0,151788000.0,,-14.51,84.22
1494259,"CARGURUS, INC.",20240630,1,180052000.0,12633000.0,182444000.0,-93584000.0,-68721000.0,101.33,-51.98,-38.17
1067837,"AUDACY, INC.",20240630,1,179667000.0,,,-2962000.0,2931000.0,,-1.65,1.63
769520,MIDDLEBY CORP,20240630,1,179404000.0,611904000.0,379642000.0,-26621000.0,0.0,211.61,-14.84,0.0
1562088,"DUOLINGO, INC.",20240630,1,178327000.0,47349000.0,130978000.0,18700000.0,24351000.0,73.45,10.49,13.66
1261654,UNIVERSAL TECHNICAL INSTITUTE INC,20240630,1,177458000.0,,,7446000.0,-11466000.0,,4.2,-6.46
8063,ASTRONICS CORP,20240630,1,176948000.0,156760000.0,41354000.0,-5336000.0,1533000.0,23.37,-3.02,0.87
52827,RAYONIER INC,20240630,1,173609000.0,138671000.0,34938000.0,-1467000.0,1903000.0,20.12,-0.85,1.1
1580670,"LGI HOMES, INC.",20240630,1,173434000.0,451613000.0,-278179000.0,67521000.0,58573000.0,-160.39,38.93,33.77
1570827,"VICTORY CAPITAL HOLDINGS, INC.",20240630,1,173163000.0,,,110597000.0,74251000.0,,63.87,42.88
1308208,"UNIVERSAL LOGISTICS HOLDINGS, INC.",20240630,1,172843000.0,,,-8301000.0,30734000.0,,-4.8,17.78
1802665,"HARMONY BIOSCIENCES HOLDINGS, INC.",20240630,1,172814000.0,30199000.0,140670000.0,21356000.0,11591000.0,81.4,12.36,6.71
910329,MEDIFAST INC,20240630,1,168558000.0,45120000.0,123438000.0,-7876000.0,-8154000.0,73.23,-4.67,-4.84
1949543,SITIO ROYALTIES CORP.,20240630,1,168548000.0,,,57174000.0,12854000.0,,33.92,7.63
31791,"REVVITY, INC.",20240630,1,168413000.0,306179000.0,-137766000.0,85724000.0,55360000.0,-81.8,50.9,32.87
1498828,HOWARD HUGHES CORP,20240630,1,167695000.0,57768000.0,109927000.0,65671000.0,,65.55,39.16,
1743759,"CORSAIR GAMING, INC.",20240630,1,167071000.0,200000.0,27386000.0,-24714000.0,-24194000.0,16.39,-14.79,-14.48
1039399,FORMFACTOR INC,20240630,1,166792000.0,110574000.0,75239000.0,17772000.0,19392000.0,45.11,10.66,11.63
1159167,IROBOT CORP,20240630,1,166361000.0,138895000.0,27466000.0,-61068000.0,-70646000.0,16.51,-36.71,-42.47
1609804,ORION S.A.,20240630,1,165500000.0,367200000.0,109800000.0,41600000.0,20500000.0,66.34,25.14,12.39
1592000,"ENLINK MIDSTREAM, LLC",20240630,1,165100000.0,1400000.0,163700000.0,139600000.0,38100000.0,99.15,84.55,23.08
1063761,SIMON PROPERTY GROUP INC /DE/,20240630,1,164104000.0,,,60115000.0,,,36.63,
1088856,CORCEPT THERAPEUTICS INC,20240630,1,163796000.0,2524000.0,161272000.0,35592000.0,35488000.0,98.46,21.73,21.67
1862068,"RUBICON TECHNOLOGIES, INC.",20240630,1,163147000.0,158468000.0,4679000.0,-14541000.0,27338000.0,2.87,-8.91,16.76
1901799,BITCOIN DEPOT INC.,20240630,1,163066000.0,,,7604000.0,6911000.0,,4.66,4.24
1315257,KOPPERS HOLDINGS INC.,20240630,1,162300000.0,441600000.0,-279300000.0,57500000.0,26800000.0,-172.09,35.43,16.51
1567514,"INTRA-CELLULAR THERAPIES, INC.",20240630,1,161388000.0,,,-27723000.0,-16220000.0,,-17.18,-10.05
1806837,"VERTEX, INC.",20240630,1,161104000.0,16155000.0,102688000.0,7545000.0,5164000.0,63.74,4.68,3.21
1666134,"BLACKLINE, INC.",20240630,1,160506000.0,33756000.0,120158000.0,2208000.0,2255000.0,74.86,1.38,1.4
1085869,PERFICIENT INC,20240630,1,160100000.0,,,23400000.0,17438000.0,,14.62,10.89
1984060,ATLAS ENERGY SOLUTIONS INC.,20240630,1,159308000.0,,60355000.0,28223000.0,14837000.0,37.89,17.72,9.31
1701051,"WIDEOPENWEST, INC.",20240630,1,158800000.0,,,3700000.0,-10800000.0,,2.33,-6.8
1157762,CHINA AUTOMOTIVE SYSTEMS INC,20240630,1,158608000.0,7689000.0,29302000.0,10806000.0,7140000.0,18.47,6.81,4.5
1578732,"MARCUS & MILLICHAP, INC.",20240630,1,158367000.0,,,-8046000.0,-5538000.0,,-5.08,-3.5
7332,SOUTHWESTERN ENERGY CO,20240630,1,158000000.0,,,0.0,-608000000.0,,0.0,-384.81
1841804,"INSTRUCTURE HOLDINGS, INC.",20240630,1,157569000.0,49427000.0,112004000.0,-1191000.0,-20949000.0,71.08,-0.76,-13.3
891014,MINERALS TECHNOLOGIES INC,20240630,1,157500000.0,397300000.0,143900000.0,44700000.0,19700000.0,91.37,28.38,12.51
1575828,EXPRO GROUP HOLDINGS N.V.,20240630,1,156990000.0,,,27697000.0,0.0,,17.64,0.0
1795139,GREEN THUMB INDUSTRIES INC.,20240630,1,156323000.0,129627000.0,150520000.0,54020000.0,20712000.0,96.29,34.56,13.25
1709164,HAMILTON BEACH BRANDS HOLDING CO,20240630,1,156240000.0,115744000.0,40496000.0,9956000.0,5986000.0,25.92,6.37,3.83
896429,"CANTALOUPE, INC.",20240630,4,156166000.0,,,14169000.0,11993000.0,,9.07,7.68
1819928,"DOUBLEVERIFY HOLDINGS, INC.",20240630,1,155890000.0,26102000.0,129788000.0,11049000.0,7474000.0,83.26,7.09,4.79
1056903,AMERICAN STATES WATER CO,20240630,1,155328000.0,,,40565000.0,25195000.0,,26.12,16.22
103730,VISHAY INTERTECHNOLOGY INC,20240630,1,155053000.0,,162870000.0,20966000.0,23533000.0,105.04,13.52,15.18
1108426,PNM RESOURCES INC,20240630,1,154431000.0,114772000.0,39659000.0,-1723000.0,29925000.0,25.68,-1.12,19.38
871763,MANPOWERGROUP INC.,20240630,1,153700000.0,3734800000.0,785900000.0,101100000.0,,511.32,65.78,
1092699,SPS COMMERCE INC,20240630,1,153596000.0,52018000.0,101578000.0,23165000.0,18032000.0,66.13,15.08,11.74
1770787,"10X GENOMICS, INC.",20240630,1,153104000.0,48884000.0,104220000.0,-41737000.0,-37897000.0,68.07,-27.26,-24.75
917251,AGREE REALTY CORP,20240630,1,152575000.0,,,81967000.0,54724000.0,,53.72,35.87
1524741,"U.S. SILICA HOLDINGS, INC.",20240630,1,151256000.0,,,44681000.0,5210000.0,,29.54,3.44
1606745,"LIBERTY TRIPADVISOR HOLDINGS, INC.",20240630,1,150000000.0,,,33000000.0,49000000.0,,22.0,32.67
1865107,A.K.A. BRANDS HOLDING CORP.,20240630,1,148931000.0,62962000.0,85969000.0,636000.0,,57.72,0.43,
1009829,JAKKS PACIFIC INC,20240630,1,148619000.0,22394000.0,47585000.0,9710000.0,5266000.0,32.02,6.53,3.54
1320854,"FREIGHTCAR AMERICA, INC.",20240630,1,147416000.0,128986000.0,18430000.0,13134000.0,,12.5,8.91,
57515,LANCASTER COLONY CORP,20240630,4,147242000.0,1439457000.0,432302000.0,97094000.0,158613000.0,293.6,65.94,107.72
892553,CHART INDUSTRIES INC,20240630,1,147100000.0,688700000.0,351600000.0,-46300000.0,58600000.0,239.02,-31.48,39.84
1581804,NAVIGATOR HOLDINGS LTD.,20240630,1,146676000.0,,,39521000.0,23240000.0,,26.94,15.84
911147,CENTURY CASINOS INC /CO/,20240630,1,146435000.0,4894000.0,141541000.0,14261000.0,-14989000.0,96.66,9.74,-10.24
1721947,JAMF HOLDING CORP.,20240630,1,146101000.0,35004000.0,118012000.0,-19968000.0,-19262000.0,80.77,-13.67,-13.18
865752,MONSTER BEVERAGE CORP,20240630,1,145088000.0,881091000.0,1019506000.0,1418000.0,,702.68,0.98,
1852244,"GXO LOGISTICS, INC.",20240630,1,145000000.0,,,75000000.0,38000000.0,,51.72,26.21
1597033,SABRE CORP,20240630,1,144456000.0,321481000.0,-177025000.0,60855000.0,-69760000.0,-122.55,42.13,-48.29
10456,BAXTER INTERNATIONAL INC,20240630,1,144000000.0,2381000000.0,1431000000.0,75000000.0,1000000.0,993.75,52.08,0.69
1428439,"ROKU, INC",20240630,1,143846000.0,384454000.0,439879000.0,-71243000.0,-33953000.0,305.8,-49.53,-23.6
1579733,"VITAL FARMS, INC.",20240630,1,142941000.0,89710000.0,57678000.0,17139000.0,16339000.0,40.35,11.99,11.43
1639691,LIVANOVA PLC,20240630,1,142876000.0,99710000.0,218865000.0,40166000.0,16333000.0,153.19,28.11,11.43
916540,DARLING INGREDIENTS INC.,20240630,1,142304000.0,1014927000.0,-872623000.0,91373000.0,7719000.0,-613.21,64.21,5.42
885978,U S PHYSICAL THERAPY INC /NV,20240630,1,140271000.0,,28783000.0,19613000.0,0.0,20.52,13.98,0.0
1069258,"KRATOS DEFENSE & SECURITY SOLUTIONS, INC.",20240630,1,139700000.0,222900000.0,77200000.0,3600000.0,7900000.0,55.26,2.58,5.65
816956,CONMED CORP,20240630,1,139537000.0,148368000.0,183729000.0,47107000.0,29976000.0,131.67,33.76,21.48
1981599,"CENTURI HOLDINGS, INC.",20240630,1,139068000.0,611571000.0,9358000.0,33145000.0,11687000.0,6.73,23.83,8.4
1014739,"OPTION CARE HEALTH, INC.",20240630,1,138831000.0,977821000.0,249365000.0,80675000.0,53043000.0,179.62,58.11,38.21
1169561,COMMVAULT SYSTEMS INC,20240630,1,138725000.0,7648000.0,184884000.0,18428000.0,18527000.0,133.27,13.28,13.36
26324,CURTISS WRIGHT CORP,20240630,1,138601000.0,500690000.0,284101000.0,128897000.0,99471000.0,204.98,93.0,71.77
1601548,"V2X, INC.",20240630,1,138202000.0,998348000.0,-860146000.0,27426000.0,-6544000.0,-622.38,19.84,-4.74
1699039,"RANGER ENERGY SERVICES, INC.",20240630,1,138100000.0,,,-2600000.0,5200000.0,,-1.88,3.77
831259,FREEPORT-MCMORAN INC,20240630,1,138000000.0,4384000000.0,-4246000000.0,-86000000.0,,-3076.81,-62.32,
1396814,"PACIRA BIOSCIENCES, INC.",20240630,1,136852000.0,44262000.0,92590000.0,28240000.0,18886000.0,67.66,20.64,13.8
1517175,"CHEFS' WAREHOUSE, INC.",20240630,1,136295000.0,725702000.0,229002000.0,33867000.0,15524000.0,168.02,24.85,11.39
77543,TUTOR PERINI CORP,20240630,1,135954000.0,1010392000.0,117078000.0,40493000.0,-321000.0,86.12,29.78,-0.24
1835972,"ILEARNINGENGINES, INC.",20240630,1,135538000.0,41845000.0,93693000.0,-85214000.0,-314026000.0,69.13,-62.87,-231.69
1842022,"DT MIDSTREAM, INC.",20240630,1,135000000.0,,,130000000.0,71000000.0,,96.3,52.59
733269,"LIVERAMP HOLDINGS, INC.",20240630,1,134793000.0,51749000.0,124212000.0,-5248000.0,-7489000.0,92.15,-3.89,-5.56
1425292,"CVR PARTNERS, LP",20240630,1,132901000.0,93024000.0,39877000.0,33564000.0,26219000.0,30.01,25.25,19.73
1657573,"XOMETRY, INC.",20240630,1,132595000.0,1694000.0,39263000.0,-15289000.0,,29.61,-11.53,
1532286,"NINE ENERGY SERVICE, INC.",20240630,1,132401000.0,,,-1436000.0,-14041000.0,,-1.08,-10.6
1560385,LIBERTY MEDIA CORP,20240630,1,132000000.0,,,-2000000.0,299000000.0,,-1.52,226.52
842633,TRIMAS CORP,20240630,1,131930000.0,186490000.0,54010000.0,18020000.0,10940000.0,40.94,13.66,8.29
715787,INTERFACE INC,20240630,1,131623000.0,224022000.0,122613000.0,38151000.0,22558000.0,93.15,28.99,17.14
1049521,MERCURY SYSTEMS INC,20240630,4,131143000.0,639374000.0,195901000.0,-53469000.0,-137640000.0,149.38,-40.77,-104.95
1807846,MONEYLION INC.,20240630,1,130846000.0,,,5727000.0,3137000.0,,4.38,2.4
1810806,UNITY SOFTWARE INC.,20240630,1,130843000.0,108875000.0,340384000.0,-129420000.0,-125574000.0,260.15,-98.91,-95.97
1661181,ORGANOGENESIS HOLDINGS INC.,20240630,1,130234000.0,29198000.0,101036000.0,-13892000.0,-17043000.0,77.58,-10.67,-13.09
26058,CTS CORP,20240630,1,130162000.0,83790000.0,46372000.0,17764000.0,14707000.0,35.63,13.65,11.3
1692819,VISTRA CORP.,20240630,1,130000000.0,,,113000000.0,365000000.0,,86.92,280.77
95029,STURM RUGER & CO INC,20240630,1,129829000.0,101607000.0,29154000.0,8972000.0,8264000.0,22.46,6.91,6.37
1842718,INTEGRAL AD SCIENCE HOLDING CORP.,20240630,1,129005000.0,,,14149000.0,7690000.0,,10.97,5.96
1621227,ADAPTIMMUNE THERAPEUTICS PLC,20240630,1,128231000.0,,,68700000.0,69521000.0,,53.58,54.22
1647639,"UPSTART HOLDINGS, INC.",20240630,1,127630000.0,,,-55486000.0,-54470000.0,,-43.47,-42.68
899751,TITAN INTERNATIONAL INC,20240630,1,124879000.0,451728000.0,26840000.0,22322000.0,2149000.0,21.49,17.87,1.72
25445,"CRANE NXT, CO.",20240630,1,124100000.0,209700000.0,-85600000.0,67600000.0,41600000.0,-68.98,54.47,33.52
855658,LATTICE SEMICONDUCTOR CORP,20240630,1,124076000.0,39325000.0,84751000.0,22565000.0,22631000.0,68.31,18.19,18.24
1534675,TECNOGLASS INC.,20240630,1,123905000.0,130077000.0,89577000.0,51134000.0,35028000.0,72.29,41.27,28.27
1045742,LIVE VENTURES INC,20240630,1,123878000.0,86833000.0,37045000.0,1332000.0,-2855000.0,29.9,1.08,-2.3
1981792,HOWARD HUGHES HOLDINGS INC.,20240630,1,123841000.0,57768000.0,66073000.0,64733000.0,,53.35,52.27,
1206264,"TEMPUR SEALY INTERNATIONAL, INC.",20240630,1,123600000.0,679400000.0,144400000.0,-38900000.0,106100000.0,116.83,-31.47,85.84
1434621,"LENDINGTREE, INC.",20240630,1,122071000.0,8411000.0,113660000.0,9587000.0,7752000.0,93.11,7.85,6.35
1069899,PHIBRO ANIMAL HEALTH CORP,20240630,4,121977000.0,704587000.0,313092000.0,53315000.0,2416000.0,256.68,43.71,1.98
1643953,"PURPLE INNOVATION, INC.",20240630,1,120271000.0,71331000.0,48940000.0,-14540000.0,27000.0,40.69,-12.09,0.02
1516513,"DOXIMITY, INC.",20240630,1,119968000.0,13550000.0,113126000.0,46053000.0,41377000.0,94.3,38.39,34.49
1524931,"CHUY'S HOLDINGS, INC.",20240630,1,119798000.0,30719000.0,89079000.0,8030000.0,7413000.0,74.36,6.7,6.19
66570,MSA SAFETY INC,20240630,1,119346000.0,239434000.0,223029000.0,99944000.0,72234000.0,186.88,83.74,60.52
1522540,"MARQETA, INC.",20240630,1,119271000.0,45917000.0,79353000.0,105042000.0,119108000.0,66.53,88.07,99.86
1195734,POTBELLY CORP,20240630,1,119100000.0,,,4119000.0,34712000.0,,3.46,29.15
1641614,CPI CARD GROUP INC.,20240630,1,118818000.0,-617000.0,42388000.0,14909000.0,6001000.0,35.67,12.55,5.05
1585364,PERRIGO CO PLC,20240630,1,118800000.0,670800000.0,394700000.0,-26500000.0,-108400000.0,332.24,-22.31,-91.25
1345016,YELP INC,20240630,1,118383000.0,,,39747000.0,38036000.0,,33.57,32.13
1846576,"FIGS, INC.",20240630,1,118345000.0,46961000.0,97264000.0,1553000.0,1100000.0,82.19,1.31,0.93
1481582,RYERSON HOLDING CORP,20240630,1,118200000.0,1002000000.0,223500000.0,22800000.0,9900000.0,189.09,19.29,8.38
780571,"ITRON, INC.",20240630,1,117929000.0,398609000.0,31231000.0,117444000.0,51318000.0,26.48,99.59,43.52
1424929,FOX FACTORY HOLDING CORP,20240630,1,117795000.0,237528000.0,110963000.0,18590000.0,5407000.0,94.2,15.78,4.59
1876588,ZIMVIE INC.,20240630,1,116811000.0,,,-6687000.0,,,-5.72,
1822359,DOCGO INC.,20240630,1,116742328.0,,,26024243.0,,,22.29,
1013880,"TTEC HOLDINGS, INC.",20240630,1,116368000.0,,,6008000.0,-299539000.0,,5.16,-257.41
852772,DENNY'S CORP,20240630,1,115927000.0,,,9115000.0,3568000.0,,7.86,3.08
1621434,"BLACK STONE MINERALS, L.P.",20240630,1,115171000.0,,,68490000.0,68322000.0,,59.47,59.32
866291,"ALLEGRO MICROSYSTEMS, INC.",20240630,1,115109000.0,92148000.0,74771000.0,-10630000.0,-17675000.0,64.96,-9.23,-15.36
1806347,WESTROCK COFFEE CO,20240630,1,115077000.0,166986000.0,41403000.0,-16408000.0,-17759000.0,35.98,-14.26,-15.43
1596993,DORIAN LPG LTD.,20240630,1,114353042.0,,,55473525.0,51288140.0,,48.51,44.85
73756,OCEANEERING INTERNATIONAL INC,20240630,1,114055000.0,548597000.0,120211000.0,13248000.0,,105.4,11.62,
1573221,"THEREALREAL, INC.",20240630,1,112714000.0,10600000.0,107466000.0,-18797000.0,-16708000.0,95.34,-16.68,-14.82
1288403,W&T OFFSHORE INC,20240630,1,110965000.0,,,-6236000.0,-15388000.0,,-5.62,-13.87
1314727,SONOS INC,20240630,1,110902000.0,205505000.0,191641000.0,12589000.0,3709000.0,172.8,11.35,3.34
1500217,"AMERICAN ASSETS TRUST, INC.",20240630,1,110890000.0,,,30794000.0,,,27.77,
1784535,"PORCH GROUP, INC.",20240630,1,110844000.0,91646000.0,19198000.0,-52479000.0,-64323000.0,17.32,-47.34,-58.03
1708055,RIBBON COMMUNICATIONS INC.,20240630,1,110555000.0,94753000.0,97867000.0,-1935000.0,-16816000.0,88.52,-1.75,-15.21
1728951,"ESSENTIAL PROPERTIES REALTY TRUST, INC.",20240630,1,109268000.0,,,66797000.0,51517000.0,,61.13,47.15
1860543,"CADRE HOLDINGS, INC.",20240630,1,109120000.0,75621000.0,52812000.0,19953000.0,12567000.0,48.4,18.29,11.52
837465,TOPGOLF CALLAWAY BRANDS CORP.,20240630,1,109100000.0,375400000.0,-266300000.0,103000000.0,62100000.0,-244.09,94.41,56.92
1286139,"LEGALZOOM.COM, INC.",20240630,1,108825000.0,63609000.0,113753000.0,1146000.0,1314000.0,104.53,1.05,1.21
1823144,"COMPOSECURE, INC.",20240630,1,108567000.0,52495000.0,56072000.0,31793000.0,11099000.0,51.65,29.28,10.22
890447,VERTEX ENERGY INC.,20240630,1,108482000.0,,0.0,-38320000.0,-53773000.0,0.0,-35.32,-49.57
1705012,"FAT BRANDS, INC",20240630,1,107410000.0,,,-2703000.0,-39359000.0,,-2.52,-36.64
6176,AMPCO PITTSBURGH CORP,20240630,1,107053000.0,,,5043000.0,-174000.0,,4.71,-0.16
1326200,GENCO SHIPPING & TRADING LTD,20240630,1,107047000.0,,,26314000.0,23467000.0,,24.58,21.92
880631,"WISDOMTREE, INC.",20240630,1,107034000.0,,,33511000.0,21759000.0,,31.31,20.33
1866368,"CLEARWATER ANALYTICS HOLDINGS, INC.",20240630,1,106791000.0,29890000.0,76901000.0,3844000.0,-294000.0,72.01,3.6,-0.28
1819994,"ROCKET LAB USA, INC.",20240630,1,106251000.0,79089000.0,27162000.0,-43274000.0,-41631000.0,25.56,-40.73,-39.18
720154,"INOTIV, INC.",20240630,1,105786000.0,,,-20752000.0,-26087000.0,,-19.62,-24.66
876883,STAGWELL INC,20240630,1,105570000.0,438912000.0,-333342000.0,21907000.0,-2965000.0,-315.75,20.75,-2.81
1748824,BRIGHTSPHERE INVESTMENT GROUP INC.,20240630,1,105500000.0,,,20600000.0,-6200000.0,,19.53,-5.88
1698514,NATIONAL ENERGY SERVICES REUNITED CORP.,20240630,1,105374000.0,271830000.0,53139000.0,-6759000.0,,50.43,-6.41,
1858257,"AVIDXCHANGE HOLDINGS, INC.",20240630,1,105132000.0,,,-2101000.0,436000.0,,-2.0,0.41
1444380,NEVRO CORP,20240630,1,104161000.0,36694000.0,67467000.0,-25121000.0,-19575000.0,64.77,-24.12,-18.79
1605888,ATLANTIC INTERNATIONAL CORP.,20240630,1,103897666.0,93146627.0,11489646.0,-8312558.0,,11.06,-8.0,
1753706,"WHOLE EARTH BRANDS, INC.",20240630,1,103381000.0,95811000.0,40116000.0,8363000.0,-2213000.0,38.8,8.09,-2.14
1889956,"ONESTREAM, INC.",20240630,1,103133000.0,26515000.0,80526000.0,-11571000.0,-7850000.0,78.08,-11.22,-7.61
1286613,LINCOLN EDUCATIONAL SERVICES CORP,20240630,1,102914000.0,45561000.0,57353000.0,0.0,0.0,55.73,0.0,0.0
1640428,"EVERQUOTE, INC.",20240630,1,102622000.0,5011000.0,97611000.0,6292000.0,6402000.0,95.12,6.13,6.24
1114995,IMPINJ INC,20240630,1,102495000.0,44979000.0,57516000.0,9046000.0,9963000.0,56.12,8.83,9.72
1048268,"IES HOLDINGS, INC.",20240630,1,102022000.0,0.0,30656000.0,-7307000.0,,30.05,-7.16,
354707,HAWAIIAN ELECTRIC INDUSTRIES INC,20240630,1,101943000.0,,,-57386000.0,-45787000.0,,-56.29,-44.91
1058623,CUMULUS MEDIA INC,20240630,1,101806000.0,,,-9583000.0,-27699000.0,,-9.41,-27.21
1866757,"BRILLIANT EARTH GROUP, INC.",20240630,1,101621000.0,41349000.0,64077000.0,1132000.0,185000.0,63.05,1.11,0.18
30305,DUCOMMUN INC /DE/,20240630,1,101440000.0,145761000.0,51239000.0,387000.0,7724000.0,50.51,0.38,7.61
1704292,ZAI LAB LTD,20240630,1,100504000.0,35148000.0,65356000.0,-76064000.0,-80277000.0,65.03,-75.68,-79.87
1047340,FRESH DEL MONTE PRODUCE INC,20240630,1,100400000.0,-900000.0,113200000.0,68200000.0,-1600000.0,112.75,67.93,-1.59
1038074,SILICON LABORATORIES INC.,20240630,1,99931000.0,68784000.0,76583000.0,-48021000.0,,76.64,-48.05,
1384195,"RING ENERGY, INC.",20240630,1,99139349.0,,,41817934.0,22418994.0,,42.18,22.61
718937,STAAR SURGICAL CO,20240630,1,99005000.0,20593000.0,78412000.0,11898000.0,7379000.0,79.2,12.02,7.45
1534504,PBF ENERGY INC.,20240630,1,98500000.0,8729800000.0,-8631300000.0,-78700000.0,-65200000.0,-8762.74,-79.9,-66.19
1606498,"AVANOS MEDICAL, INC.",20240630,1,97700000.0,76100000.0,95600000.0,6300000.0,1800000.0,97.85,6.45,1.84
1054905,INNOSPEC INC.,20240630,1,97700000.0,308100000.0,126900000.0,21200000.0,,129.89,21.7,
1411579,"AMC ENTERTAINMENT HOLDINGS, INC.",20240630,1,97700000.0,272300000.0,-174600000.0,-47400000.0,-32800000.0,-178.71,-48.52,-33.57
1005229,COLUMBUS MCKINNON CORP,20240630,1,97547000.0,56000.0,89030000.0,21147000.0,-2943000.0,91.27,21.68,-3.02
2000178,LOAR HOLDINGS INC.,20240630,1,97015000.0,49489000.0,47526000.0,22188000.0,7641000.0,48.99,22.87,7.88
1617553,"ZIPRECRUITER, INC.",20240630,1,96427000.0,12943000.0,110715000.0,9423000.0,7014000.0,114.82,9.77,7.27
1692787,KINETIK HOLDINGS INC.,20240630,1,96415000.0,,,56588000.0,,,58.69,
921638,SSR MINING INC.,20240630,1,96207000.0,,,10720000.0,9693000.0,,11.14,10.08
1395942,"OPENLANE, INC.",20240630,1,95800000.0,,,-8200000.0,10700000.0,,-8.56,11.17
755001,UNITIL CORP,20240630,1,95700000.0,,,12400000.0,4300000.0,,12.96,4.49
1323885,"ATRICURE, INC.",20240630,1,95539000.0,29425000.0,86844000.0,-7168000.0,-8008000.0,90.9,-7.5,-8.38
1708035,ECOVYST INC.,20240630,1,95365000.0,129157000.0,53663000.0,5739000.0,8295000.0,56.27,6.02,8.7
879585,"ATN INTERNATIONAL, INC.",20240630,1,95357000.0,,,32405000.0,,,33.98,
1857853,"TRAEGER, INC.",20240630,1,94971000.0,96143000.0,72328000.0,4795000.0,-2578000.0,76.16,5.05,-2.71
1689375,"ENTRADA THERAPEUTICS, INC.",20240630,1,94700000.0,,,53423000.0,55031000.0,,56.41,58.11
1805833,"SYSTEM1, INC.",20240630,1,94581000.0,,,-29086000.0,-26373000.0,,-30.75,-27.88
1517396,STRATASYS LTD.,20240630,1,93594000.0,30785000.0,60500000.0,-26043000.0,-25743000.0,64.64,-27.83,-27.5
1122904,"NETGEAR, INC.",20240630,1,92794000.0,0.0,31823000.0,-46859000.0,-45175000.0,34.29,-50.5,-48.68
1848416,VERANO HOLDINGS CORP.,20240630,1,92473000.0,108050000.0,86310000.0,27266000.0,-21764000.0,93.34,29.49,-23.54
50725,GRIFFON CORP,20240630,1,92312000.0,398665000.0,249149000.0,89339000.0,41086000.0,269.9,96.78,44.51
1217234,"CAREDX, INC.",20240630,1,92274000.0,6245000.0,86029000.0,-4098000.0,-1394000.0,93.23,-4.44,-1.51
1420800,ENOVIS CORP,20240630,1,92267000.0,236277000.0,288883000.0,-44219000.0,-18638000.0,313.09,-47.93,-20.2
1780201,"LULU'S FASHION LOUNGE HOLDINGS, INC.",20240630,1,91966000.0,50083000.0,41883000.0,-4467000.0,-10796000.0,45.54,-4.86,-11.74
1278027,"B&G FOODS, INC.",20240630,1,91580000.0,352553000.0,92037000.0,43798000.0,3938000.0,100.5,47.82,4.3
1552800,"TILE SHOP HOLDINGS, INC.",20240630,1,91384000.0,31053000.0,60331000.0,1851000.0,1219000.0,66.02,2.03,1.33
1651562,"COURSERA, INC.",20240630,1,91157000.0,16337000.0,106512000.0,-31209000.0,-22974000.0,116.84,-34.24,-25.2
1831840,"SEMRUSH HOLDINGS, INC.",20240630,1,90951000.0,14957000.0,75994000.0,3394000.0,1659000.0,83.55,3.73,1.82
1496454,"CNL HEALTHCARE PROPERTIES, INC.",20240630,1,90884000.0,3337000.0,87547000.0,10042000.0,-1302000.0,96.33,11.05,-1.43
1818093,BEAUTY HEALTH CO,20240630,1,90594000.0,49654000.0,40940000.0,-22111000.0,202000.0,45.19,-24.41,0.22
101984,UNIVERSAL ELECTRONICS INC,20240630,1,90452000.0,64500000.0,25952000.0,-4453000.0,-8193000.0,28.69,-4.92,-9.06
1828962,"CRICUT, INC.",20240630,1,90298000.0,69219000.0,89840000.0,26432000.0,19769000.0,99.49,29.27,21.89
1095651,SAFEHOLD INC.,20240630,1,89895000.0,1041000.0,88854000.0,23996000.0,29665000.0,98.84,26.69,33.0
1616318,VISTA OUTDOOR INC.,20240630,1,89509000.0,433024000.0,24743000.0,-6200000.0,,27.64,-6.93,
763744,LCI INDUSTRIES,20240630,1,89277000.0,788099000.0,266445000.0,40042000.0,61163000.0,298.45,44.85,68.51
1891101,BRC INC.,20240630,1,89017000.0,51758000.0,37259000.0,978000.0,-482000.0,41.86,1.1,-0.54
96943,TELEFLEX INC,20240630,1,88825000.0,333233000.0,416458000.0,-30368000.0,80038000.0,468.85,-34.19,90.11
1294133,INOGEN INC,20240630,1,88765000.0,46028000.0,42737000.0,-7064000.0,-5590000.0,48.15,-7.96,-6.3
1500435,"GOPRO, INC.",20240630,1,88719000.0,129514000.0,56710000.0,-46509000.0,-47821000.0,63.92,-52.42,-53.9
1866550,"THOUGHTWORKS HOLDING, INC.",20240630,1,88255000.0,181444000.0,-93189000.0,-22463000.0,-36490000.0,-105.59,-25.45,-41.35
1637207,"PLANET FITNESS, INC.",20240630,1,87676000.0,51934000.0,35742000.0,87379000.0,48640000.0,40.77,99.66,55.48
1788999,XPERI INC.,20240630,1,87173000.0,,,-21907000.0,-30299000.0,,-25.13,-34.76
1579428,"AXSOME THERAPEUTICS, INC.",20240630,1,87166000.0,,,-78046000.0,-79345000.0,,-89.54,-91.03
1830072,IPOWER INC.,20240630,4,86071485.0,46818232.0,39253253.0,-962892.0,-1528159.0,45.61,-1.12,-1.78
1533758,HUGHES SATELLITE SYSTEMS CORP,20240630,1,85714000.0,172114000.0,-86400000.0,-46927000.0,,-100.8,-54.75,
1163609,SOUTH DAKOTA SOYBEAN PROCESSORS LLC,20240630,1,85687691.0,141155491.0,8561344.0,7058289.0,6030359.0,9.99,8.24,7.04
1857816,GIGACLOUD TECHNOLOGY INC,20240630,1,85378000.0,,76447000.0,27448000.0,26969000.0,89.54,32.15,31.59
851205,COGNEX CORP,20240630,1,85162000.0,72693000.0,166599000.0,38457000.0,36212000.0,195.63,45.16,42.52
80172,NATIONAL PRESTO INDUSTRIES INC,20240630,1,85060000.0,70361000.0,3461000.0,9038000.0,6077000.0,4.07,10.63,7.14
1530804,TRONOX HOLDINGS PLC,20240630,1,85000000.0,,150000000.0,76000000.0,16000000.0,176.47,89.41,18.82
1066194,EGAIN CORP,20240630,4,84874000.0,19514000.0,65211000.0,6355000.0,7780000.0,76.83,7.49,9.17
1581760,"LIFE360, INC.",20240630,1,84863000.0,10393000.0,63626000.0,-2363000.0,-10964000.0,74.97,-2.78,-12.92
923796,GEO GROUP INC,20240630,1,84745000.0,,,80145000.0,-32513000.0,,94.57,-38.37
918965,"SCANSOURCE, INC.",20240630,4,84745000.0,2860757000.0,399052000.0,52547000.0,77060000.0,470.89,62.01,90.93
1070494,ACADIA PHARMACEUTICALS INC,20240630,1,84554000.0,18230000.0,66324000.0,30437000.0,33389000.0,78.44,36.0,39.49
1352081,CARDINAL ETHANOL LLC,20240630,1,83824650.0,74084025.0,9740625.0,-762497.0,5394564.0,11.62,-0.91,6.44
1760689,"MICROVAST HOLDINGS, INC.",20240630,1,83675000.0,56480000.0,27195000.0,-75626000.0,-78441000.0,32.5,-90.38,-93.74
1023313,"FORRESTER RESEARCH, INC.",20240630,1,83663000.0,51164000.0,32499000.0,11314000.0,6292000.0,38.85,13.52,7.52
1407623,RETAIL OPPORTUNITY INVESTMENTS CORP,20240630,1,83320000.0,,,27842000.0,7366000.0,,33.42,8.84
1753162,FATHOM HOLDINGS INC.,20240630,1,83125000.0,,,-671000.0,-1294000.0,,-0.81,-1.56
1556739,"THRYV HOLDINGS, INC.",20240630,1,82631000.0,75496000.0,96299000.0,31338000.0,5548000.0,116.54,37.93,6.71
858655,HAYNES INTERNATIONAL INC,20240630,1,82607000.0,128384000.0,25539000.0,11709000.0,8125000.0,30.92,14.17,9.84
1180262,HERBALIFE LTD.,20240630,1,81700000.0,283100000.0,998000000.0,80400000.0,4700000.0,1221.54,98.41,5.75
1833197,"LATHAM GROUP, INC.",20240630,1,80958000.0,107100000.0,53022000.0,20006000.0,13279000.0,65.49,24.71,16.4
874716,IDEXX LABORATORIES INC /DE,20240630,1,80435000.0,384419000.0,619159000.0,248000.0,1241000.0,769.76,0.31,1.54
1474098,PEBBLEBROOK HOTEL TRUST,20240630,1,79958000.0,,,60971000.0,30936000.0,,76.25,38.69
1677576,INNOVATIVE INDUSTRIAL PROPERTIES INC,20240630,1,79793000.0,,,42347000.0,41993000.0,,53.07,52.63
1484778,THREDUP INC.,20240630,1,79755000.0,12266000.0,56120000.0,-14294000.0,-13954000.0,70.37,-17.92,-17.5
1756390,"ASCEND WELLNESS HOLDINGS, INC.",20240630,1,79588000.0,99963000.0,41573000.0,-1522000.0,,52.24,-1.91,
1883814,"SOUTHLAND HOLDINGS, INC.",20240630,1,79368000.0,291534000.0,9160000.0,-55702000.0,-46077000.0,11.54,-70.18,-58.05
1637880,"TRI-STATE GENERATION & TRANSMISSION ASSOCIATION, INC.",20240630,1,79213000.0,,,42171000.0,508000.0,,53.24,0.64
1544522,FRESHWORKS INC.,20240630,1,78907000.0,28175000.0,145956000.0,-43787000.0,-20184000.0,184.97,-55.49,-25.58
1527702,IQSTEL INC,20240630,1,78635764.0,76472140.0,977048.0,-625703.0,-1963887.0,1.24,-0.8,-2.5
1121788,GARMIN LTD,20240630,1,78496000.0,643780000.0,24276000.0,-11552000.0,300630000.0,30.93,-14.72,382.99
1071255,"GOLDEN ENTERTAINMENT, INC.",20240630,1,78247000.0,20764000.0,57483000.0,13535000.0,623000.0,73.46,17.3,0.8
1819810,REDWIRE CORP,20240630,1,78111000.0,65127000.0,12984000.0,-7130000.0,-3099000.0,16.62,-9.13,-3.97
945983,"CLIMB GLOBAL SOLUTIONS, INC.",20240630,1,78071000.0,,2875000.0,4250000.0,0.0,3.68,5.44,0.0
74208,"UDR, INC.",20240630,1,78013000.0,,,4129000.0,28883000.0,,5.29,37.02
1759425,"MIRUM PHARMACEUTICALS, INC.",20240630,1,77875000.0,,,-24232000.0,-24638000.0,,-31.12,-31.64
1121484,"OIL STATES INTERNATIONAL, INC",20240630,1,77804000.0,59530000.0,18274000.0,2045000.0,1301000.0,23.49,2.63,1.67
1595974,"MAGNITE, INC.",20240630,1,77769000.0,62606000.0,15163000.0,2900000.0,-1078000.0,19.5,3.73,-1.39
1722438,"DOMA HOLDINGS, INC.",20240630,1,77646000.0,,,-11048000.0,-20397000.0,,-14.23,-26.27
1481792,"QUAD/GRAPHICS, INC.",20240630,1,77200000.0,85800000.0,-8600000.0,-12600000.0,-2800000.0,-11.14,-16.32,-3.63
1754170,AERSALE CORP,20240630,1,77101000.0,1894000.0,21720000.0,-1852000.0,-3637000.0,28.17,-2.4,-4.72
1657788,"KIMBELL ROYALTY PARTNERS, LP",20240630,1,76959173.0,,,23892391.0,,,31.05,
1489096,"THERMON GROUP HOLDINGS, INC.",20240630,1,76766000.0,64694000.0,50432000.0,13735000.0,8511000.0,65.7,17.89,11.09
1178879,"AMICUS THERAPEUTICS, INC.",20240630,1,76531000.0,11261000.0,115408000.0,14967000.0,-15697000.0,150.8,19.56,-20.51
1655759,"ARVINAS, INC.",20240630,1,76500000.0,,,-48500000.0,-35200000.0,,-63.4,-46.01
1774170,"POWERFLEET, INC.",20240630,1,75430000.0,35782000.0,39648000.0,-18235000.0,-22312000.0,52.56,-24.17,-29.58
925528,HUDSON TECHNOLOGIES INC /NY,20240630,1,75282000.0,52711000.0,22571000.0,12798000.0,9585000.0,29.98,17.0,12.73
1022408,EPLUS INC,20240630,1,75280000.0,49900000.0,98505000.0,35469000.0,27339000.0,130.85,47.12,36.32
1305168,"ARC DOCUMENT SOLUTIONS, INC.",20240630,1,75114000.0,48726000.0,26388000.0,5036000.0,3159000.0,35.13,6.7,4.21
854775,DIGI INTERNATIONAL INC,20240630,1,74618000.0,42945000.0,62258000.0,12908000.0,9702000.0,83.44,17.3,13.0
62234,MARCUS CORP,20240630,1,74497000.0,18515000.0,55982000.0,2237000.0,,75.15,3.0,
1843973,FLYEXCLUSIVE INC.,20240630,1,74384000.0,72755000.0,1629000.0,-21842000.0,-5153000.0,2.19,-29.36,-6.93
1538379,"IBOTTA, INC.",20240630,1,73951000.0,12283000.0,75643000.0,-21657000.0,-33966000.0,102.29,-29.29,-45.93
1529628,"SMART SAND, INC.",20240630,1,73800000.0,60727000.0,13073000.0,3528000.0,-430000.0,17.71,4.78,-0.58
1697500,"SOLARIS OILFIELD INFRASTRUCTURE, INC.",20240630,1,73700000.0,,,11854000.0,6208000.0,,16.08,8.42
1001316,"TG THERAPEUTICS, INC.",20240630,1,73466000.0,8304000.0,65162000.0,8816000.0,6879000.0,88.7,12.0,9.36
1564180,KNOT OFFSHORE PARTNERS LP,20240630,1,73437000.0,,,1326000.0,-12851000.0,,1.81,-17.5
31107,EASTERN CO,20240630,1,73151889.0,54941336.0,18210553.0,5372117.0,3507872.0,24.89,7.34,4.8
1442236,QUEST RESOURCE HOLDING CORP,20240630,1,73145252.0,59613428.0,13531824.0,1781696.0,-1514408.0,18.5,2.44,-2.07
1370450,"WILLDAN GROUP, INC.",20240630,1,72829000.0,92192000.0,48804000.0,6448000.0,4594000.0,67.01,8.85,6.31
1712463,RANPAK HOLDINGS CORP.,20240630,1,72800000.0,54700000.0,31700000.0,-5200000.0,5500000.0,43.54,-7.14,7.55
778164,"ALTO INGREDIENTS, INC.",20240630,1,72609000.0,-832000.0,-160000.0,-1408000.0,-3106000.0,-0.22,-1.94,-4.28
910638,3D SYSTEMS CORP,20240630,1,71733000.0,23703000.0,47098000.0,-26412000.0,-27258000.0,65.66,-36.82,-38.0
1794669,"SHIFT4 PAYMENTS, INC.",20240630,1,71200000.0,,,59200000.0,39200000.0,,83.15,55.06
886835,SUPERIOR ENERGY SERVICES INC,20240630,1,71159000.0,36596000.0,34563000.0,39155000.0,31359000.0,48.57,55.02,44.07
1606268,"VIA RENEWABLES, INC.",20240630,1,71148000.0,0.0,71148000.0,20627000.0,7624000.0,100.0,28.99,10.72
27996,DELUXE CORP,20240630,1,71021000.0,115170000.0,288790000.0,59309000.0,20459000.0,406.63,83.51,28.81
1958140,"ATLANTA BRAVES HOLDINGS, INC.",20240630,1,70950000.0,,,24936000.0,29109000.0,,35.15,41.03
1372020,GREAT LAKES DREDGE & DOCK CORP,20240630,1,70747000.0,482000.0,29840000.0,14585000.0,365000.0,42.18,20.62,0.52
1819574,"BARK, INC.",20240630,1,70569000.0,38051000.0,4258000.0,-10592000.0,-10039000.0,6.03,-15.01,-14.23
1818331,GENEDX HOLDINGS CORP.,20240630,1,70514000.0,1977000.0,42952000.0,-10579000.0,-29173000.0,60.91,-15.0,-41.37
29332,DIXIE GROUP INC,20240630,1,70507000.0,50694000.0,19813000.0,2295000.0,603000.0,28.1,3.25,0.86
861878,STERICYCLE INC,20240630,1,70400000.0,403600000.0,258000000.0,30500000.0,,366.48,43.32,
1711279,"KRYSTAL BIOTECH, INC.",20240630,1,70284000.0,,,8566000.0,15568000.0,,12.19,22.15
1029142,DYNAVAX TECHNOLOGIES CORP,20240630,1,70188000.0,,,5198000.0,11386000.0,,7.41,16.22
1739942,SOLARWINDS CORP,20240630,1,70033000.0,20248000.0,173002000.0,49486000.0,11104000.0,247.03,70.66,15.86
811596,KAISER ALUMINUM CORP,20240630,1,69700000.0,690500000.0,-620800000.0,15500000.0,3100000.0,-890.67,22.24,4.45
1006837,INNOVATE CORP.,20240630,1,69400000.0,247500000.0,65600000.0,-4000000.0,14400000.0,94.52,-5.76,20.75
1720592,REPAY HOLDINGS CORP,20240630,1,69292000.0,16321000.0,52971000.0,-3421000.0,-4071000.0,76.45,-4.94,-5.88
1652535,"ICHOR HOLDINGS, LTD.",20240630,1,69259000.0,177670000.0,25557000.0,-2262000.0,-5112000.0,36.9,-3.27,-7.38
1084048,"ZIFF DAVIS, INC.",20240630,1,68984000.0,52590000.0,16394000.0,11547000.0,36910000.0,23.76,16.74,53.51
1447362,CASTLE BIOSCIENCES INC,20240630,1,68828000.0,14519000.0,54309000.0,5012000.0,8920000.0,78.91,7.28,12.96
933974,"AZENTA, INC.",20240630,1,68763000.0,47555000.0,69056000.0,1908000.0,0.0,100.43,2.77,0.0
1107843,"QUALYS, INC.",20240630,1,68405000.0,26415000.0,122293000.0,48068000.0,43772000.0,178.78,70.27,63.99
886346,KADANT INC,20240630,1,67722000.0,152878000.0,-85156000.0,23530000.0,31291000.0,-125.74,34.74,46.21
1479681,"NUTEX HEALTH, INC.",20240630,1,67604878.0,,22561231.0,5299056.0,-364048.0,33.37,7.84,-0.54
1307748,INVENTRUST PROPERTIES CORP.,20240630,1,67423000.0,,,-9185000.0,1498000.0,,-13.62,2.22
1422930,"PUBMATIC, INC.",20240630,1,67267000.0,25160000.0,42107000.0,-3985000.0,1971000.0,62.6,-5.92,2.93
1841968,"P10, INC.",20240630,1,67239000.0,,,16839000.0,6993000.0,,25.04,10.4
1037676,"ARCH RESOURCES, INC.",20240630,1,67213000.0,,15650000.0,17120000.0,2000.0,23.28,25.47,0.0
1781755,"BALDWIN INSURANCE GROUP, INC.",20240630,1,67064000.0,,,16458000.0,-17557000.0,,24.54,-26.18
1526113,"GLOBAL NET LEASE, INC.",20240630,1,66966000.0,,,31693000.0,,,47.33,
1192448,GLAUKOS CORP,20240630,1,66820000.0,22550000.0,73140000.0,-29974000.0,-50545000.0,109.46,-44.86,-75.64
71829,NEWPARK RESOURCES INC,20240630,1,66791000.0,140084000.0,-73293000.0,13299000.0,8040000.0,-109.73,19.91,12.04
313143,HAEMONETICS CORP,20240630,1,66245000.0,161248000.0,174924000.0,22622000.0,38373000.0,264.06,34.15,57.93
1880319,"PERIMETER SOLUTIONS, SA",20240630,1,65998000.0,54009000.0,73267000.0,45018000.0,21650000.0,111.01,68.21,32.8
752714,MCGRATH RENTCORP,20240630,1,65970000.0,109196000.0,103415000.0,42045000.0,20618000.0,156.76,63.73,31.25
34563,FARMER BROTHERS CO,20240630,4,65938000.0,207201000.0,133893000.0,-2250000.0,-3875000.0,203.06,-3.41,-5.88
1172222,HAWAIIAN HOLDINGS INC,20240630,1,65876000.0,,,-55387000.0,-76000.0,,-84.08,-0.12
1479290,"REVANCE THERAPEUTICS, INC.",20240630,1,65328000.0,,,-34516000.0,-37473000.0,,-52.83,-57.36
798359,CENTERSPACE,20240630,1,65043000.0,2222000.0,62821000.0,7192000.0,-1296000.0,96.58,11.06,-1.99
1909747,JUSHI HOLDINGS INC.,20240630,1,64595000.0,32029000.0,32566000.0,8404000.0,,50.42,13.01,
1828791,VIANT TECHNOLOGY INC.,20240630,1,64397000.0,35122000.0,29275000.0,-771000.0,55000.0,45.46,-1.2,0.09
1371489,INFORMATION SERVICES GROUP INC.,20240630,1,64263000.0,38908000.0,25355000.0,3650000.0,2038000.0,39.46,5.68,3.17
1620393,"NEXPOINT RESIDENTIAL TRUST, INC.",20240630,1,64238000.0,,,25482000.0,10596000.0,,39.67,16.49
1944558,"VITESSE ENERGY, INC.",20240630,1,64127000.0,,,16814000.0,10928000.0,,26.22,17.04
1671284,"NEUEHEALTH, INC.",20240630,1,64005000.0,,,397000.0,-58630000.0,,0.62,-91.6
1666071,"CARDLYTICS, INC.",20240630,1,64002000.0,,,-15812000.0,-4257000.0,,-24.71,-6.65
1022079,QUEST DIAGNOSTICS INC,20240630,1,64000000.0,1593000000.0,-1529000000.0,8000000.0,229000000.0,-2389.06,12.5,357.81
106532,WEYCO GROUP INC,20240630,1,63425000.0,35840000.0,28092000.0,695000.0,,44.29,1.1,
1846069,"NEXTDOOR HOLDINGS, INC.",20240630,1,63292000.0,10280000.0,53012000.0,-49016000.0,-42781000.0,83.76,-77.44,-67.59
33488,ESCALADE INC,20240630,1,62526000.0,47415000.0,15111000.0,5106000.0,-332000.0,24.17,8.17,-0.53
1065059,CENTRUS ENERGY CORP,20240630,1,62500000.0,15900000.0,33000000.0,21100000.0,0.0,52.8,33.76,0.0
745308,ST JOE CO,20240630,1,62321000.0,,,189000.0,24518000.0,,0.3,39.34
1758021,KARAT PACKAGING INC.,20240630,1,62097000.0,69193000.0,43407000.0,11115000.0,9100000.0,69.9,17.9,14.65
1475115,"EVENTBRITE, INC.",20240630,1,61814000.0,24611000.0,59940000.0,-6454000.0,1063000.0,96.97,-10.44,1.72
1819974,"SKYWATER TECHNOLOGY, INC",20240630,1,61669000.0,76215000.0,17114000.0,1400000.0,-1897000.0,27.75,2.27,-3.08
1356570,WNS (HOLDINGS) LTD,20240630,1,61333000.0,151453000.0,113672000.0,38573000.0,28922000.0,185.34,62.89,47.16
926326,"OMNICELL, INC.",20240630,1,60887000.0,99381000.0,114351000.0,3224000.0,3735000.0,187.81,5.3,6.13
1704711,"FUNKO, INC.",20240630,1,60382000.0,143609000.0,-83227000.0,10732000.0,5115000.0,-137.83,17.77,8.47
1840502,TABOOLA.COM LTD.,20240630,1,60302000.0,313382000.0,114778000.0,-7631000.0,-4291000.0,190.34,-12.65,-7.12
104894,ELME COMMUNITIES,20240630,1,60103000.0,,,5913000.0,-3471000.0,,9.84,-5.78
1040130,PETMED EXPRESS INC,20240630,1,60025000.0,49981000.0,17971000.0,4386000.0,3754000.0,29.94,7.31,6.25
1454938,OUTBRAIN INC.,20240630,1,59863000.0,168572000.0,45576000.0,-5627000.0,-2199000.0,76.13,-9.4,-3.67
1773427,"SPRINGWORKS THERAPEUTICS, INC.",20240630,1,59733000.0,2453000.0,57280000.0,-44921000.0,-39919000.0,95.89,-75.2,-66.83
1800667,JFROG LTD,20240630,1,59126000.0,21893000.0,81150000.0,-19127000.0,-14303000.0,137.25,-32.35,-24.19
1069183,"AXON ENTERPRISE, INC.",20240630,1,59024000.0,200364000.0,303735000.0,32874000.0,40797000.0,514.6,55.7,69.12
1785424,"KATAPULT HOLDINGS, INC.",20240630,1,58863000.0,48935000.0,9928000.0,-2621000.0,-6888000.0,16.87,-4.45,-11.7
1826889,"BEACHBODY COMPANY, INC.",20240630,1,58771000.0,2710000.0,76376000.0,-9482000.0,-10865000.0,129.96,-16.13,-18.49
1460329,"FLUENT, INC.",20240630,1,58717000.0,,,-10378000.0,0.0,,-17.67,0.0
729580,BEL FUSE INC /NJ,20240630,1,58551000.0,79809000.0,4442000.0,22623000.0,0.0,7.59,38.64,0.0
1846084,GLOBAL CROSSING AIRLINES GROUP INC.,20240630,1,57546000.0,,,2543000.0,284000.0,,4.42,0.49
1943705,"REVELYST, INC.",20240630,1,56973000.0,192830000.0,21733000.0,-751000.0,-1286000.0,38.15,-1.32,-2.26
5981,AMERICAN VANGUARD CORP,20240630,1,56909000.0,90446000.0,37763000.0,-9232000.0,-11721000.0,66.36,-16.22,-20.6
856982,MERIT MEDICAL SYSTEMS INC,20240630,1,56891000.0,357000.0,161100000.0,45946000.0,35726000.0,283.17,80.76,62.8
788965,HALLADOR ENERGY CO,20240630,1,56846000.0,,,-11321000.0,-10204000.0,,-19.92,-17.95
790816,BRANDYWINE REALTY TRUST,20240630,1,56723000.0,,,19477000.0,30173000.0,,34.34,53.19
1823878,"PLAYSTUDIOS, INC.",20240630,1,56477000.0,,,-3963000.0,-2288000.0,,-7.02,-4.05
1418819,IRIDIUM COMMUNICATIONS INC.,20240630,1,56455000.0,13946000.0,42509000.0,43646000.0,32336000.0,75.3,77.31,57.28
9326,BALCHEM CORP,20240630,1,56389000.0,5713000.0,82994000.0,45797000.0,32069000.0,147.18,81.22,56.87
1998768,"PROFICIENT AUTO LOGISTICS, INC",20240630,1,55908597.0,,,-2608333.0,-3551895.0,,-4.67,-6.35
2098,ACME UNITED CORP,20240630,1,55425000.0,32798000.0,22627000.0,5535000.0,4452000.0,40.82,9.99,8.03
1729149,"VIEMED HEALTHCARE, INC.",20240630,1,54965000.0,22073000.0,32892000.0,3616000.0,1468000.0,59.84,6.58,2.67
1109354,BRUKER CORP,20240630,1,54600000.0,416100000.0,384600000.0,48100000.0,12600000.0,704.4,88.1,23.08
1559865,"EVERTEC, INC.",20240630,1,54199000.0,,,43360000.0,31901000.0,,80.0,58.86
1439095,MRC GLOBAL INC.,20240630,1,54000000.0,659000000.0,173000000.0,47000000.0,0.0,320.37,87.04,0.0
1116463,ORASURE TECHNOLOGIES INC,20240630,1,53949000.0,29646000.0,24689000.0,-2740000.0,-615000.0,45.76,-5.08,-1.14
1891856,"GEN RESTAURANT GROUP, INC.",20240630,1,53860000.0,,,1613000.0,277000.0,,2.99,0.51
788920,PRO DEX INC,20240630,4,53844000.0,39293000.0,14551000.0,7173000.0,2127000.0,27.02,13.32,3.95
1868726,"OLAPLEX HOLDINGS, INC.",20240630,1,53751000.0,31506000.0,72437000.0,16278000.0,5779000.0,134.76,30.28,10.75
1627475,"UPWORK, INC",20240630,1,53508000.0,43852000.0,149277000.0,17781000.0,22220000.0,278.98,33.23,41.53
1070081,"PTC THERAPEUTICS, INC.",20240630,1,53200000.0,,,-40218000.0,-99179000.0,,-75.6,-186.43
1600033,"E.L.F. BEAUTY, INC.",20240630,1,53110000.0,93194000.0,231283000.0,50708000.0,47555000.0,435.48,95.48,89.54
887359,VERICEL CORP,20240630,1,52662000.0,16061000.0,36601000.0,-6031000.0,-4682000.0,69.5,-11.45,-8.89
1664703,BLOOM ENERGY CORP,20240630,1,52531000.0,54000.0,68522000.0,-23128000.0,,130.44,-44.03,
1799191,"ONCOLOGY INSTITUTE, INC.",20240630,1,52461000.0,,,-16364000.0,-15479000.0,,-31.19,-29.51
1828723,"ALTUS POWER, INC.",20240630,1,52460000.0,,,16959000.0,37645000.0,,32.33,71.76
1058811,IMMERSION CORP,20240630,1,52403000.0,,,38228000.0,28945000.0,,72.95,55.24
789933,NACCO INDUSTRIES INC,20240630,1,52345000.0,45327000.0,7018000.0,7366000.0,5972000.0,13.41,14.07,11.41
1875444,"ARHAUS, INC.",20240630,1,51720000.0,185429000.0,124372000.0,29381000.0,,240.47,56.81,
1397702,SILK ROAD MEDICAL INC,20240630,1,51242000.0,12736000.0,38506000.0,-17195000.0,-16603000.0,75.15,-33.56,-32.4
1404655,HUBSPOT INC,20240630,1,51232000.0,13899000.0,541713000.0,-23935000.0,-14435000.0,1057.37,-46.72,-28.18
1042893,DRIL-QUIP INC,20240630,1,50997000.0,52944000.0,-1947000.0,-14071000.0,-1812000.0,-3.82,-27.59,-3.55
1609151,"WEAVE COMMUNICATIONS, INC.",20240630,1,50586000.0,14462000.0,36124000.0,-9255000.0,-8553000.0,71.41,-18.3,-16.91
1124796,"NLIGHT, INC.",20240630,1,50511000.0,14650000.0,11850000.0,-12690000.0,-11729000.0,23.46,-25.12,-23.22
1347178,VANDA PHARMACEUTICALS INC.,20240630,1,50474000.0,,,-10146000.0,-4518000.0,,-20.1,-8.95
779544,ARK RESTAURANTS CORP,20240630,1,50396000.0,13304000.0,37092000.0,824000.0,640000.0,73.6,1.64,1.27
1100682,"CHARLES RIVER LABORATORIES INTERNATIONAL, INC.",20240630,1,50387000.0,110498000.0,-60111000.0,37230000.0,94081000.0,-119.3,73.89,186.72
819793,ALBANY INTERNATIONAL CORP /DE/,20240630,1,50292000.0,219611000.0,112383000.0,-20214000.0,3179000.0,223.46,-40.19,6.32
926282,"ADTRAN HOLDINGS, INC.",20240630,1,50285000.0,144416000.0,26981000.0,-38306000.0,2000.0,53.66,-76.18,0.0
918541,NN INC,20240630,1,50217000.0,,,5320000.0,-2203000.0,,10.59,-4.39
887905,LTC PROPERTIES INC,20240630,1,50116000.0,,,19067000.0,19361000.0,,38.05,38.63
1539838,"DIAMONDBACK ENERGY, INC.",20240630,1,50000000.0,82000000.0,-32000000.0,3000000.0,2000000.0,-64.0,6.0,4.0
1052752,GETTY REALTY CORP /MD/,20240630,1,49937000.0,,,26193000.0,16711000.0,,52.45,33.46
1768224,ARCTURUS THERAPEUTICS HOLDINGS INC.,20240630,1,49859000.0,,,-21126000.0,-17216000.0,,-42.37,-34.53
1531978,"PARAGON 28, INC.",20240630,1,49703000.0,15261000.0,45755000.0,-10767000.0,-13782000.0,92.06,-21.66,-27.73
1644378,RMR GROUP INC.,20240630,1,49266000.0,,,12171000.0,4935000.0,,24.7,10.02
1282648,BATTALION OIL CORP,20240630,1,49104000.0,,,5120000.0,-105000.0,,10.43,-0.21
1360214,"HARROW, INC.",20240630,1,48939000.0,12539000.0,36400000.0,1530000.0,,74.38,3.13,
1868778,INFORMATICA INC.,20240630,1,48908000.0,82895000.0,317730000.0,9464000.0,4828000.0,649.65,19.35,9.87
1141103,CROSS COUNTRY HEALTHCARE INC,20240630,1,48320000.0,,,-19206000.0,-16050000.0,,-39.75,-33.22
805928,"AXOGEN, INC.",20240630,1,47912000.0,12567000.0,35345000.0,-428000.0,-1921000.0,73.77,-0.89,-4.01
1099160,BEASLEY BROADCAST GROUP INC,20240630,1,47430080.0,,,3074242.0,-276021.0,,6.48,-0.58
1050797,COLUMBIA SPORTSWEAR CO,20240630,1,47414000.0,296825000.0,273419000.0,43944000.0,,576.66,92.68,
1679268,"MAMMOTH ENERGY SERVICES, INC.",20240630,1,46770000.0,,,-1973000.0,-155993000.0,,-4.22,-333.53
1133062,JANEL CORP,20240630,1,46724000.0,,2599000.0,1508000.0,0.0,5.56,3.23,0.0
1549346,"SHUTTERSTOCK, INC.",20240630,1,46560000.0,91254000.0,-44694000.0,20666000.0,3625000.0,-95.99,44.39,7.79
1493594,"MACOM TECHNOLOGY SOLUTIONS HOLDINGS, INC.",20240630,1,46423000.0,89077000.0,101409000.0,19716000.0,19939000.0,218.45,42.47,42.95
1579684,"GANNETT CO., INC.",20240630,1,46282000.0,391474000.0,-345192000.0,6966000.0,13748000.0,-745.85,15.05,29.7
1760965,"KONTOOR BRANDS, INC.",20240630,1,46268000.0,6290000.0,39978000.0,-1106000.0,58000.0,86.41,-2.39,0.13
1868912,"ENFUSION, INC.",20240630,1,45794000.0,132000.0,33493000.0,2703000.0,1826000.0,73.14,5.9,3.99
350868,"ITERIS, INC.",20240630,1,45777000.0,13171000.0,17340000.0,253000.0,392000.0,37.88,0.55,0.86
1545654,"ALEXANDER & BALDWIN, INC.",20240630,1,45666000.0,25134000.0,20532000.0,16234000.0,9108000.0,44.96,35.55,19.94
883237,"VIRTUS INVESTMENT PARTNERS, INC.",20240630,1,45148000.0,,,44205000.0,,,97.91,
1800227,IAC INC.,20240630,1,45136000.0,267503000.0,-222367000.0,24806000.0,-142232000.0,-492.66,54.96,-315.12
1829864,"TASKUS, INC.",20240630,1,44885000.0,,,22722000.0,12598000.0,,50.62,28.07
1477294,SENSATA TECHNOLOGIES HOLDING PLC,20240630,1,44685000.0,-8485000.0,53170000.0,9204000.0,6861000.0,118.99,20.6,15.35
1630627,"TREACE MEDICAL CONCEPTS, INC.",20240630,1,44455000.0,8781000.0,35674000.0,-21382000.0,-21206000.0,80.25,-48.1,-47.7
1401667,"PUMA BIOTECHNOLOGY, INC.",20240630,1,44395000.0,10658000.0,33737000.0,-2179000.0,-4529000.0,75.99,-4.91,-10.2
1695295,"HYDROFARM HOLDINGS GROUP, INC.",20240630,1,44096000.0,43942000.0,10851000.0,-19328000.0,-23450000.0,24.61,-43.83,-53.18
1537028,"INDEPENDENCE CONTRACT DRILLING, INC.",20240630,1,43327000.0,,,-7679000.0,-16717000.0,,-17.72,-38.58
89439,MUELLER INDUSTRIES INC,20240630,1,43214000.0,,,29693000.0,48000.0,,68.71,0.11
1721386,LANDSEA HOMES CORP,20240630,1,43034000.0,11231000.0,62446000.0,9958000.0,2885000.0,145.11,23.14,6.7
899923,MYRIAD GENETICS INC,20240630,1,43000000.0,64400000.0,-21400000.0,-36500000.0,-36700000.0,-49.77,-84.88,-85.35
1611647,"FRESHPET, INC.",20240630,1,42998000.0,141301000.0,93952000.0,-1750000.0,-1694000.0,218.5,-4.07,-3.94
716634,READING INTERNATIONAL INC,20240630,1,42942000.0,2461000.0,40481000.0,-1270000.0,-9341000.0,94.27,-2.96,-21.75
1503802,KARYOPHARM THERAPEUTICS INC.,20240630,1,42786000.0,1465000.0,41321000.0,-28120000.0,23792000.0,96.58,-65.72,55.61
1593222,"CITY OFFICE REIT, INC.",20240630,1,42342000.0,,,6307000.0,-3752000.0,,14.9,-8.86
1376139,CVR ENERGY INC,20240630,1,42000000.0,1910000000.0,-1868000000.0,10000000.0,21000000.0,-4447.62,23.81,50.0
1327318,"TRUECAR, INC.",20240630,1,41795000.0,,,-15189000.0,-13520000.0,,-36.34,-32.35
1012477,AVADEL PHARMACEUTICALS PLC,20240630,1,41504000.0,2788000.0,38716000.0,-12741000.0,-13822000.0,93.28,-30.7,-33.3
788329,JOHNSON OUTDOORS INC,20240630,1,41273000.0,110650000.0,61822000.0,-506000.0,1622000.0,149.79,-1.23,3.93
1425450,ORTHOPEDIATRICS CORP,20240630,1,41249000.0,12003000.0,40799000.0,-5666000.0,-6029000.0,98.91,-13.74,-14.62
1517022,"AKEBIA THERAPEUTICS, INC.",20240630,1,41209000.0,17047000.0,24162000.0,-8725000.0,-8582000.0,58.63,-21.17,-20.83
868780,"DORMAN PRODUCTS, INC.",20240630,1,40437000.0,303550000.0,199401000.0,10030000.0,47410000.0,493.12,24.8,117.24
1854139,ZEVIA PBC,20240630,1,40426000.0,23484000.0,16942000.0,-7069000.0,,41.91,-17.49,
1382821,REDFIN CORP,20240630,1,40179000.0,7596000.0,7651000.0,-10441000.0,-27880000.0,19.04,-25.99,-69.39
1692951,"COTTONWOOD COMMUNITIES, INC.",20240630,1,40098000.0,,,600000.0,-9348000.0,,1.5,-23.31
31235,EASTMAN KODAK CO,20240630,1,40000000.0,28000000.0,58000000.0,2000000.0,0.0,145.0,5.0,0.0
67716,MDU RESOURCES GROUP INC,20240630,1,39956000.0,,,-4670000.0,60436000.0,,-11.69,151.26
1822928,HOLLEY INC.,20240630,1,39765000.0,99203000.0,70293000.0,27878000.0,0.0,176.77,70.11,0.0
1819404,NERDY INC.,20240630,1,39716000.0,17497000.0,33487000.0,-15229000.0,-9093000.0,84.32,-38.34,-22.9
1606163,"LIMBACH HOLDINGS, INC.",20240630,1,39481000.0,88727000.0,33508000.0,8190000.0,5963000.0,84.87,20.74,15.1
709283,QUANTUM CORP /DE/,20240630,1,38744000.0,45208000.0,26135000.0,-17725000.0,-20820000.0,67.46,-45.75,-53.74
1084991,NATURAL GAS SERVICES GROUP INC,20240630,1,38491000.0,,,8506000.0,4250000.0,,22.1,11.04
1779128,"BLADE AIR MOBILITY, INC.",20240630,1,38341000.0,51591000.0,-13250000.0,-12149000.0,-11326000.0,-34.56,-31.69,-29.54
877422,SPARTANNASH CO,20240630,1,38172000.0,1877753000.0,353003000.0,26126000.0,11489000.0,924.77,68.44,30.1
1655210,"BEYOND MEAT, INC.",20240630,1,37966000.0,79468000.0,13717000.0,-33931000.0,-34479000.0,36.13,-89.37,-90.82
825324,GOOD TIMES RESTAURANTS INC.,20240630,1,37942000.0,,,1228000.0,,,3.24,
851310,HARMONIC INC,20240630,1,37911000.0,50878000.0,73457000.0,-15630000.0,-12532000.0,193.76,-41.23,-33.06
948320,"LIFEMD, INC.",20240630,1,37432309.0,471072.0,45636930.0,-6450682.0,10200000.0,121.92,-17.23,27.25
1437402,"ARDELYX, INC.",20240630,1,37146000.0,9436000.0,27710000.0,-13630000.0,-16454000.0,74.6,-36.69,-44.3
1819989,CIPHER MINING INC.,20240630,1,36808000.0,14281000.0,22527000.0,-16171000.0,-3000000.0,61.2,-43.93,-8.15
1528356,GENIE ENERGY LTD.,20240630,1,36213000.0,57360000.0,33336000.0,-1390000.0,9612000.0,92.06,-3.84,26.54
1620179,"EXELA TECHNOLOGIES, INC.",20240630,1,36031000.0,,,-2354000.0,-25677000.0,,-6.53,-71.26
2006191,LIONSGATE STUDIOS CORP.,20240630,1,36000000.0,,,15600000.0,-43500000.0,,43.33,-120.83
929351,LIONS GATE ENTERTAINMENT CORP /CN/,20240630,1,36000000.0,,,18800000.0,-59400000.0,,52.22,-165.0
1393883,"DHI GROUP, INC.",20240630,1,35833000.0,5200000.0,30633000.0,2003000.0,943000.0,85.49,5.59,2.63
1210708,"HUDSON GLOBAL, INC.",20240630,1,35712000.0,,,-187000.0,33000.0,,-0.52,0.09
1799332,GAN LTD,20240630,1,35560000.0,,,229000.0,-1731000.0,,0.64,-4.87
1952853,MASSIMO GROUP,20240630,1,35402653.0,23903396.0,11499257.0,3564261.0,,32.48,10.07,
896264,USANA HEALTH SCIENCES INC,20240630,1,35402000.0,40333000.0,172536000.0,17840000.0,10432000.0,487.36,50.39,29.47
79661,PORTSMOUTH SQUARE INC,20240630,4,35239000.0,36139000.0,-900000.0,671000.0,-11375000.0,-2.55,1.9,-32.28
1853145,EVERCOMMERCE INC.,20240630,1,35007000.0,,,6879000.0,1000000.0,,19.65,2.86
1808865,"ITEOS THERAPEUTICS, INC.",20240630,1,35000000.0,,,-14166000.0,-7128000.0,,-40.47,-20.37
1818383,"MEDIAALPHA, INC.",20240630,1,34774000.0,146589000.0,-111815000.0,6493000.0,3620000.0,-321.55,18.67,10.41
1156388,BIG 5 SPORTING GOODS CORP,20240630,1,34769000.0,141100000.0,58724000.0,-13503000.0,-10004000.0,168.9,-38.84,-28.77
1603652,URGENT.LY INC.,20240630,1,34537000.0,27207000.0,7330000.0,-8340000.0,-11667000.0,21.22,-24.15,-33.78
879526,WABASH NATIONAL CORP,20240630,1,34453000.0,460952000.0,89658000.0,-25242000.0,28958000.0,260.23,-73.27,84.05
1709682,"CUSTOM TRUCK ONE SOURCE, INC.",20240630,1,34383000.0,29566000.0,42395000.0,17674000.0,-24478000.0,123.3,51.4,-71.19
1412502,STERLING REAL ESTATE TRUST,20240630,1,34248000.0,,,3334000.0,2320000.0,,9.73,6.77
1462418,ALTISOURCE PORTFOLIO SOLUTIONS S.A.,20240630,1,34208000.0,26404000.0,12717000.0,-105000.0,,37.18,-0.31,
846475,ZYNEX INC,20240630,1,33963000.0,9971000.0,23992000.0,2226000.0,1217000.0,70.64,6.55,3.58
1337013,"INFUSYSTEM HOLDINGS, INC",20240630,1,33698000.0,17030000.0,13444000.0,1855000.0,717000.0,39.9,5.5,2.13
796505,"CLEARFIELD, INC.",20240630,1,33670000.0,38101000.0,10692000.0,-2306000.0,0.0,31.76,-6.85,0.0
1453687,"CARTESIAN THERAPEUTICS, INC.",20240630,1,33445000.0,,,13757000.0,13836000.0,,41.13,41.37
1289945,"SPOK HOLDINGS, INC",20240630,1,33302000.0,7163000.0,26139000.0,4474000.0,3425000.0,78.49,13.43,10.28
1476840,"EXPENSIFY, INC.",20240630,1,33288000.0,14363000.0,18925000.0,219000.0,-2764000.0,56.85,0.66,-8.3
1145986,ASPEN AEROGELS INC,20240630,1,33171000.0,66192000.0,51578000.0,19986000.0,16818000.0,155.49,60.25,50.7
1359687,"RED TRAIL ENERGY, LLC",20240630,1,33042103.0,749101.0,5294634.0,4063255.0,0.0,16.02,12.3,0.0
1870600,"SOLO BRANDS, INC.",20240630,1,32780000.0,,82637000.0,2240000.0,,252.1,6.83,
56978,KULICKE & SOFFA INDUSTRIES INC,20240630,1,32086000.0,96920000.0,84730000.0,27751000.0,12264000.0,264.07,86.49,38.22
701719,ENVELA CORP,20240630,1,31990028.0,5938846.0,0.0,1909142.0,1564179.0,0.0,5.97,4.89
1793659,"RUSH STREET INTERACTIVE, INC.",20240630,1,31866000.0,144477000.0,-112611000.0,4197000.0,-100000.0,-353.39,13.17,-0.31
1397047,"FLEXSHOPPER, INC.",20240630,1,31758885.0,,,2377066.0,-1603059.0,,7.48,-5.05
1959455,HIMALAYA SHIPPING LTD.,20240630,1,31202000.0,5610000.0,25592000.0,17516000.0,6863000.0,82.02,56.14,22.0
1045609,"PROLOGIS, INC.",20240630,1,31159000.0,,,24363000.0,861348000.0,,78.19,2764.36
1101680,DZS INC.,20240630,1,31066000.0,20627000.0,10439000.0,-17166000.0,22122000.0,33.6,-55.26,71.21
1015383,"AMMO, INC.",20240630,1,30953550.0,21164428.0,9789122.0,4402536.0,,31.63,14.22,
722572,FRANKLIN WIRELESS CORP,20240630,4,30796690.0,27288340.0,3508350.0,-5939755.0,-3964016.0,11.39,-19.29,-12.87
1020214,CERUS CORP,20240630,1,30796000.0,20413000.0,24666000.0,-3836000.0,-5775000.0,80.09,-12.46,-18.75
884624,ORTHOFIX MEDICAL INC.,20240630,1,30586000.0,63871000.0,134749000.0,-24906000.0,-33443000.0,440.56,-81.43,-109.34
1304421,"CONSOLIDATED COMMUNICATIONS HOLDINGS, INC.",20240630,1,30509000.0,,,-21569000.0,,,-70.7,
12040,FLANIGANS ENTERPRISES INC,20240630,1,30471000.0,13104000.0,17367000.0,2287000.0,648000.0,57.0,7.51,2.13
924717,SURMODICS INC,20240630,1,30341000.0,8448000.0,21893000.0,-5369000.0,-7554000.0,72.16,-17.7,-24.9
55242,KENNAMETAL INC,20240630,4,30224000.0,1419806000.0,627093000.0,-2207000.0,109323000.0,2074.82,-7.3,361.71
1803901,"TALKSPACE, INC.",20240630,1,29945000.0,25107000.0,20951000.0,-3486000.0,-474000.0,69.96,-11.64,-1.58
351834,SUNOPTA INC.,20240630,1,29935000.0,149147000.0,21848000.0,2612000.0,,72.98,8.73,
1615165,"VERITONE, INC.",20240630,1,29870000.0,6580000.0,23290000.0,-17662000.0,-22231000.0,77.97,-59.13,-74.43
46250,HAWKINS INC,20240630,1,29646000.0,191224000.0,34955000.0,20789000.0,0.0,117.91,70.12,0.0
1640266,"VOYAGER THERAPEUTICS, INC.",20240630,1,29578000.0,,,-15025000.0,-10141000.0,,-50.8,-34.29
40570,GEE GROUP INC.,20240630,1,29456000.0,19861000.0,9595000.0,-94000.0,0.0,32.57,-0.32,0.0
1550695,PERFORMANT FINANCIAL CORP,20240630,1,29362000.0,,,-2741000.0,-2996000.0,,-9.34,-10.2
807863,MITEK SYSTEMS INC,20240630,1,29286000.0,54000.0,29232000.0,734000.0,216000.0,99.82,2.51,0.74
1828852,"MONDEE HOLDINGS, INC.",20240630,1,29273000.0,,,-10301000.0,-25512000.0,,-35.19,-87.15
1782430,"STRAWBERRY FIELDS REIT, INC.",20240630,1,29272000.0,,,15298000.0,938000.0,,52.26,3.2
898437,"ANIKA THERAPEUTICS, INC.",20240630,1,28988000.0,14556000.0,27365000.0,161000.0,0.0,94.4,0.56,0.0
1431695,OLO INC.,20240630,1,28890000.0,811000.0,39905000.0,977000.0,5729000.0,138.13,3.38,19.83
1110611,ON24 INC.,20240630,1,28701000.0,2506000.0,27811000.0,-13059000.0,-11175000.0,96.9,-45.5,-38.94
46129,ALLIENT INC,20240630,1,28662000.0,95356000.0,40676000.0,4879000.0,,141.92,17.02,
1643615,"MONTROSE ENVIRONMENTAL GROUP, INC.",20240630,1,28597000.0,104086000.0,-75489000.0,-2651000.0,-10170000.0,-263.98,-9.27,-35.56
1714562,"GAMESQUARE HOLDINGS, INC.",20240630,1,28586965.0,1538081.0,27048884.0,-8288179.0,-11613551.0,94.62,-28.99,-40.63
60714,"LSB INDUSTRIES, INC.",20240630,1,28448000.0,112658000.0,27415000.0,14403000.0,9555000.0,96.37,50.63,33.59
1779474,"WM TECHNOLOGY, INC.",20240630,1,28415000.0,2245000.0,26170000.0,1231000.0,716000.0,92.1,4.33,2.52
1856031,VIVID SEATS INC.,20240630,1,28270000.0,,,7882000.0,644000.0,,27.88,2.28
1049606,COMPX INTERNATIONAL INC,20240630,1,28213000.0,24722000.0,11165000.0,5081000.0,4844000.0,39.57,18.01,17.17
1874875,"HOUR LOOP, INC",20240630,1,28070707.0,12445297.0,15625410.0,937196.0,,55.66,3.34,
884144,ASURE SOFTWARE INC,20240630,1,28044000.0,9176000.0,18868000.0,-4182000.0,-4360000.0,67.28,-14.91,-15.55
1039280,NETSOL TECHNOLOGIES INC,20240630,4,27990332.0,32108221.0,29284870.0,3493555.0,536141.0,104.62,12.48,1.92
1051627,AXT INC,20240630,1,27923000.0,20271000.0,4161000.0,-1885000.0,-1516000.0,14.9,-6.75,-5.43
1057352,"COSTAR GROUP, INC.",20240630,1,27900000.0,135800000.0,542000000.0,-16100000.0,19200000.0,1942.65,-57.71,68.82
1519061,TRINSEO PLC,20240630,1,27300000.0,851600000.0,55300000.0,13900000.0,-67800000.0,202.56,50.92,-248.35
84748,ROGERS CORP,20240630,1,27000000.0,141100000.0,73100000.0,3000000.0,8100000.0,270.74,11.11,30.0
1816581,"OUSTER, INC.",20240630,1,26990000.0,17892000.0,9098000.0,-25250000.0,-23869000.0,33.71,-93.55,-88.44
1351636,"SOUNDTHINKING, INC.",20240630,1,26960000.0,10887000.0,16073000.0,-43000.0,-752000.0,59.62,-0.16,-2.79
1376339,"MIMEDX GROUP, INC.",20240630,1,26956000.0,14855000.0,72352000.0,23450000.0,17625000.0,268.41,86.99,65.38
1169445,"TRUBRIDGE, INC.",20240630,1,26666000.0,30269000.0,-3603000.0,-3019000.0,-5049000.0,-13.51,-11.32,-18.93
931148,GRAFTECH INTERNATIONAL LTD,20240630,1,26595000.0,,3976000.0,-2679000.0,-14752000.0,14.95,-10.07,-55.47
1437578,BRIGHT HORIZONS FAMILY SOLUTIONS INC.,20240630,1,26492000.0,507647000.0,162412000.0,4822000.0,39174000.0,613.06,18.2,147.87
1556266,"BAIYU HOLDINGS, INC.",20240630,1,26462542.0,26491421.0,-28534.0,-2392422.0,2958947.0,-0.11,-9.04,11.18
1072627,KINGSWAY FINANCIAL SERVICES INC,20240630,1,26446000.0,,,1244000.0,,,4.7,
1056358,MANNATECH INC,20240630,1,26300000.0,6363000.0,21377000.0,-1143000.0,-624000.0,81.28,-4.35,-2.37
1757715,"ATERIAN, INC.",20240630,1,26300000.0,11093000.0,16891000.0,-3205000.0,0.0,64.22,-12.19,0.0
1453593,"XTANT MEDICAL HOLDINGS, INC.",20240630,1,26276000.0,11361000.0,18582000.0,-2946000.0,,70.72,-11.21,
1358190,"IT TECH PACKAGING, INC.",20240630,1,26249788.0,22984488.0,3265299.0,547752.0,-77747.0,12.44,2.09,-0.3
1876945,GOLD FLORA CORP.,20240630,1,26187000.0,24394000.0,7248000.0,-13518000.0,-23835000.0,27.68,-51.62,-91.02
1625278,"NERDWALLET, INC.",20240630,1,26100000.0,14900000.0,11200000.0,-9600000.0,-9400000.0,42.91,-36.78,-36.02
899460,MANNKIND CORP,20240630,1,25592000.0,14772000.0,10820000.0,16610000.0,-2014000.0,42.28,64.9,-7.87
1805385,"EVOLV TECHNOLOGIES HOLDINGS, INC.",20240630,1,25540000.0,11068000.0,14472000.0,-22327000.0,3462000.0,56.66,-87.42,13.56
1842279,OPAL FUELS INC.,20240630,1,25409000.0,30938000.0,-5529000.0,5689000.0,,-21.76,22.39,
1124105,"GYRE THERAPEUTICS, INC.",20240630,1,25225000.0,770000.0,24455000.0,-1152000.0,3528000.0,96.95,-4.57,13.99
34067,DMC GLOBAL INC.,20240630,1,25221000.0,124766000.0,46413000.0,11685000.0,4012000.0,184.03,46.33,15.91
1501989,"CYTOMX THERAPEUTICS, INC.",20240630,1,25115000.0,,,-8452000.0,-6534000.0,,-33.65,-26.02
80035,PREFORMED LINE PRODUCTS CO,20240630,1,24966000.0,94447000.0,6712000.0,11292000.0,9366000.0,26.88,45.23,37.52
1318568,EVERI HOLDINGS INC.,20240630,1,24750000.0,,,6385000.0,9173000.0,,25.8,37.06
1007587,KVH INDUSTRIES INC DE,20240630,1,24674000.0,4299000.0,20375000.0,-2889000.0,-2376000.0,82.58,-11.71,-9.63
1317945,"OMEGA FLEX, INC.",20240630,1,24620000.0,9398000.0,15222000.0,5283000.0,4496000.0,61.83,21.46,18.26
927003,ADVANCED ENERGY INDUSTRIES INC,20240630,1,24558000.0,237206000.0,127741000.0,12968000.0,15029000.0,520.16,52.81,61.2
1488139,"AMERESCO, INC.",20240630,1,24203000.0,372813000.0,65169000.0,20953000.0,5010000.0,269.26,86.57,20.7
1429764,BLINK CHARGING CO.,20240630,1,24127000.0,22549000.0,10713000.0,-20649000.0,-20059000.0,44.4,-85.58,-83.14
1631282,DATASEA INC.,20240630,4,23975867.0,69156.0,474105.0,-12125387.0,,1.98,-50.57,
14846,BRT APARTMENTS CORP.,20240630,1,23862000.0,,,119000.0,389000.0,,0.5,1.63
1597672,RAYONIER ADVANCED MATERIALS INC.,20240630,1,23860000.0,370736000.0,48309000.0,12200000.0,11390000.0,202.47,51.13,47.74
1735041,GREENLAND TECHNOLOGIES HOLDING CORP.,20240630,1,23017260.0,16243205.0,6774055.0,3986354.0,4650910.0,29.43,17.32,20.21
1452936,"PACIFIC OAK STRATEGIC OPPORTUNITY REIT, INC.",20240630,1,22921000.0,,,-9485000.0,-44221000.0,,-41.38,-192.93
1835830,"KLAVIYO, INC.",20240630,1,22665000.0,50271000.0,171942000.0,-14053000.0,-4942000.0,758.62,-62.0,-21.8
1176334,MARTIN MIDSTREAM PARTNERS L.P.,20240630,1,22375000.0,76811000.0,-54436000.0,1316000.0,76000.0,-243.29,5.88,0.34
1356115,NEXPOINT DIVERSIFIED REAL ESTATE TRUST,20240630,1,22274000.0,,,593000.0,-9783000.0,,2.66,-43.92
1018164,WILLIS LEASE FINANCE CORP,20240630,1,22223000.0,,,29000.0,42586000.0,,0.13,191.63
1365767,ALLOT LTD.,20240630,1,22164000.0,6989000.0,15175000.0,-3366000.0,-3356000.0,68.47,-15.19,-15.14
1514416,BANDWIDTH INC.,20240630,1,22094000.0,108773000.0,64829000.0,-6074000.0,4055000.0,293.42,-27.49,18.35
1089872,"GAIA, INC",20240630,1,22081000.0,3415000.0,18666000.0,-2019000.0,-2163000.0,84.53,-9.14,-9.8
1905956,TREASURE GLOBAL INC,20240630,4,22066829.0,21250767.0,816062.0,-6062982.0,-6586623.0,3.7,-27.48,-29.85
851520,EXPONENT INC,20240630,1,22059000.0,,,7259000.0,29227000.0,,32.91,132.49
1123494,HARVARD BIOSCIENCE INC,20240630,1,21983000.0,9879000.0,13218000.0,-2069000.0,-2927000.0,60.13,-9.41,-13.31
1600641,"1STDIBS.COM, INC.",20240630,1,21962000.0,6290000.0,15945000.0,-6494000.0,-4437000.0,72.6,-29.57,-20.2
1109116,ENTRAVISION COMMUNICATIONS CORP,20240630,1,21939000.0,24424000.0,-2485000.0,7683000.0,,-11.33,35.02,
1816613,MARKFORGED HOLDING CORP,20240630,1,21688000.0,10810000.0,10878000.0,-17042000.0,-14398000.0,50.16,-78.58,-66.39
1598981,SKYX PLATFORMS CORP.,20240630,1,21446148.0,14869521.0,6576627.0,-6235299.0,-7462949.0,30.67,-29.07,-34.8
1841761,"GROVE COLLABORATIVE HOLDINGS, INC.",20240630,1,21438000.0,24036000.0,28063000.0,-6936000.0,-10061000.0,130.9,-32.35,-46.93
793306,BLUE DOLPHIN ENERGY CO,20240630,1,21432000.0,73715000.0,1274000.0,-6626000.0,-6350000.0,5.94,-30.92,-29.63
1643154,"IANTHUS CAPITAL HOLDINGS, INC.",20240630,1,21414000.0,22309000.0,20690000.0,-225000.0,-9789000.0,96.62,-1.05,-45.71
1615222,"MOODY NATIONAL REIT II, INC.",20240630,1,21362000.0,14185000.0,7177000.0,-20812000.0,,33.6,-97.43,
1771514,EXCHANGERIGHT INCOME FUND,20240630,1,21179000.0,,,7862000.0,-19000.0,,37.12,-0.09
701288,ATRION CORP,20240630,1,21098000.0,32926000.0,15847000.0,534000.0,402000.0,75.11,2.53,1.91
1688757,ESTABLISHMENT LABS HOLDINGS INC.,20240630,1,20956000.0,15181000.0,28936000.0,-9344000.0,-17181000.0,138.08,-44.59,-81.99
65596,SIEBERT FINANCIAL CORP,20240630,1,20863000.0,,,5579000.0,,,26.74,
1771706,VIREO GROWTH INC.,20240630,1,20819019.0,,13550643.0,5794022.0,-668411.0,65.09,27.83,-3.21
1160791,GOLD RESOURCE CORP,20240630,1,20782000.0,24374000.0,-3592000.0,-11278000.0,-27734000.0,-17.28,-54.27,-133.45
1276531,"SCIENTIFIC ENERGY, INC",20240630,1,20776677.0,15232613.0,5544064.0,820973.0,1094779.0,26.68,3.95,5.27
917491,FARO TECHNOLOGIES INC,20240630,1,20773000.0,11177000.0,44789000.0,1750000.0,-524000.0,215.61,8.42,-2.52
931584,UNIVERSAL STAINLESS & ALLOY PRODUCTS INC,20240630,1,20715000.0,61746000.0,21013000.0,12849000.0,8865000.0,101.44,62.03,42.8
1494650,"OPTINOSE, INC.",20240630,1,20490000.0,1981000.0,18509000.0,-6548000.0,-7581000.0,90.33,-31.96,-37.0
1047335,NATIONAL HEALTHCARE CORP,20240630,1,20416000.0,,,2238000.0,26844000.0,,10.96,131.49
913277,CLARUS CORP,20240630,1,20297000.0,36078000.0,20406000.0,-3662000.0,-5493000.0,100.54,-18.04,-27.06
2186,BK TECHNOLOGIES,20240630,1,20254000.0,,,2025000.0,1664000.0,,10.0,8.22
714256,SANARA MEDTECH INC.,20240630,1,20158823.0,2008686.0,18150137.0,-2884856.0,-3504014.0,90.04,-14.31,-17.38
1499717,"STAFFING 360 SOLUTIONS, INC.",20240630,1,20110000.0,38362000.0,5815000.0,-590000.0,,28.92,-2.93,
1867096,"XERIS BIOPHARMA HOLDINGS, INC.",20240630,1,20046000.0,,,-8187000.0,-15005000.0,,-40.84,-74.85
1760233,"RDE, INC.",20240630,1,20020502.0,16760007.0,3260495.0,-7482429.0,-7744646.0,16.29,-37.37,-38.68
1785279,"METAGENOMI, INC.",20240630,1,20008000.0,,,-16863000.0,-10739000.0,,-84.28,-53.67
897448,AMARIN CORP PLCUK,20240630,1,19977000.0,,42769000.0,-524000.0,1522000.0,214.09,-2.62,7.62
1831651,"SHOALS TECHNOLOGIES GROUP, INC.",20240630,1,19957000.0,59252000.0,39997000.0,18581000.0,11802000.0,200.42,93.11,59.14
1022652,INSEEGO CORP.,20240630,1,19953000.0,30507000.0,23040000.0,2349000.0,624000.0,115.47,11.77,3.13
1766368,"MAYVILLE ENGINEERING COMPANY, INC.",20240630,1,19846000.0,141359000.0,-121513000.0,8150000.0,3782000.0,-612.28,41.07,19.06
1410384,"Q2 HOLDINGS, INC.",20240630,1,19747000.0,86063000.0,86827000.0,-13703000.0,-13060000.0,439.7,-69.39,-66.14
1767258,"XPEL, INC.",20240630,1,19458000.0,62052000.0,47865000.0,19186000.0,15033000.0,245.99,98.6,77.26
1368757,"GTJ REIT, INC.",20240630,1,19346000.0,,,3796000.0,-1733000.0,,19.62,-8.96
1835681,"POWERSCHOOL HOLDINGS, INC.",20240630,1,19321000.0,79831000.0,111761000.0,-8096000.0,-20011000.0,578.44,-41.9,-103.57
889971,LIGHTPATH TECHNOLOGIES INC,20240630,4,19289711.0,23094946.0,8631246.0,-7826664.0,-8007346.0,44.75,-40.57,-41.51
1528287,NEUROPACE INC,20240630,1,19256000.0,5122000.0,14134000.0,-6230000.0,-7514000.0,73.4,-32.35,-39.02
1776738,CANNABIST CO HOLDINGS INC.,20240630,1,19097000.0,,48052000.0,8006000.0,,251.62,41.92,
278165,OMNIQ CORP.,20240630,1,19057000.0,14174000.0,4883000.0,-923000.0,,25.62,-4.84,
1720116,"RED VIOLET, INC.",20240630,1,19056000.0,,,3068000.0,2637000.0,,16.1,13.84
1879403,LA ROSA HOLDINGS CORP.,20240630,1,19051420.0,17465109.0,25985.0,-1840425.0,-2320072.0,0.14,-9.66,-12.18
1165002,WESTWOOD HOLDINGS GROUP INC,20240630,1,18909000.0,,,-4178000.0,-2243000.0,,-22.1,-11.86
1738827,"KLX ENERGY SERVICES HOLDINGS, INC.",20240630,1,18900000.0,136000000.0,-117100000.0,-9200000.0,-8000000.0,-619.58,-48.68,-42.33
1053369,ELITE PHARMACEUTICALS INC /NV/,20240630,1,18803063.0,10328285.0,8474778.0,6311251.0,615773.0,45.07,33.57,3.27
108985,YORK WATER CO,20240630,1,18750000.0,,,7062000.0,0.0,,37.66,0.0
1783875,4FRONT VENTURES CORP.,20240630,1,18656000.0,11317000.0,7339000.0,-4390000.0,-4867000.0,39.34,-23.53,-26.09
1580560,FLYWIRE CORP,20240630,1,18378000.0,,,-15787000.0,-13880000.0,,-85.9,-75.53
1603756,"AXONICS, INC.",20240630,1,18306000.0,25422000.0,89143000.0,3681000.0,6899000.0,486.96,20.11,37.69
1005210,SUBURBAN PROPANE PARTNERS LP,20240630,1,18289000.0,94400000.0,-76111000.0,1771000.0,-17191000.0,-416.16,9.68,-94.0
1496963,"SQUARESPACE, INC.",20240630,1,18281000.0,82939000.0,213830000.0,16870000.0,6133000.0,1169.68,92.28,33.55
1759774,"POSTAL REALTY TRUST, INC.",20240630,1,18050000.0,,,4109000.0,817000.0,,22.76,4.53
1837014,"SMARTRENT, INC.",20240630,1,18026000.0,8869000.0,9157000.0,-6918000.0,-4605000.0,50.8,-38.38,-25.55
1325618,IRADIMED CORP,20240630,1,17928876.0,3919283.0,14009593.0,5627043.0,4901224.0,78.14,31.39,27.34
320121,TELOS CORP,20240630,1,17867000.0,18791000.0,7265000.0,-8644000.0,-7757000.0,40.66,-48.38,-43.42
314203,MCEWEN MINING INC.,20240630,1,17790000.0,,676000.0,-13947000.0,-12995000.0,3.8,-78.4,-73.05
1293282,TECHTARGET INC,20240630,1,17464000.0,,36797000.0,-2528000.0,1312000.0,210.7,-14.48,7.51
1864943,FGI INDUSTRIES LTD.,20240630,1,17334714.0,20407647.0,8963302.0,-450362.0,163565.0,51.71,-2.6,0.94
1562151,"CRIMSON WINE GROUP, LTD",20240630,1,17246000.0,8455000.0,3978000.0,-46000.0,128000.0,23.07,-0.27,0.74
1581552,"ENERGY 11, L.P.",20240630,1,16986275.0,4960463.0,12025812.0,5037452.0,5009717.0,70.8,29.66,29.49
1432133,KALTURA INC,20240630,1,16884000.0,10861000.0,22932000.0,-8550000.0,-10004000.0,135.82,-50.64,-59.25
1560241,"G1 THERAPEUTICS, INC.",20240630,1,16546000.0,,,-3535000.0,-5469000.0,,-21.36,-33.05
1227636,"NEURONETICS, INC.",20240630,1,16450000.0,4271000.0,12179000.0,-8507000.0,-9832000.0,74.04,-51.71,-59.77
720875,DYNATRONICS CORP,20240630,4,16395499.0,158000.0,7634978.0,-2273048.0,-2697719.0,46.57,-13.86,-16.45
1820190,SCILEX HOLDING CO,20240630,1,16370000.0,4390000.0,11980000.0,-15623000.0,-37582000.0,73.18,-95.44,-229.58
1721741,"LAZYDAYS HOLDINGS, INC.",20240630,1,16041000.0,7150000.0,47404000.0,-8518000.0,-44221000.0,295.52,-53.1,-275.67
1816708,"OWLET, INC.",20240630,1,15893000.0,10447000.0,10252000.0,-2244000.0,-1147000.0,64.51,-14.12,-7.22
1683606,CARS.COM INC.,20240630,1,15828000.0,,,9517000.0,11381000.0,,60.13,71.9
1837686,"VIMEO, INC.",20240630,1,15760000.0,22678000.0,81698000.0,7461000.0,10121000.0,518.39,47.34,64.22
1550913,"MACKENZIE REALTY CAPITAL, INC.",20240630,4,15736103.0,,,-9917678.0,,,-63.02,
1490161,SOW GOOD INC.,20240630,1,15648046.0,6640917.0,9007129.0,4885096.0,3335142.0,57.56,31.22,21.31
1680873,HF FOODS GROUP INC.,20240630,1,15645000.0,249877000.0,52465000.0,2625000.0,17000.0,335.35,16.78,0.11
1034760,WIDEPOINT CORP,20240630,1,15637491.0,31147549.0,4893222.0,-461585.0,0.0,31.29,-2.95,0.0
78749,AGILYSYS INC,20240630,1,15595000.0,10310000.0,39868000.0,5747000.0,14106000.0,255.65,36.85,90.45
1948864,HEALTHY CHOICE WELLNESS CORP.,20240630,1,15594575.0,9698119.0,5896456.0,-481558.0,-595707.0,37.81,-3.09,-3.82
1819493,"XOS, INC.",20240630,1,15535000.0,13505000.0,2030000.0,-11368000.0,-9663000.0,13.07,-73.18,-62.2
875355,"LENDWAY, INC.",20240630,1,15406000.0,12803000.0,3977000.0,-118000.0,-745000.0,25.81,-0.77,-4.84
909724,TANDY LEATHER FACTORY INC,20240630,1,15300000.0,7268000.0,10018000.0,63000.0,0.0,65.48,0.41,0.0
1509223,"MOATABLE, INC.",20240630,1,15249000.0,3500000.0,11789000.0,-478000.0,-3779000.0,77.31,-3.13,-24.78
1682220,SACHEM CAPITAL CORP.,20240630,1,15146000.0,,,-3315000.0,-3056000.0,,-21.89,-20.18
1392694,"SURGEPAYS, INC.",20240630,1,15085699.0,18528774.0,-3443075.0,-10876053.0,,-22.82,-72.1,
1274737,EXAGEN INC.,20240630,1,15064000.0,6008000.0,9056000.0,-2587000.0,-2966000.0,60.12,-17.17,-19.69
1462056,"BACKBLAZE, INC.",20240630,1,14972000.0,14056000.0,17229000.0,-9809000.0,-10348000.0,115.07,-65.52,-69.12
1574085,BRAEMAR HOTELS & RESORTS INC.,20240630,1,14924000.0,,,12175000.0,-11565000.0,,81.58,-77.49
1867066,JOURNEY MEDICAL CORP,20240630,1,14855000.0,6541000.0,8314000.0,-2927000.0,-3361000.0,55.97,-19.7,-22.63
1806201,OPEN LENDING CORP,20240630,1,14836000.0,5713000.0,21014000.0,3990000.0,2902000.0,141.64,26.89,19.56
1667011,"ARTERIS, INC.",20240630,1,14575000.0,1458000.0,13117000.0,-7441000.0,-8344000.0,90.0,-51.05,-57.25
1600626,PEAKSTONE REALTY TRUST,20240630,1,14554000.0,,,6634000.0,-3768000.0,,45.58,-25.89
96793,SUNLINK HEALTH SYSTEMS INC,20240630,4,14528000.0,18253000.0,-3725000.0,-2411000.0,-1527000.0,-25.64,-16.6,-10.51
1554859,"SEMLER SCIENTIFIC, INC.",20240630,1,14465000.0,1255000.0,13210000.0,5350000.0,11000.0,91.32,36.99,0.08
1856236,"EUROPEAN WAX CENTER, INC.",20240630,1,14465000.0,16024000.0,-1559000.0,14375000.0,4306000.0,-10.78,99.38,29.77
1759824,ALTA EQUIPMENT GROUP INC.,20240630,1,14400000.0,211900000.0,132000000.0,10300000.0,-11900000.0,916.67,71.53,-82.64
1332174,ISHARES S&P GSCI COMMODITY-INDEXED TRUST,20240630,1,14145807.0,,,11931547.0,4499014.0,,84.35,31.8
1769804,"AUGMEDIX, INC.",20240630,1,13664000.0,7209000.0,6455000.0,-8725000.0,-8450000.0,47.24,-63.85,-61.84
1009891,AIR INDUSTRIES GROUP,20240630,1,13572000.0,10928000.0,2644000.0,752000.0,298000.0,19.48,5.54,2.2
707388,"STAR EQUITY HOLDINGS, INC.",20240630,1,13483000.0,11267000.0,2216000.0,-1680000.0,-3787000.0,16.44,-12.46,-28.09
1827090,"CERTARA, INC.",20240630,1,13449000.0,,,-9041000.0,-12574000.0,,-67.22,-93.49
844856,HEALTHIER CHOICES MANAGEMENT CORP.,20240630,1,13423417.0,9698119.0,5896588.0,129315.0,-2506678.0,43.93,0.96,-18.67
1450704,"VIVAKOR, INC.",20240630,1,13310515.0,15070308.0,1110814.0,-2852414.0,-3312998.0,8.35,-21.43,-24.89
1847986,DRAGONFLY ENERGY HOLDINGS CORP.,20240630,1,13208000.0,10041000.0,3167000.0,-6749000.0,,23.98,-51.1,
1474167,COSMOS HEALTH INC.,20240630,1,13206717.0,12439469.0,767248.0,-2502026.0,-2590711.0,5.81,-18.95,-19.62
935419,"RCI HOSPITALITY HOLDINGS, INC.",20240630,1,13137000.0,,,-108000.0,-5233000.0,,-0.82,-39.83
924719,SMITH MIDLAND CORP,20240630,1,13116000.0,14506000.0,5133000.0,2673000.0,0.0,39.14,20.38,0.0
22701,PINEAPPLE ENERGY INC.,20240630,1,13057218.0,8757066.0,4792354.0,-2025944.0,-6934015.0,36.7,-15.52,-53.1
1568385,"BRIGHT MOUNTAIN MEDIA, INC.",20240630,1,13003000.0,9581000.0,3422000.0,-1888000.0,-5208000.0,26.32,-14.52,-40.05
883107,NANOPHASE TECHNOLOGIES CORP,20240630,1,12923000.0,9306000.0,3740000.0,1047000.0,856000.0,28.94,8.1,6.62
887396,EMPIRE PETROLEUM CORP,20240630,1,12798242.0,,,-1925306.0,-4389771.0,,-15.04,-34.3
1855447,"TIGO ENERGY, INC.",20240630,1,12701000.0,8834000.0,3867000.0,-8403000.0,-11321000.0,30.45,-66.16,-89.13
1320350,"LENSAR, INC.",20240630,1,12636000.0,5823000.0,6813000.0,-5280000.0,-9043000.0,53.92,-41.79,-71.57
1737193,LUDUSON G INC.,20240630,1,12500000.0,0.0,12500000.0,12492600.0,12477904.0,100.0,99.94,99.82
1786117,"ALPINE INCOME PROPERTY TRUST, INC.",20240630,1,12490000.0,,,2997000.0,204000.0,,24.0,1.63
1854964,"NEWLAKE CAPITAL PARTNERS, INC.",20240630,1,12455000.0,,,6965000.0,6796000.0,,55.92,54.56
1556898,"TECHPOINT, INC.",20240630,1,12386000.0,8070000.0,8709000.0,4270000.0,4336000.0,70.31,34.47,35.01
1772720,SPRUCE POWER HOLDING CORP,20240630,1,12320000.0,10139000.0,2181000.0,-3360000.0,-8578000.0,17.7,-27.27,-69.63
3545,"ALICO, INC.",20240630,1,12291000.0,,-4576000.0,-6728000.0,-2044000.0,-37.23,-54.74,-16.63
1883788,"DIH HOLDING US, INC.",20240630,1,12283000.0,7521000.0,8666000.0,-1654000.0,,70.55,-13.47,
1826660,WETOUCH TECHNOLOGY INC.,20240630,1,12234575.0,7373757.0,4860818.0,3725228.0,,39.73,30.45,
1117171,"CBAK ENERGY TECHNOLOGY, INC.",20240630,1,12194921.0,35065019.0,-189267.0,-305325.0,7892641.0,-1.55,-2.5,64.72
1224133,MARCHEX INC,20240630,1,12074000.0,4152000.0,7922000.0,-722000.0,-756000.0,65.61,-5.98,-6.26
1831915,"CYTEK BIOSCIENCES, INC.",20240630,1,12068000.0,15808000.0,25436000.0,-8527000.0,,210.77,-70.66,
1054102,"INTERPACE BIOSCIENCES, INC.",20240630,1,12042000.0,4611000.0,7431000.0,2257000.0,,61.71,18.74,
849145,HERITAGE GLOBAL INC.,20240630,1,12023000.0,1450000.0,10573000.0,2122000.0,2497000.0,87.94,17.65,20.77
1660280,"TENABLE HOLDINGS, INC.",20240630,1,12016000.0,48798000.0,172443000.0,-8818000.0,-14572000.0,1435.11,-73.39,-121.27
1493761,TURTLE BEACH CORP,20240630,1,11983000.0,53402000.0,23076000.0,-4111000.0,-7524000.0,192.57,-34.31,-62.79
1140215,"REED'S, INC.",20240630,1,11874000.0,8043000.0,3831000.0,-669000.0,-3212000.0,32.26,-5.63,-27.05
1043337,STONERIDGE INC,20240630,1,11848000.0,183319000.0,-171471000.0,-41000.0,2786000.0,-1447.26,-0.35,23.51
1886894,"SNAIL, INC.",20240630,1,11817742.0,13504174.0,8102476.0,2670962.0,2256151.0,68.56,22.6,19.09
1141197,PEDEVCO CORP,20240630,1,11811000.0,,,2638000.0,0.0,,22.34,0.0
1102238,AMERICAN REALTY INVESTORS INC,20240630,1,11773000.0,,,-1277000.0,1167000.0,,-10.85,9.91
1964979,"ALLURION TECHNOLOGIES, INC.",20240630,1,11766000.0,2773000.0,8993000.0,-9346000.0,-2162000.0,76.43,-79.43,-18.37
1394056,"ONE STOP SYSTEMS, INC.",20240630,1,11753124.0,9868067.0,1957198.0,775487.0,-2344545.0,16.65,6.6,-19.95
891482,FULL HOUSE RESORTS INC,20240630,1,11634000.0,990000.0,10644000.0,2315000.0,-8629000.0,91.49,19.9,-74.17
1877939,"CASTELLUM, INC.",20240630,1,11522388.0,6849180.0,4673208.0,-1570205.0,-1846735.0,40.56,-13.63,-16.03
14177,BRIDGFORD FOODS CORP,20240630,1,11517000.0,8670000.0,2847000.0,-3078000.0,,24.72,-26.73,
1282224,"DOLPHIN ENTERTAINMENT, INC.",20240630,1,11449089.0,216247.0,11232842.0,-1119465.0,-1624458.0,98.11,-9.78,-14.19
901491,PAPA JOHNS INTERNATIONAL INC,20240630,1,11433000.0,,,2170000.0,1032000.0,,18.98,9.03
1645873,"MODIV INDUSTRIAL, INC.",20240630,1,11409514.0,,,5092550.0,1324917.0,,44.63,11.61
1650696,"LAIRD SUPERFOOD, INC.",20240630,1,11285793.0,5826373.0,4177281.0,-338621.0,0.0,37.01,-3.0,0.0
791908,XOMA ROYALTY CORP,20240630,1,11086000.0,,,-10079000.0,15985000.0,,-90.92,144.19
1111741,DYNARESOURCE INC,20240630,1,11083602.0,,,-2885637.0,-2927414.0,,-26.04,-26.41
1006655,EVOLUTION PETROLEUM CORP,20240630,4,10906000.0,48273000.0,-37367000.0,7906000.0,4080000.0,-342.63,72.49,37.41
1026655,CORE MOLDING TECHNOLOGIES INC,20240630,1,10730000.0,71018000.0,17725000.0,7489000.0,6419000.0,165.19,69.79,59.82
1024672,ELTEK LTD,20240630,1,10466000.0,8830000.0,1636000.0,405000.0,0.0,15.63,3.87,0.0
1542447,"RREEF PROPERTY TRUST, INC.",20240630,1,10417000.0,,,177000.0,-11000.0,,1.7,-0.11
1111485,"RXSIGHT, INC.",20240630,1,10189000.0,10637000.0,24250000.0,-8333000.0,-6079000.0,238.0,-81.78,-59.66
764897,"BROAD STREET REALTY, INC.",20240630,1,10131000.0,,,-458000.0,,,-4.52,
1498233,"CEPTON, INC.",20240630,1,10100000.0,4074000.0,6354000.0,-589000.0,181000.0,62.91,-5.83,1.79
1456189,LEATT CORP,20240630,1,10078695.0,6157282.0,3921413.0,-1130386.0,-1057363.0,38.91,-11.22,-10.49
1309082,"CAMBER ENERGY, INC.",20240630,1,9919961.0,6857221.0,3062740.0,-1529317.0,-2821260.0,30.87,-15.42,-28.44
1320760,"TSS, INC.",20240630,1,9874000.0,7623000.0,4536000.0,617000.0,1402000.0,45.94,6.25,14.2
1377630,"NATIONAL CINEMEDIA, INC.",20240630,1,9800000.0,3700000.0,6100000.0,-9300000.0,-8700000.0,62.24,-94.9,-88.78
719135,APYX MEDICAL CORP,20240630,1,9766000.0,4656000.0,7493000.0,-4312000.0,-6556000.0,76.73,-44.15,-67.13
1398733,"AQUESTIVE THERAPEUTICS, INC.",20240630,1,9643000.0,4526000.0,5117000.0,55000.0,-2745000.0,53.06,0.57,-28.47
1834494,"MERIDIANLINK, INC.",20240630,1,9559000.0,28176000.0,50500000.0,-1097000.0,,528.3,-11.48,
1368265,CLEAN ENERGY FUELS CORP.,20240630,1,9523000.0,53914000.0,-44391000.0,-5592000.0,-16293000.0,-466.15,-58.72,-171.09
1615063,"INSPIRED ENTERTAINMENT, INC.",20240630,1,9400000.0,,,9400000.0,2000000.0,,100.0,21.28
1402328,"SUNSHINE BIOPHARMA, INC",20240630,1,9303067.0,6946810.0,2356257.0,-1268276.0,-494300.0,25.33,-13.63,-5.31
1272842,AIRGAIN INC,20240630,1,9300000.0,9036000.0,6148000.0,-2505000.0,-2513000.0,66.11,-26.94,-27.02
1850902,"ALPHA TEKNOVA, INC.",20240630,1,9228000.0,6810000.0,2804000.0,-5100000.0,-5364000.0,30.39,-55.27,-58.13
1438423,EVERSPIN TECHNOLOGIES INC,20240630,1,9227000.0,5235000.0,5216000.0,-2819000.0,-2502000.0,56.53,-30.55,-27.12
1884516,DRILLING TOOLS INTERNATIONAL CORP,20240630,1,9205000.0,7454000.0,1751000.0,2235000.0,365000.0,19.02,24.28,3.97
1746466,"EQUILLIUM, INC.",20240630,1,9200000.0,,,-100000.0,468000.0,,-1.09,5.09
1914496,"SCULPTOR DIVERSIFIED REAL ESTATE INCOME TRUST, INC.",20240630,1,9170000.0,802000.0,8368000.0,1466000.0,-2053000.0,91.25,15.99,-22.39
1173204,CINEVERSE CORP.,20240630,1,9127000.0,,,-2778000.0,-3050000.0,,-30.44,-33.42
1934064,"PROSOMNUS, INC.",20240630,1,9092000.0,4268000.0,4824000.0,-2249000.0,-15181000.0,53.06,-24.74,-166.97
1696088,"ENERGY RESOURCES 12, L.P.",20240630,1,9085649.0,4769531.0,4316118.0,-1386511.0,-1427564.0,47.5,-15.26,-15.71
1710340,"ETON PHARMACEUTICALS, INC.",20240630,1,9074000.0,3448000.0,5626000.0,-2935000.0,0.0,62.0,-32.35,0.0
1027838,TACTILE SYSTEMS TECHNOLOGY INC,20240630,1,8951000.0,2852000.0,48004000.0,5849000.0,4298000.0,536.3,65.34,48.02
1114925,LANTRONIX INC,20240630,4,8924000.0,95973000.0,64354000.0,-2862000.0,,721.13,-32.07,
1437226,"MASTECH DIGITAL, INC.",20240630,1,8876000.0,35554000.0,13980000.0,1642000.0,1391000.0,157.5,18.5,15.67
1140102,"HIREQUEST, INC.",20240630,1,8680000.0,,,2695000.0,2039000.0,,31.05,23.49
1698538,"STRATEGIC STUDENT & SENIOR HOUSING TRUST, INC.",20240630,1,8615846.0,,,-316046.0,,,-3.67,
761648,"CEDAR REALTY TRUST, INC.",20240630,1,8611000.0,,,2330000.0,18000.0,,27.06,0.21
1538495,"EARTH SCIENCE TECH, INC.",20240630,1,8568918.0,2158484.0,6410434.0,1065018.0,1076254.0,74.81,12.43,12.56
885508,STRATUS PROPERTIES INC,20240630,1,8490000.0,7568000.0,922000.0,-3826000.0,,10.86,-45.06,
1362190,AUDIOEYE INC,20240630,1,8470000.0,1764000.0,6706000.0,-497000.0,-735000.0,79.17,-5.87,-8.68
1051514,"STRATA SKIN SCIENCES, INC.",20240630,1,8435000.0,3498000.0,3485000.0,-486000.0,-99000.0,41.32,-5.76,-1.17
1410428,"XWELL, INC.",20240630,1,8402000.0,6203000.0,3079000.0,-2061000.0,-1996000.0,36.65,-24.53,-23.76
1854445,"GLIMPSE GROUP, INC.",20240630,4,8130515.0,2941460.0,5862739.0,-6616059.0,,72.11,-81.37,
19871,CHICAGO RIVET & MACHINE CO,20240630,1,8059477.0,6644031.0,1415446.0,107559.0,142141.0,17.56,1.33,1.76
1922858,"ECD AUTOMOTIVE DESIGN, INC.",20240630,1,7989055.0,6054705.0,2817298.0,117509.0,,35.26,1.47,
1893448,"STRONG GLOBAL ENTERTAINMENT, INC.",20240630,1,7955000.0,6597000.0,1524000.0,-711000.0,-592000.0,19.16,-8.94,-7.44
1407973,"SONENDO, INC.",20240630,1,7941000.0,5198000.0,3116000.0,-6687000.0,-7365000.0,39.24,-84.21,-92.75
38264,"FORWARD INDUSTRIES, INC.",20240630,1,7886726.0,6280836.0,1605890.0,-382000.0,-399585.0,20.36,-4.84,-5.07
1285550,"CLEARPOINT NEURO, INC.",20240630,1,7858000.0,2870000.0,4988000.0,-4739000.0,-4408000.0,63.48,-60.31,-56.1
1858685,BIOFRONTERA INC.,20240630,1,7839000.0,250000.0,7589000.0,-5071000.0,-257000.0,96.81,-64.69,-3.28
356037,CSP INC /MA/,20240630,1,7825000.0,2000000.0,4582000.0,956000.0,-185000.0,58.56,12.22,-2.36
1777319,"CISO GLOBAL, INC.",20240630,1,7808425.0,6874516.0,933909.0,-4241607.0,-8436887.0,11.96,-54.32,-108.05
1145255,HENNESSY ADVISORS INC,20240630,1,7784000.0,,,2585000.0,0.0,,33.21,0.0
872912,"DELCATH SYSTEMS, INC.",20240630,1,7766000.0,1519000.0,6247000.0,-3912000.0,-13741000.0,80.44,-50.37,-176.94
1369290,"MYOMO, INC.",20240630,1,7520767.0,2195255.0,5325512.0,-1115064.0,-1121607.0,70.81,-14.83,-14.91
1833498,"SPECTRAL AI, INC.",20240630,1,7478000.0,4164000.0,3314000.0,-2442000.0,-2864000.0,44.32,-32.66,-38.3
1604868,GROWGENERATION CORP.,20240630,1,7426000.0,,10936000.0,-6514000.0,-5896000.0,147.27,-87.72,-79.4
1817004,EZFILL HOLDINGS INC,20240630,1,7398278.0,6847450.0,550828.0,-1519274.0,-3361233.0,7.45,-20.54,-45.43
797542,VIEWBIX INC.,20240630,1,7333000.0,,,-5479000.0,-7177000.0,,-74.72,-97.87
1006045,IRIDEX CORP,20240630,1,7295000.0,7496000.0,5135000.0,-2638000.0,-2679000.0,70.39,-36.16,-36.72
1211583,FENNEC PHARMACEUTICALS INC.,20240630,1,7262000.0,,,-5039000.0,-5553000.0,,-69.39,-76.47
1495231,"IZEA WORLDWIDE, INC.",20240630,1,7200000.0,5177600.0,2022400.0,-2889308.0,-2194828.0,28.09,-40.13,-30.48
1417663,"SANUWAVE HEALTH, INC.",20240630,1,7162000.0,1922000.0,5240000.0,1992000.0,6561000.0,73.16,27.81,91.61
874396,"LIFETIME BRANDS, INC",20240630,1,7150000.0,87116000.0,54550000.0,-2932000.0,-18167000.0,762.94,-41.01,-254.08
50292,IEH CORP,20240630,1,7104977.0,4894518.0,2210459.0,332979.0,,31.11,4.69,
1674862,ASHLAND INC.,20240630,1,7000000.0,358000000.0,186000000.0,6000000.0,,2657.14,85.71,
1809987,"MIRION TECHNOLOGIES, INC.",20240630,1,7000000.0,27500000.0,97400000.0,5000000.0,-11700000.0,1391.43,71.43,-167.14
1865506,ZEO ENERGY CORP.,20240630,1,6997626.0,,,-2195571.0,167238.0,,-31.38,2.39
1852575,"STRATEGIC STORAGE TRUST VI, INC.",20240630,1,6996388.0,,,-2845514.0,,,-40.67,
1814974,"BBX CAPITAL, INC.",20240630,1,6900000.0,0.0,6900000.0,-6375000.0,-9979000.0,100.0,-92.39,-144.62
1386301,"RESEARCH SOLUTIONS, INC.",20240630,4,6879800.0,24983733.0,19640166.0,-769543.0,0.0,285.48,-11.19,0.0
1023024,ANI PHARMACEUTICALS INC,20240630,1,6800000.0,,,5169000.0,-2287000.0,,76.01,-33.63
724910,NVE CORP /NEW/,20240630,1,6783244.0,975494.0,5807750.0,4388818.0,4097587.0,85.62,64.7,60.41
1756180,"NOCERA, INC.",20240630,1,6753112.0,6707325.0,45787.0,-263008.0,-354278.0,0.68,-3.89,-5.25
1366868,"GLOBALSTAR, INC.",20240630,1,6716000.0,2066000.0,4650000.0,-1422000.0,-9683000.0,69.24,-21.17,-144.18
1096056,LUXFER HOLDINGS PLC,20240630,1,6700000.0,77700000.0,22000000.0,3800000.0,-500000.0,328.36,56.72,-7.46
1801602,"SPRINGBIG HOLDINGS, INC.",20240630,1,6612000.0,1915000.0,4697000.0,-57000.0,-647000.0,71.04,-0.86,-9.79
1941536,"BRIDGER AEROSPACE GROUP HOLDINGS, INC.",20240630,1,6511000.0,9867000.0,3147000.0,-4755000.0,-9981000.0,48.33,-73.03,-153.29
1842566,"AIRSHIP AI HOLDINGS, INC.",20240630,1,6401031.0,1894824.0,4506207.0,976316.0,0.0,70.4,15.25,0.0
1847590,BOWMAN CONSULTING GROUP LTD.,20240630,1,6333000.0,49616000.0,-43283000.0,-1235000.0,-2082000.0,-683.45,-19.5,-32.88
1691936,"STRYVE FOODS, INC.",20240630,1,6177902.0,4484309.0,1693593.0,-2232953.0,-2961747.0,27.41,-36.14,-47.94
12239,DOMINARI HOLDINGS INC.,20240630,1,6174000.0,,,-532000.0,-5792000.0,,-8.62,-93.81
933738,ENGLOBAL CORP,20240630,1,6140000.0,,751000.0,-1129000.0,-1206000.0,12.23,-18.39,-19.64
1030192,"IDAHO STRATEGIC RESOURCES, INC.",20240630,1,6125382.0,3051957.0,3073425.0,2095596.0,2157873.0,50.18,34.21,35.23
34285,RELIABILITY INC,20240630,1,6041000.0,5237000.0,804000.0,-182000.0,-134000.0,13.31,-3.01,-2.22
1948455,ISPIRE TECHNOLOGY INC.,20240630,4,5979655.0,122126245.0,29782446.0,294763.0,-14767822.0,498.06,4.93,-246.97
843006,ISSUER DIRECT CORP,20240630,1,5944000.0,1785000.0,5902000.0,334000.0,7000.0,99.29,5.62,0.12
768408,CYANOTECH CORP,20240630,1,5898000.0,4422000.0,1476000.0,-1041000.0,-1202000.0,25.03,-17.65,-20.38
1802156,"XPONENTIAL FITNESS, INC.",20240630,1,5882000.0,5834000.0,48000.0,-2408000.0,-9102000.0,0.82,-40.94,-154.74
1110607,"KOIL ENERGY SOLUTIONS, INC.",20240630,1,5779000.0,3530000.0,2249000.0,981000.0,984000.0,38.92,16.98,17.03
1437925,"GOLDEN MATRIX GROUP, INC.",20240630,1,5656849.0,2710003.0,21685542.0,125112.0,0.0,383.35,2.21,0.0
1069394,FLEXIBLE SOLUTIONS INTERNATIONAL INC,20240630,1,5520361.0,6589644.0,3939095.0,1813781.0,1289796.0,71.36,32.86,23.36
1852973,BOREALIS FOODS INC.,20240630,1,5476476.0,4902958.0,422322.0,-5189347.0,-6297740.0,7.71,-94.76,-115.0
90168,SIFCO INDUSTRIES INC,20240630,1,5470000.0,24725000.0,4534000.0,1344000.0,72000.0,82.89,24.57,1.32
1830188,"UNITED HOMES GROUP, INC.",20240630,1,5466044.0,89842341.0,19577696.0,-35788.0,28640033.0,358.17,-0.65,523.96
13156,"GALAXY GAMING, INC.",20240630,1,5453786.0,598696.0,4855090.0,2343984.0,242697.0,89.02,42.98,4.45
1443611,SINGLEPOINT INC.,20240630,1,5447937.0,4051883.0,1396054.0,-4589560.0,-9883004.0,25.63,-84.24,-181.41
1023731,8X8 INC /DE/,20240630,1,5346000.0,7691000.0,120960000.0,-1374000.0,-10290000.0,2262.63,-25.7,-192.48
1892492,EIGHTCO HOLDINGS INC.,20240630,1,5283593.0,3959810.0,1777811.0,-963207.0,4448892.0,33.65,-18.23,84.2
1302028,"MANITEX INTERNATIONAL, INC.",20240630,1,5211000.0,59074000.0,17161000.0,3554000.0,1490000.0,329.32,68.2,28.59
1730430,"KINIKSA PHARMACEUTICALS INTERNATIONAL, PLC",20240630,1,5156000.0,2814000.0,2342000.0,-117000.0,-3908000.0,45.42,-2.27,-75.8
1607962,REWALK ROBOTICS LTD.,20240630,1,5128000.0,3950000.0,2757000.0,-4443000.0,0.0,53.76,-86.64,0.0
1842556,HNR ACQUISITION CORP.,20240630,1,5060795.0,,,-329101.0,-637795.0,,-6.5,-12.6
833640,POWER INTEGRATIONS INC,20240630,1,5059000.0,49665000.0,56533000.0,1958000.0,4849000.0,1117.47,38.7,95.85
814676,CPS TECHNOLOGIES CORP/DE/,20240630,1,5030313.0,5260305.0,-229992.0,-1314987.0,-954304.0,-4.57,-26.14,-18.97
315958,CREDITRISKMONITOR COM INC,20240630,1,4933767.0,,,-25644.0,0.0,,-0.52,0.0
1684693,SOL-GEL TECHNOLOGIES LTD.,20240630,1,4800000.0,,,1624000.0,1976000.0,,33.83,41.17
1844971,GREENIDGE GENERATION HOLDINGS INC.,20240630,1,4775000.0,,,-3700000.0,-5568000.0,,-77.49,-116.61
1006281,"PROTALIX BIOTHERAPEUTICS, INC.",20240630,1,4716000.0,9456000.0,-4740000.0,-2427000.0,-2203000.0,-100.51,-51.46,-46.71
1340476,DIRTT ENVIRONMENTAL SOLUTIONS LTD,20240630,1,4659000.0,25389000.0,15375000.0,1016000.0,596000.0,330.01,21.81,12.79
1761696,CROWN ELECTROKINETICS CORP.,20240630,1,4648000.0,4039000.0,609000.0,-85000.0,-5029000.0,13.1,-1.83,-108.2
1013706,"WILHELMINA INTERNATIONAL, INC.",20240630,1,4591000.0,,,397000.0,,,8.65,
1017655,PAID INC,20240630,1,4579273.0,3495730.0,1107569.0,-75526.0,770452.0,24.19,-1.65,16.82
1938338,GLOBALTECH CORP,20240630,1,4562706.0,,,-921489.0,-1231618.0,,-20.2,-26.99
1826600,"MONTAUK RENEWABLES, INC.",20240630,1,4500000.0,,,868000.0,-712000.0,,19.29,-15.82
1674356,"TERRA PROPERTY TRUST, INC.",20240630,1,4462447.0,,,701834.0,-7539310.0,,15.73,-168.95
1519472,"SOLARMAX TECHNOLOGY, INC.",20240630,1,4454301.0,3866218.0,588083.0,-2399569.0,-2343536.0,13.2,-53.87,-52.61
1471727,BETTER CHOICE CO INC.,20240630,1,4406000.0,5289000.0,3253000.0,-724000.0,2654000.0,73.83,-16.43,60.24
1496383,ILUSTRATO PICTURES INTERNATIONAL INC.,20240630,1,4245791.0,2688540.0,1557251.0,-399402.0,-700568.0,36.68,-9.41,-16.5
1126741,GSI TECHNOLOGY INC,20240630,1,4240000.0,2510000.0,2161000.0,1080000.0,1078000.0,50.97,25.47,25.42
1676163,"SS INNOVATIONS INTERNATIONAL, INC.",20240630,1,4175755.0,3345560.0,1040491.0,-2767056.0,-2931834.0,24.92,-66.26,-70.21
2003881,"STIRLING HOTELS & RESORTS, INC.",20240630,1,4171000.0,,,-501000.0,-1205000.0,,-12.01,-28.89
1618835,"EVOFEM BIOSCIENCES, INC.",20240630,1,4160000.0,769000.0,3391000.0,-1389000.0,1351000.0,81.51,-33.39,32.48
766829,SJW GROUP,20240630,1,4128000.0,,,-516000.0,-3558000.0,,-12.5,-86.19
1522860,"ACUTUS MEDICAL, INC.",20240630,1,4127000.0,4470000.0,-343000.0,301000.0,-914000.0,-8.31,7.29,-22.15
1718224,"BT BRANDS, INC.",20240630,1,4110639.0,,,-188543.0,-69952.0,,-4.59,-1.7
1510964,"CV SCIENCES, INC.",20240630,1,3954000.0,2094000.0,1860000.0,-583000.0,-584000.0,47.04,-14.74,-14.77
1644903,"CBDMD, INC.",20240630,1,3937930.0,1770364.0,3403514.0,-382028.0,0.0,86.43,-9.7,0.0
102109,UNIVERSAL SECURITY INSTRUMENTS INC,20240630,1,3934490.0,3510812.0,1087704.0,-397318.0,-442206.0,27.65,-10.1,-11.24
928340,CONSOLIDATED WATER CO. LTD.,20240630,1,3926847.0,6097460.0,4511751.0,126805.0,15850257.0,114.9,3.23,403.64
709005,NOBLE ROMANS INC,20240630,1,3904678.0,,,557930.0,56858.0,,14.29,1.46
744825,AMERICAN SHARED HOSPITAL SERVICES,20240630,1,3899000.0,4588000.0,2468000.0,-1000.0,4029000.0,63.3,-0.03,103.33
1923780,NORTHANN CORP.,20240630,1,3888893.0,2988266.0,900627.0,-1167248.0,-997495.0,23.16,-30.01,-25.65
1857086,"TRUGOLF HOLDINGS, INC.",20240630,1,3873163.0,1300212.0,2572951.0,-785042.0,,66.43,-20.27,
1883984,"ALTERNUS CLEAN ENERGY, INC.",20240630,1,3847000.0,,,-1594000.0,,,-41.43,
1809750,EDIBLE GARDEN AG INC,20240630,1,3835000.0,2702000.0,1566000.0,-1182000.0,0.0,40.83,-30.82,0.0
1409375,"ORION ENERGY SYSTEMS, INC.",20240630,1,3831000.0,15607000.0,4299000.0,-3432000.0,-3758000.0,112.22,-89.58,-98.09
1310383,"SUMMIT HEALTHCARE REIT, INC",20240630,1,3792000.0,,,3487000.0,454000.0,,91.96,11.97
1838128,LOWELL FARMS INC.,20240630,1,3538000.0,4092000.0,-554000.0,-2192000.0,0.0,-15.66,-61.96,0.0
1297937,"PARKS AMERICA, INC",20240630,1,3448744.0,,,102581.0,,,2.97,
1141284,ACTELIS NETWORKS INC,20240630,1,3431000.0,1488000.0,1943000.0,66000.0,-78000.0,56.63,1.92,-2.27
1835022,"COYA THERAPEUTICS, INC.",20240630,1,3425271.0,,,-3236125.0,-2891680.0,,-94.48,-84.42
1668010,"DIGITAL BRANDS GROUP, INC.",20240630,1,3396069.0,1837392.0,1558677.0,-2302235.0,,45.9,-67.79,
1034842,RIGEL PHARMACEUTICALS INC,20240630,1,3391000.0,2807000.0,584000.0,447000.0,-1030000.0,17.22,13.18,-30.37
1367083,"SONOMA PHARMACEUTICALS, INC.",20240630,1,3391000.0,2085000.0,1306000.0,-1173000.0,,38.51,-34.59,
1898604,YOSHIHARU GLOBAL CO.,20240630,1,3325396.0,,,-947377.0,,,-28.49,
1393781,QUALITY INDUSTRIAL CORP.,20240630,1,3317206.0,2068708.0,1248498.0,423068.0,107895.0,37.64,12.75,3.25
1700849,VADO CORP.,20240630,1,3314458.0,6018725.0,1353668.0,-1238224.0,-1749677.0,40.84,-37.36,-52.79
1053691,CERVOMED INC.,20240630,1,3300000.0,,,-2995099.0,0.0,,-90.76,0.0
733590,TRANSCONTINENTAL REALTY INVESTORS INC,20240630,1,3261000.0,,,-1082000.0,1498000.0,,-33.18,45.94
1812727,"RELIANCE GLOBAL GROUP, INC.",20240630,1,3233342.0,,,-1146578.0,,,-35.46,
1728688,"I3 VERTICALS, INC.",20240630,1,3228000.0,,,-669000.0,-7545000.0,,-20.72,-233.74
1939365,"INSPIRE VETERINARY PARTNERS, INC.",20240630,1,3220238.0,,,-2393600.0,,,-74.33,
1196298,NEPHROS INC,20240630,1,3208000.0,1340000.0,1912000.0,-317000.0,-289000.0,59.6,-9.88,-9.01
1122020,"PCS EDVENTURES!, INC.",20240630,1,3159923.0,1198435.0,1961488.0,1123182.0,1144691.0,62.07,35.54,36.23
1743725,"GRID DYNAMICS HOLDINGS, INC.",20240630,1,3158000.0,53474000.0,29563000.0,40000.0,-817000.0,936.13,1.27,-25.87
1031235,"GLOBAL SELF STORAGE, INC.",20240630,1,3109038.0,,,635911.0,591530.0,,20.45,19.03
1417892,EMEREN GROUP LTD,20240630,1,3099000.0,20675000.0,11000.0,2959000.0,,0.35,95.48,
1413898,DALLASNEWS CORP,20240630,1,3096000.0,,,568000.0,1450000.0,,18.35,46.83
1599407,1847 HOLDINGS LLC,20240630,1,3076901.0,1421597.0,1655304.0,-2544443.0,-4875229.0,53.8,-82.69,-158.45
1010086,SIGA TECHNOLOGIES INC,20240630,1,3027117.0,12311685.0,-9284568.0,1079839.0,1832616.0,-306.71,35.67,60.54
1630113,BIOTRICITY INC.,20240630,1,3016250.0,838575.0,2363168.0,-1116846.0,-3694520.0,78.35,-37.03,-122.49
314227,"TOMI ENVIRONMENTAL SOLUTIONS, INC.",20240630,1,3013392.0,1158876.0,1854516.0,121812.0,30198.0,61.54,4.04,1.0
1559157,"SUNSTOCK, INC.",20240630,1,3006739.0,2813020.0,193719.0,132272.0,,6.44,4.4,
1901297,ZRCN INC.,20240630,1,2997000.0,3460000.0,2351000.0,-438000.0,,78.45,-14.61,
1800637,AGRIFY CORP,20240630,1,2994000.0,1867000.0,1127000.0,-1672000.0,-2972000.0,37.64,-55.85,-99.27
1419275,RYVYL INC.,20240630,1,2972000.0,7151000.0,4749000.0,2454000.0,-12111000.0,159.79,82.57,-407.5
1534708,"EASTSIDE DISTILLING, INC.",20240630,1,2952000.0,2799000.0,153000.0,-1182000.0,,5.18,-40.04,
96885,TEL INSTRUMENT ELECTRONICS CORP,20240630,1,2842176.0,2096274.0,0.0,71924.0,42248.0,0.0,2.53,1.49
1558569,ISPECIMEN INC.,20240630,1,2835449.0,1424392.0,1411057.0,-2181665.0,-2109024.0,49.76,-76.94,-74.38
1777921,"AVEPOINT, INC.",20240630,1,2818000.0,9745000.0,59019000.0,-2138000.0,,2094.36,-75.87,
1902314,"M-TRON INDUSTRIES, INC.",20240630,1,2783000.0,,,2107000.0,1744000.0,,75.71,62.67
1017303,TRANSACT TECHNOLOGIES INC,20240630,1,2780000.0,5489000.0,6110000.0,-438000.0,-319000.0,219.78,-15.76,-11.47
1748137,NEOVOLTA INC.,20240630,4,2645072.0,2134725.0,510347.0,-2336954.0,-2303310.0,19.29,-88.35,-87.08
63330,MAUI LAND & PINEAPPLE CO INC,20240630,1,2645000.0,187000.0,2458000.0,13000.0,-1872000.0,92.93,0.49,-70.78
1473334,"NOVA LIFESTYLE, INC.",20240630,1,2631328.0,1493566.0,1194967.0,-497664.0,,45.41,-18.91,
1866816,"SYNTEC OPTICS HOLDINGS, INC.",20240630,1,2626848.0,4831673.0,2174327.0,158544.0,281843.0,82.77,6.04,10.73
1703073,VIVIC CORP.,20240630,1,2574818.0,1749265.0,825553.0,441367.0,,32.06,17.14,
1403708,EVOKE PHARMA INC,20240630,1,2551366.0,,,-1223562.0,-1267218.0,,-47.96,-49.67
96869,TEJON RANCH CO,20240630,1,2550000.0,,,917000.0,957000.0,,35.96,37.53
1004724,"REGIONAL HEALTH PROPERTIES, INC",20240630,1,2525000.0,,,214000.0,,,8.48,
1883835,ESG INC.,20240630,1,2509781.0,2077594.0,432187.0,155901.0,81347.0,17.22,6.21,3.24
1417664,"VALUE EXCHANGE INTERNATIONAL, INC.",20240630,1,2491479.0,3424215.0,639929.0,-128069.0,,25.68,-5.14,
1087294,CUMBERLAND PHARMACEUTICALS INC,20240630,1,2454481.0,1710944.0,743537.0,-1026688.0,-1085612.0,30.29,-41.83,-44.23
1080340,"MANHATTAN BRIDGE CAPITAL, INC",20240630,1,2443215.0,,,1405203.0,,,57.51,
1101433,QUOTEMEDIA INC,20240630,1,2426425.0,2431460.0,2244486.0,-260439.0,0.0,92.5,-10.73,0.0
1052354,MAN AHL DIVERSIFIED I LP,20240630,1,2420843.0,,,2039416.0,,,84.24,
944480,GSE SYSTEMS INC,20240630,1,2394000.0,8051000.0,3282000.0,311000.0,-854000.0,137.09,12.99,-35.67
1493137,"LIFELOC TECHNOLOGIES, INC",20240630,1,2387330.0,1393734.0,993596.0,-397062.0,-297988.0,41.62,-16.63,-12.48
1566826,"LOGICMARK, INC.",20240630,1,2336268.0,781318.0,1554950.0,-2070882.0,,66.56,-88.64,
811222,CARDIFF LEXINGTON CORP,20240630,1,2330964.0,793010.0,1537954.0,-202345.0,-174447.0,65.98,-8.68,-7.48
1796514,BTC DIGITAL LTD.,20240630,1,2329000.0,2543000.0,-214000.0,-628000.0,-704000.0,-9.19,-26.96,-30.23
1651721,"GENERATION INCOME PROPERTIES, INC.",20240630,1,2248382.0,,,-1470611.0,-2261722.0,,-65.41,-100.59
1644488,SHARING SERVICES GLOBAL CORP,20240630,1,2221524.0,676851.0,1544673.0,-637169.0,,69.53,-28.68,
1600620,AURINIA PHARMACEUTICALS INC.,20240630,1,2200000.0,8909000.0,-6709000.0,-1513000.0,722000.0,-304.95,-68.77,32.82
1983736,EVA LIVE INC,20240630,1,2188616.0,,,-353882.0,,,-16.17,
19745,CHESAPEAKE UTILITIES CORP,20240630,1,2147000.0,,,238000.0,18271000.0,,11.09,851.0
1355839,"PALTALK, INC.",20240630,1,2132900.0,810493.0,1322407.0,-1174060.0,-934151.0,62.0,-55.05,-43.8
1892322,"HEARTCORE ENTERPRISES, INC.",20240630,1,2122059.0,3260507.0,805881.0,-1507204.0,-1951100.0,37.98,-71.03,-91.94
32621,EMERSON RADIO CORP,20240630,1,2096000.0,2004000.0,92000.0,-1222000.0,0.0,4.39,-58.3,0.0
1315061,RIDGEWOOD ENERGY O FUND LLC,20240630,1,2093000.0,,,872000.0,222000.0,,41.66,10.61
1433551,SINO GREEN LAND CORP.,20240630,4,2088028.0,2163421.0,-75393.0,-719160.0,-798804.0,-3.61,-34.44,-38.26
1031623,GULF ISLAND FABRICATION INC,20240630,1,2045000.0,37104000.0,4158000.0,1283000.0,1889000.0,203.33,62.74,92.37
1086303,"HONGCHANG INTERNATIONAL CO., LTD",20240630,1,1981898.0,1883183.0,98715.0,-24014.0,-64804.0,4.98,-1.21,-3.27
1737523,BIONEXUS GENE LAB CORP,20240630,1,1974564.0,1685844.0,288720.0,259168.0,0.0,14.62,13.13,0.0
1922335,SYRA HEALTH CORP,20240630,1,1969681.0,1619674.0,350007.0,-1390353.0,-1390256.0,17.77,-70.59,-70.58
1996192,LAKESIDE HOLDING LTD,20240630,4,1864247.0,2282824.0,3715957.0,-526041.0,-225252.0,199.33,-28.22,-12.08
1022505,"SIDECHANNEL, INC.",20240630,1,1846000.0,944000.0,902000.0,-154000.0,-146000.0,48.86,-8.34,-7.91
1854963,"SHF HOLDINGS, INC.",20240630,1,1836092.0,,,300163.0,,,16.35,
1434070,RIDGEWOOD ENERGY Y FUND LLC,20240630,1,1834000.0,,,807000.0,865000.0,,44.0,47.16
351998,DATA I/O CORP,20240630,1,1816000.0,2305000.0,2757000.0,-566000.0,-797000.0,151.82,-31.17,-43.89
101538,UNITED STATES ANTIMONY CORP,20240630,1,1814778.0,1905139.0,341582.0,-64105.0,0.0,18.82,-3.53,0.0
1730773,BLUE STAR FOODS CORP.,20240630,1,1776558.0,1482041.0,294517.0,-691723.0,-1841967.0,16.58,-38.94,-103.68
1518461,"AMPLITECH GROUP, INC.",20240630,1,1765178.0,1470355.0,1057087.0,-1568090.0,253081.0,59.89,-88.83,14.34
1825452,"ONFOLIO HOLDINGS, INC",20240630,1,1726599.0,751168.0,975431.0,-759119.0,0.0,56.49,-43.97,0.0
1817511,SOCIETY PASS INCORPORATED.,20240630,1,1710510.0,,297125.0,-126074.0,-1938343.0,17.37,-7.37,-113.32
846913,"FUEL TECH, INC.",20240630,1,1688000.0,0.0,1688000.0,1544000.0,0.0,100.0,91.47,0.0
704440,"KORU MEDICAL SYSTEMS, INC.",20240630,1,1650791.0,2950339.0,5479750.0,-1192034.0,,331.95,-72.21,
930775,ENCISION INC,20240630,1,1591960.0,667635.0,924325.0,10005.0,22041.0,58.06,0.63,1.38
1956744,"SRM ENTERTAINMENT, INC.",20240630,1,1507927.0,1183261.0,213668.0,-526476.0,-520971.0,14.17,-34.91,-34.55
1820875,CXAPP INC.,20240630,1,1504000.0,353000.0,1413000.0,-581000.0,-613000.0,93.95,-38.63,-40.76
792935,ETHEMA HEALTH CORP,20240630,1,1490100.0,,,-277510.0,,,-18.62,
1963685,RICHTECH ROBOTICS INC.,20240630,1,1443000.0,429000.0,1014000.0,-895000.0,-1313000.0,70.27,-62.02,-90.99
1081745,"INTELLINETICS, INC.",20240630,1,1400591.0,1344541.0,1384442.0,172106.0,,98.85,12.29,
1707910,"REBORN COFFEE, INC.",20240630,1,1372901.0,,,-1337601.0,,,-97.43,
1376793,"CAVITATION TECHNOLOGIES, INC.",20240630,4,1363000.0,156000.0,1207000.0,438000.0,439000.0,88.55,32.13,32.21
1962481,BRANCHOUT FOOD INC.,20240630,1,1362986.0,1214227.0,148759.0,-826415.0,,10.91,-60.63,
1511820,STEMTECH CORP,20240630,1,1325800.0,332177.0,993623.0,-692309.0,,74.95,-52.22,
845819,"KONATEL, INC.",20240630,1,1321520.0,3443472.0,509726.0,-1254362.0,0.0,38.57,-94.92,0.0
1104038,"VERIFYME, INC.",20240630,1,1299000.0,3262000.0,93000.0,-536000.0,,7.16,-41.26,
1879293,"MAG MILE CAPITAL, INC.",20240630,1,1264300.0,,734022.0,483056.0,480863.0,58.06,38.21,38.03
1171326,ENTREPRENEUR UNIVERSE BRIGHT GROUP,20240630,1,1264221.0,169757.0,1094464.0,638927.0,,86.57,50.54,
1023994,SAFE & GREEN HOLDINGS CORP.,20240630,1,1253416.0,1094249.0,159167.0,25724.0,,12.7,2.05,
1349706,"TURNONGREEN, INC.",20240630,1,1226000.0,668000.0,568000.0,-710000.0,-798000.0,46.33,-57.91,-65.09
942126,TAITRON COMPONENTS INC,20240630,1,1224000.0,562000.0,662000.0,79000.0,406000.0,54.08,6.45,33.17
1588014,"ADM ENDEAVORS, INC.",20240630,1,1222600.0,800215.0,422385.0,1564.0,,34.55,0.13,
924168,"ENERGY FOCUS, INC/DE",20240630,1,1198000.0,1427000.0,126000.0,-557000.0,-554000.0,10.52,-46.49,-46.24
1438943,"RANGE IMPACT, INC.",20240630,1,1170397.0,2498667.0,-1328270.0,-1003906.0,-5154.0,-113.49,-85.77,-0.44
1409947,RIDGEWOOD ENERGY W FUND LLC,20240630,1,1167000.0,,,401000.0,311000.0,,34.36,26.65
1068689,"DATA443 RISK MITIGATION, INC.",20240630,1,1149085.0,807071.0,342014.0,-753785.0,,29.76,-65.6,
1416697,"BLUE LINE PROTECTION GROUP, INC.",20240630,1,1143143.0,418734.0,724409.0,148371.0,-132131.0,63.37,12.98,-11.56
1711012,SENMIAO TECHNOLOGY LTD,20240630,1,1122400.0,801865.0,320535.0,-402747.0,-673420.0,28.56,-35.88,-60.0
867038,SPINDLETOP OIL & GAS CO,20240630,1,1116000.0,,,-445000.0,,,-39.87,
69733,"NATHANS FAMOUS, INC.",20240630,1,1073000.0,25241000.0,-24168000.0,1046000.0,9277000.0,-2252.38,97.48,864.59
746514,NEW ENGLAND REALTY ASSOCIATES LIMITED PARTNERSHIP,20240630,1,1061650.0,,,64655.0,727065.0,,6.09,68.48
932021,GLOBAL TECHNOLOGIES LTD,20240630,4,1057685.0,576630.0,481055.0,-211984.0,,45.48,-20.04,
352955,"CKX LANDS, INC.",20240630,1,1027434.0,12867.0,1014567.0,148281.0,565278.0,98.75,14.43,55.02
1377149,CAREVIEW COMMUNICATIONS INC,20240630,1,1008345.0,,,-319053.0,-1107271.0,,-31.64,-109.81
1094032,QDM INTERNATIONAL INC.,20240630,1,978265.0,192632.0,785633.0,536854.0,459380.0,80.31,54.88,46.96
1682265,"RELIANT HOLDINGS, INC.",20240630,1,951177.0,721352.0,229825.0,-113703.0,0.0,24.16,-11.95,0.0
1374881,KINGFISH HOLDING CORP,20240630,1,950039.0,547067.0,402972.0,-102294.0,-85619.0,42.42,-10.77,-9.01
1679817,"OZOP ENERGY SOLUTIONS, INC.",20240630,1,941972.0,823647.0,118325.0,-689847.0,,12.56,-73.23,
1530163,"SAMSARA LUGGAGE, INC.",20240630,1,929000.0,620000.0,309000.0,-275000.0,-284000.0,33.26,-29.6,-30.57
1378590,"BRIDGELINE DIGITAL, INC.",20240630,1,923000.0,384000.0,2706000.0,-383000.0,0.0,293.17,-41.5,0.0
1338474,RIDGEWOOD ENERGY Q FUND LLC,20240630,1,918000.0,,,411000.0,,,44.77,
1075736,"CREXENDO, INC.",20240630,1,905000.0,,,580000.0,0.0,,64.09,0.0
1413891,"HIGH WIRE NETWORKS, INC.",20240630,1,891052.0,1146444.0,-255392.0,-350752.0,4785325.0,-28.66,-39.36,537.04
1421636,"C-BOND SYSTEMS, INC",20240630,1,863533.0,424959.0,438574.0,-192361.0,,50.79,-22.28,
1346655,"CMG HOLDINGS GROUP, INC.",20240630,1,849668.0,665258.0,184410.0,5388.0,31256.0,21.7,0.63,3.68
1414953,EQUATOR BEVERAGE CO,20240630,1,845321.0,502838.0,342483.0,-54382.0,-60138.0,40.52,-6.43,-7.11
1088638,"MASTERMIND, INC.",20240630,1,806027.0,261257.0,544770.0,73835.0,0.0,67.59,9.16,0.0
1576197,"STRATEGIC ENVIRONMENTAL & ENERGY RESOURCES, INC.",20240630,1,761900.0,,,-479300.0,-674600.0,,-62.91,-88.54
1385662,RIDGEWOOD ENERGY V FUND LLC,20240630,1,756000.0,,,300000.0,,,39.68,
1704795,"BANTEC, INC.",20240630,1,751035.0,643511.0,107524.0,-380945.0,,14.32,-50.72,
751978,VICOR CORP,20240630,1,745000.0,43083000.0,42771000.0,214000.0,-1196000.0,5741.07,28.72,-160.54
1657214,INTERNATIONAL LAND ALLIANCE INC.,20240630,1,742095.0,418738.0,323357.0,-63195.0,,43.57,-8.52,
1431074,"BERGIO INTERNATIONAL, INC.",20240630,1,728683.0,543954.0,184729.0,-300837.0,-155380.0,25.35,-41.29,-21.32
88000,SCOTT'S LIQUID GOLD - INC.,20240630,1,718000.0,376000.0,342000.0,-486000.0,-450000.0,47.63,-67.69,-62.67
722313,NORTECH SYSTEMS INC,20240630,1,711000.0,178000.0,4617000.0,344000.0,157000.0,649.37,48.38,22.08
1279620,"ZONED PROPERTIES, INC.",20240630,1,692326.0,,,103138.0,,,14.9,
1720286,INTERNET SCIENCES INC.,20240630,1,686165.0,579636.0,106529.0,88246.0,88246.0,15.53,12.86,12.86
1824403,"RESERVOIR MEDIA, INC.",20240630,1,686046.0,13281116.0,-12595070.0,87833.0,-346655.0,-1835.89,12.8,-50.53
1352190,RIDGEWOOD ENERGY S FUND LLC,20240630,1,683000.0,,,262000.0,210000.0,,38.36,30.75
1364397,RIDGEWOOD ENERGY T FUND LLC,20240630,1,641000.0,,,227000.0,72000.0,,35.41,11.23
1457919,RIDGEWOOD ENERGY A-1 FUND LLC,20240630,1,638000.0,,,197000.0,,,30.88,
880984,"ACORN ENERGY, INC.",20240630,1,610000.0,610000.0,129000.0,258000.0,271000.0,21.15,42.3,44.43
1640982,"ATEL 17, LLC",20240630,1,596000.0,,,65000.0,63000.0,,10.91,10.57
944075,"SOCKET MOBILE, INC.",20240630,1,588259.0,2497067.0,2584331.0,-535143.0,,439.32,-90.97,
1605057,"VEMANTI GROUP, INC.",20240630,1,579463.0,,,48719.0,-172113.0,,8.41,-29.7
1741489,"ELVICTOR GROUP, INC.",20240630,1,574134.0,128769.0,445365.0,28932.0,,77.57,5.04,
1575048,"ATEL 16, LLC",20240630,1,555000.0,,,-76000.0,-77000.0,,-13.69,-13.87
1694617,"ROYALE ENERGY, INC.",20240630,1,545746.0,,,-47118.0,-110616.0,,-8.63,-20.27
1374567,"LUVU BRANDS, INC.",20240630,4,541000.0,18048000.0,-920000.0,174000.0,0.0,-170.06,32.16,0.0
1639068,HUBILU VENTURE CORP,20240630,1,531081.0,,,269940.0,,,50.83,
908315,WINMARK CORP,20240630,1,524400.0,861100.0,-336700.0,428300.0,10431400.0,-64.21,81.67,1989.21
1485074,"FREEZE TAG, INC.",20240630,1,512576.0,110916.0,401660.0,-87421.0,0.0,78.36,-17.06,0.0
793524,RESEARCH FRONTIERS INC,20240630,1,489594.0,,,-116134.0,,,-23.72,
828146,INTERLINK ELECTRONICS INC,20240630,1,478000.0,1593000.0,1305000.0,-313000.0,-307000.0,273.01,-65.48,-64.23
1597892,JRSIS HEALTH CARE CORP,20240630,1,450666.0,411284.0,186112.0,-118718.0,-102435.0,41.3,-26.34,-22.73
1976900,DFP HOLDINGS LTD,20240630,1,439266.0,45891.0,393375.0,40059.0,,89.55,9.12,
1120970,COMSTOCK INC.,20240630,1,422425.0,,,-93489.0,-8633552.0,,-22.13,-2043.81
1389518,"CLUBHOUSE MEDIA GROUP, INC.",20240630,1,417403.0,315079.0,102324.0,-249880.0,-466607.0,24.51,-59.87,-111.79
1424768,VYCOR MEDICAL INC,20240630,1,405742.0,35163.0,18152.0,-43101.0,-10038.0,4.47,-10.62,-2.47
813716,CIRTRAN CORP,20240630,1,390491.0,168564.0,221927.0,-94294.0,-396109.0,56.83,-24.15,-101.44
1784440,NOWTRANSIT INC,20240630,1,384170.0,73794.0,310376.0,74222.0,74222.0,80.79,19.32,19.32
1496443,"PAYSIGN, INC.",20240630,1,383436.0,6745836.0,7585763.0,125677.0,,1978.36,32.78,
1138476,PACIFIC HEALTH CARE ORGANIZATION INC,20240630,1,369689.0,,,191995.0,215556.0,,51.93,58.31
1586495,LEET TECHNOLOGY INC.,20240630,1,347665.0,142565.0,189116.0,101936.0,214191.0,54.4,29.32,61.61
1763925,COJAX OIL & GAS CORP,20240630,1,318007.0,,,-74361.0,-74438.0,,-23.38,-23.41
1637866,"DEEP GREEN WASTE & RECYCLING, INC.",20240630,1,311029.0,73192.0,237837.0,-198354.0,,76.47,-63.77,
1081834,KUBER RESOURCES CORP,20240630,1,305020.0,47603.0,257417.0,14522.0,,84.39,4.76,
2003750,"MAITONG SUNSHINE CULTURAL DEVELOPMENT CO., LTD",20240630,1,260916.0,90569.0,170347.0,99341.0,,65.29,38.07,
1843656,ROYALTY MANAGEMENT HOLDING CORP,20240630,1,254223.0,100397.0,153826.0,-166392.0,-150348.0,60.51,-65.45,-59.14
312257,INNOVATIVE FOOD HOLDINGS INC,20240630,1,249257.0,12691567.0,3967423.0,104629.0,-103324.0,1591.7,41.98,-41.45
1360442,"CANNABIS SATIVA, INC.",20240630,1,234391.0,84102.0,150289.0,-197945.0,0.0,64.12,-84.45,0.0
934796,NETWORK CN INC,20240630,1,206678.0,208309.0,-1631.0,-203945.0,-278519.0,-0.79,-98.68,-134.76
1103090,"REFLECT SCIENTIFIC, INC.",20240630,1,198873.0,231514.0,358557.0,98343.0,108987.0,180.29,49.45,54.8
99106,TRANS LUX CORP,20240630,1,190000.0,2964000.0,385000.0,76000.0,-858000.0,202.63,40.0,-451.58
1530185,"AMERITEK VENTURES, INC.",20240630,1,186920.0,,,42861.0,-3612.0,,22.93,-1.93
1166708,"BROWNIE'S MARINE GROUP, INC",20240630,1,176127.0,1458905.0,930721.0,100971.0,,528.44,57.33,
814926,"CAPSTONE COMPANIES, INC.",20240630,1,137818.0,38019.0,99799.0,-93355.0,,72.41,-67.74,
1404804,OMNITEK ENGINEERING CORP,20240630,1,127062.0,156170.0,110801.0,-64745.0,-108356.0,87.2,-50.96,-85.28
1652561,DSWISS INC,20240630,1,117114.0,447182.0,132185.0,-258.0,21146.0,112.87,-0.22,18.06
1464865,"ACCREDITED SOLUTIONS, INC.",20240630,1,102328.0,53766.0,48562.0,-15415.0,0.0,47.46,-15.06,0.0
1636051,FUSE GROUP HOLDING INC.,20240630,1,82353.0,0.0,82353.0,17931.0,17283.0,100.0,21.77,20.99
766792,CVD EQUIPMENT CORP,20240630,1,55000.0,4736000.0,1609000.0,-45000.0,-45000.0,2925.45,-81.82,-81.82
1532383,VANJIA CORP,20240630,1,50000.0,,,41275.0,41275.0,,82.55,82.55
352991,ADVANCED OXYGEN TECHNOLOGIES INC,20240630,4,42577.0,,,14451.0,5564.0,,33.94,13.07
1818550,INCORDEX CORP.,20240630,4,31079.0,,,-11682.0,0.0,,-37.59,0.0
1394108,SUIC WORLDWIDE HOLDINGS LTD.,20240630,1,30000.0,6000.0,24000.0,16009.0,12037.0,80.0,53.36,40.12
1474903,"BGSF, INC.",20240630,1,25726.0,44507.0,23630.0,3203.0,-761.0,91.85,12.45,-2.96
1755347,CERTIPLEX CORP,20240630,1,25164.0,6930.0,18234.0,-24794.0,,72.46,-98.53,
1807616,HI-GREAT GROUP HOLDING CO,20240630,1,15280.0,4080.0,7380.0,-11363.0,-11932.0,48.3,-74.37,-78.09
847942,STRATEGIC ACQUISITIONS INC /NV/,20240630,1,13747.0,,,-12095.0,,,-87.98,
940944,DARDEN RESTAURANTS INC,20240531,4,11390000000.0,1836600000.0,9553400000.0,1314200000.0,-2200000.0,83.88,11.54,-0.02
723531,PAYCHEX INC,20240531,4,5278300000.0,1479300000.0,3799000000.0,2174100000.0,,71.97,41.19,
66382,"MILLERKNOLL, INC.",20240531,4,3628400000.0,2208900000.0,1419500000.0,-52100000.0,82300000.0,39.12,-1.44,2.27
77476,PEPSICO INC,20240531,1,3515000000.0,9919000000.0,12582000000.0,1592000000.0,3083000000.0,357.95,45.29,87.71
1646972,"ALBERTSONS COMPANIES, INC.",20240531,1,2622800000.0,17526500000.0,6738900000.0,459600000.0,240700000.0,256.94,17.52,9.18
16160,CAL-MAINE FOODS INC,20240531,4,2326443000.0,1784872000.0,541571000.0,312452000.0,277888000.0,23.28,13.43,11.94
1048911,FEDEX CORP,20240531,4,1854000000.0,,,776000000.0,4331000000.0,,41.86,233.6
795266,KB HOME,20240531,1,1701512000.0,1342102000.0,359410000.0,6828000.0,481000.0,21.12,0.4,0.03
1003078,MSC INDUSTRIAL DIRECT CO INC,20240531,1,979350000.0,578903000.0,400447000.0,106766000.0,71705000.0,40.89,10.9,7.32
1177394,TD SYNNEX CORP,20240531,1,963560000.0,12974361000.0,973547000.0,263948000.0,143605000.0,101.04,27.39,14.9
1372920,NEW ORIENTAL EDUCATION & TECHNOLOGY GROUP INC.,20240531,4,709754000.0,2050960000.0,-1341206000.0,-27587000.0,309591000.0,-188.97,-3.89,43.62
898293,JABIL INC,20240531,1,559000000.0,0.0,608000000.0,261000000.0,129000000.0,108.77,46.69,23.08
717954,UNIFIRST CORP,20240531,1,512572000.0,391244000.0,121328000.0,148000.0,-24000.0,23.67,0.03,-0.0
1013237,FACTSET RESEARCH SYSTEMS INC,20240531,1,356468000.0,246986000.0,109482000.0,75463000.0,158135000.0,30.71,21.17,44.36
108516,"WORTHINGTON ENTERPRISES, INC.",20240531,4,317185000.0,960684000.0,285019000.0,-73459000.0,110624000.0,89.86,-23.16,34.88
866729,SCHOLASTIC CORP,20240531,4,273600000.0,705100000.0,-431500000.0,15800000.0,12100000.0,-157.71,5.77,4.42
1731348,"TILRAY BRANDS, INC.",20240531,4,272798000.0,182594000.0,16431000.0,-174745000.0,-244981000.0,6.02,-64.06,-89.8
711377,NEOGEN CORP,20240531,4,268881000.0,401079000.0,463900000.0,82446000.0,,172.53,30.66,
1275187,ANGIODYNAMICS INC,20240531,4,251486000.0,149216000.0,67198000.0,-192435000.0,-184349000.0,26.72,-76.52,-73.3
8947,AZZ INC,20240531,1,236557000.0,0.0,0.0,-29000.0,39602000.0,0.0,-0.01,16.74
1803599,CONCENTRIX CORP,20240531,1,218718000.0,1523147000.0,857569000.0,150170000.0,66834000.0,392.09,68.66,30.56
1144879,APPLIED DIGITAL CORP.,20240531,4,150814000.0,148340000.0,2474000.0,4660000.0,-149274000.0,1.64,3.09,-98.98
1800347,"E2OPEN PARENT HOLDINGS, INC.",20240531,1,128638000.0,78503000.0,72660000.0,-16845000.0,-38862000.0,56.48,-13.09,-30.21
916789,HELEN OF TROY LTD,20240531,1,116167000.0,213768000.0,203079000.0,15850000.0,6204000.0,174.82,13.64,5.34
876167,PROGRESS SOFTWARE CORP /MA,20240531,1,102503000.0,32071000.0,143006000.0,27148000.0,16188000.0,139.51,26.49,15.79
6845,"APOGEE ENTERPRISES, INC.",20240531,1,99027000.0,232661000.0,98855000.0,-4515000.0,31011000.0,99.83,-4.56,31.32
784539,EACO CORP,20240531,1,96121000.0,68193000.0,27928000.0,1614000.0,1184000.0,29.06,1.68,1.23
105132,WD 40 CO,20240531,1,75103000.0,72657000.0,82388000.0,6750000.0,19842000.0,109.7,8.99,26.42
923120,GREENBRIER COMPANIES INC,20240531,1,70800000.0,24200000.0,123800000.0,66100000.0,33900000.0,174.86,93.36,47.88
1616533,"SMART GLOBAL HOLDINGS, INC.",20240531,1,67475000.0,182517000.0,88906000.0,28921000.0,5616000.0,131.76,42.86,8.32
1772177,"KURA SUSHI USA, INC.",20240531,1,63082000.0,4318000.0,58764000.0,-1169000.0,-558000.0,93.15,-1.85,-0.88
1088413,"GREYSTONE LOGISTICS, INC.",20240531,4,61780715.0,50065085.0,11715630.0,7140670.0,,18.96,11.56,
355948,"RICHARDSON ELECTRONICS, LTD.",20240531,4,61476000.0,,3669000.0,348000.0,61000.0,5.97,0.57,0.1
10329,BASSETT FURNITURE INDUSTRIES INC,20240531,1,52609000.0,39650000.0,43760000.0,530000.0,-7201000.0,83.18,1.01,-13.69
96536,TAYLOR DEVICES INC,20240531,4,26675321.0,23743554.0,20839253.0,9479419.0,8998762.0,78.12,35.54,33.73
1718500,"AXIL BRANDS, INC.",20240531,4,26115662.0,7304602.0,19318707.0,1503380.0,2003134.0,73.97,5.76,7.67
885307,JEWETT CAMERON TRADING CO LTD,20240531,1,15896017.0,12944941.0,2951076.0,55595.0,154862.0,18.56,0.35,0.97
1522222,"CLS HOLDINGS USA, INC.",20240531,4,12733418.0,11441406.0,8519727.0,-1996758.0,-4487604.0,66.91,-15.68,-35.24
747540,SURGE COMPONENTS INC,20240531,1,7344995.0,5342430.0,2002565.0,112574.0,197940.0,27.26,1.53,2.69
7623,ARTS WAY MANUFACTURING CO INC,20240531,1,6730000.0,4823516.0,1907000.0,168768.0,-33340.0,28.34,2.51,-0.5
875582,NORTHERN TECHNOLOGIES INTERNATIONAL CORP,20240531,1,5814829.0,8168215.0,10713282.0,1523917.0,1623431.0,184.24,26.21,27.92
1675634,"SHIFTPIXY, INC.",20240531,1,4134000.0,3891000.0,243000.0,-4002000.0,0.0,5.88,-96.81,0.0
1931055,MEDINOTEC INC.,20240531,1,2327249.0,-13477.0,805933.0,-22040.0,87204.0,34.63,-0.95,3.75
758743,VIDEO DISPLAY CORP,20240531,1,1835000.0,1219000.0,616000.0,-184000.0,-184000.0,33.57,-10.03,-10.03
1333822,SEMILEDS CORP,20240531,1,1323000.0,780000.0,543000.0,-473000.0,-319000.0,41.04,-35.75,-24.11
1621459,DIAMIR BIOSCIENCES CORP.,20240531,4,1319531.0,,,-451403.0,,,-34.21,
1813603,HESTIA INSIGHT INC.,20240531,1,1241401.0,,1241401.0,162645.0,1173296.0,100.0,13.1,94.51
1829311,"BITMINE IMMERSION TECHNOLOGIES, INC.",20240531,1,1224992.0,0.0,221687.0,-534537.0,-654228.0,18.1,-43.64,-53.41
1605331,AB INTERNATIONAL GROUP CORP.,20240531,1,698311.0,,,135423.0,133034.0,,19.39,19.05
1099369,DESTINY MEDIA TECHNOLOGIES INC,20240531,1,514792.0,80746.0,1005398.0,120791.0,134476.0,195.3,23.46,26.12
65759,MICROPAC INDUSTRIES INC,20240531,1,421000.0,4972000.0,-4551000.0,323000.0,846000.0,-1081.0,76.72,200.95
1677897,UPAY,20240531,1,257249.0,134333.0,122916.0,-143998.0,-150677.0,47.78,-55.98,-58.57
1985554,LONDAX CORP.,20240531,4,25297.0,,,-1882.0,-1882.0,,-7.44,-7.44
723603,CULP INC,20240430,4,108963000.0,197394000.0,27939000.0,-9574000.0,,25.64,-8.79,
65270,METHODE ELECTRONICS INC,20240430,4,73500000.0,935700000.0,178800000.0,6900000.0,-123300000.0,243.27,9.39,-167.76
6207,AMREP CORP.,20240430,4,36721000.0,12946000.0,23775000.0,7602000.0,0.0,64.74,20.7,0.0
713425,AMERICAN SOFTWARE INC,20240430,4,31418000.0,36093000.0,66422000.0,-20196000.0,11373000.0,211.41,-64.28,36.2
39020,FREQUENCY ELECTRONICS INC,20240430,4,28981000.0,36691000.0,18583000.0,5019000.0,5594000.0,64.12,17.32,19.3
704562,"AVID BIOSERVICES, INC.",20240430,4,20566000.0,132593000.0,7318000.0,-18678000.0,,35.58,-90.82,
84112,"GEORGE RISK INDUSTRIES, INC.",20240430,4,19630000.0,10926000.0,10841000.0,188000.0,,55.23,0.96,
1998768,"PROFICIENT AUTO LOGISTICS, INC",20240430,1,12673594.0,,,-3838702.0,-16503230.0,,-30.29,-130.22
72205,NOBILITY HOMES INC,20240430,1,10475686.0,7359584.0,4168394.0,2257014.0,2025959.0,39.79,21.55,19.34
1674440,CONNEXA SPORTS TECHNOLOGIES INC.,20240430,4,8398049.0,5004375.0,3393674.0,-6443155.0,-15636418.0,40.41,-76.72,-186.19
1892292,MAISON SOLUTIONS INC.,20240430,4,6513079.0,46422064.0,1485548.0,-2704006.0,-1099066.0,22.81,-41.52,-16.87
1414767,NETCAPITAL INC.,20240430,4,4951435.0,108060.0,4843375.0,-3442388.0,,97.82,-69.52,
1539680,HAMMER FIBER OPTICS HOLDINGS CORP,20240430,1,770412.0,593468.0,176944.0,-288762.0,-504467.0,22.97,-37.48,-65.48
1699709,YIJIA GROUP CORP.,20240430,4,411100.0,0.0,377711.0,308902.0,140865.0,91.88,75.14,34.27
820771,GOLIATH FILM & MEDIA HOLDINGS,20240430,4,47674.0,,47674.0,-396.0,,100.0,-0.83,
1557798,"TIANCI INTERNATIONAL, INC.",20240430,1,18472.0,1683283.0,244707.0,18284.0,-49974.0,1324.75,98.98,-270.54
1795250,SPHERE ENTERTAINMENT CO.,20240331,1,321330000.0,,,-40393000.0,-47240000.0,,-12.57,-14.7
1836242,"YOSHITSU CO., LTD",20240331,4,195681315.0,,,5777882.0,409162.0,,2.95,0.21
1078207,BOWFLEX INC.,20240331,4,185975000.0,135037000.0,49917000.0,-89653000.0,-91308000.0,26.84,-48.21,-49.1
1179821,BIRKS GROUP INC.,20240331,4,185275000.0,111720000.0,73555000.0,1211000.0,-4631000.0,39.7,0.65,-2.5
1729173,UXIN LTD,20240331,4,141878000.0,179239000.0,11159000.0,-43281000.0,-51576000.0,7.87,-30.51,-36.35
37472,FLEXSTEEL INDUSTRIES INC,20240331,1,107219000.0,,23317000.0,2982000.0,1803000.0,21.75,2.78,1.68
1946399,"LAKESHORE BIOPHARMA CO., LTD.",20240331,4,80820050.0,16587498.0,64232552.0,-62837562.0,-61094414.0,79.48,-77.75,-75.59
1843973,FLYEXCLUSIVE INC.,20240331,1,76119000.0,74234000.0,1885000.0,-27425000.0,-5841000.0,2.48,-36.03,-7.67
1891944,PRIMECH HOLDINGS LTD,20240331,4,72524000.0,59915000.0,12609000.0,-2782000.0,-3239000.0,17.39,-3.84,-4.47
1853044,"AERIES TECHNOLOGY, INC.",20240331,4,72509000.0,50868000.0,21641000.0,2987000.0,,29.85,4.12,
1042893,DRIL-QUIP INC,20240331,1,64562000.0,78419000.0,-13857000.0,639000.0,-19984000.0,-21.46,0.99,-30.95
1531978,"PARAGON 28, INC.",20240331,1,61082000.0,12186000.0,-1656000.0,-12903000.0,-15234000.0,-2.71,-21.12,-24.94
1883788,"DIH HOLDING US, INC.",20240331,4,51125000.0,34702000.0,29771000.0,-2614000.0,-8443000.0,58.23,-5.11,-16.51
1173204,CINEVERSE CORP.,20240331,4,49131000.0,,,-15700000.0,142000.0,,-31.96,0.29
353184,AIR T INC,20240331,1,45757000.0,,,1206000.0,,,2.64,
1774170,"POWERFLEET, INC.",20240331,1,33740000.0,17537000.0,16203000.0,-7647000.0,-8515000.0,48.02,-22.66,-25.24
1995116,RECTITUDE HOLDINGS LTD.,20240331,4,30689095.0,19773680.0,10915415.0,3089899.0,2490100.0,35.57,10.07,8.11
1956166,MING SHING GROUP HOLDINGS LTD,20240331,4,27572692.0,22479613.0,5093079.0,3246326.0,2326597.0,18.47,11.77,8.44
1856084,"CHINA JO-JO DRUGSTORES, INC.",20240331,4,25269177.0,53056339.0,22622131.0,-1629006.0,-4234228.0,89.52,-6.45,-16.76
1789299,UTIME LTD,20240331,4,24264000.0,23014000.0,1250000.0,-4248000.0,-8581000.0,5.15,-17.51,-35.37
1830072,IPOWER INC.,20240331,1,23308508.0,12360170.0,10948338.0,1601276.0,63898.0,46.97,6.87,0.27
1066194,EGAIN CORP,20240331,1,22350000.0,,15492000.0,938000.0,1493000.0,69.32,4.2,6.68
1499717,"STAFFING 360 SOLUTIONS, INC.",20240331,1,21588000.0,36134000.0,3050000.0,-2265000.0,,14.13,-10.49,
102109,UNIVERSAL SECURITY INSTRUMENTS INC,20240331,4,17239535.0,14094660.0,5808013.0,-264805.0,-395790.0,33.69,-1.54,-2.3
1489874,GOLDEN GROWERS COOPERATIVE,20240331,1,15801000.0,15814000.0,-13000.0,1388000.0,1496000.0,-0.08,8.78,9.47
1474167,COSMOS HEALTH INC.,20240331,1,14584473.0,13250847.0,1333626.0,-1836108.0,0.0,9.14,-12.59,0.0
1775194,"UPEXI, INC.",20240331,1,14444957.0,11561834.0,2883123.0,-4937047.0,-4118612.0,19.96,-34.18,-28.51
1893311,LUXURBAN HOTELS INC.,20240331,1,13957361.0,33696085.0,-4594878.0,-12211881.0,,-32.92,-87.49,
1966678,PRIMEGA GROUP HOLDINGS LTD,20240331,4,13464430.0,9672689.0,2768604.0,1432210.0,,20.56,10.64,
946936,DESWELL INDUSTRIES INC,20240331,4,11985000.0,55465000.0,13903000.0,3785000.0,,116.0,31.58,
1865506,ZEO ENERGY CORP.,20240331,1,11051021.0,,,-1757654.0,-8348294.0,,-15.9,-75.54
1842566,"AIRSHIP AI HOLDINGS, INC.",20240331,1,10575015.0,7946888.0,2628127.0,-1402533.0,-31964469.0,24.85,-13.26,-302.26
1849221,PERFECT MOMENT LTD.,20240331,4,10383000.0,15212000.0,9231000.0,-7675000.0,,88.9,-73.92,
1892492,EIGHTCO HOLDINGS INC.,20240331,1,9619820.0,6569687.0,1389010.0,-2359718.0,1940975.0,14.44,-24.53,20.18
1892274,VISIONARY HOLDINGS INC.,20240331,4,9380985.0,0.0,1694092.0,-2328387.0,1022956.0,18.06,-24.82,10.9
1491419,"LIVEONE, INC.",20240331,4,9179000.0,86391000.0,-77212000.0,-4668000.0,-11966000.0,-841.18,-50.86,-130.36
1948443,RAYTECH HOLDING LTD,20240331,4,8557776.0,,,1451526.0,1269732.0,,16.96,14.84
1751876,PARANOVUS ENTERTAINMENT TECHNOLOGY LTD.,20240331,4,6544819.0,6535678.0,9141.0,-4621654.0,-6979586.0,0.14,-70.62,-106.64
930775,ENCISION INC,20240331,4,6431969.0,3370855.0,74848.0,-715631.0,-691783.0,1.16,-11.13,-10.76
1094032,QDM INTERNATIONAL INC.,20240331,4,6366154.0,3912743.0,2453411.0,1800575.0,1564538.0,38.54,28.28,24.58
827876,"CLEANSPARK, INC.",20240331,1,5821000.0,,,-4051000.0,-6478000.0,,-69.59,-111.29
1657214,INTERNATIONAL LAND ALLIANCE INC.,20240331,1,5088874.0,183588.0,4905286.0,4253228.0,,96.39,83.58,
1857086,"TRUGOLF HOLDINGS, INC.",20240331,1,5012022.0,1959023.0,3052999.0,-943685.0,,60.91,-18.83,
1931717,CCSC TECHNOLOGY INTERNATIONAL HOLDINGS LTD,20240331,4,4843082.0,10825943.0,3922608.0,-1846189.0,,80.99,-38.12,
1939365,"INSPIRE VETERINARY PARTNERS, INC.",20240331,1,4831567.0,,,-2862505.0,,,-59.25,
831609,C21 INVESTMENTS INC.,20240331,1,4464950.0,2688650.0,1776300.0,289906.0,-74404.0,39.78,6.49,-1.67
1449792,"PIONEER POWER SOLUTIONS, INC.",20240331,1,4433000.0,6862000.0,1728000.0,-1106000.0,-1035000.0,38.98,-24.95,-23.35
1443611,SINGLEPOINT INC.,20240331,1,4136412.0,2284253.0,1852159.0,-2351717.0,-2857184.0,44.78,-56.85,-69.07
1438943,"RANGE IMPACT, INC.",20240331,1,3909893.0,462691.0,3447202.0,-462691.0,,88.17,-11.83,
1842556,HNR ACQUISITION CORP.,20240331,1,3283099.0,,,-2263602.0,-5286852.0,,-68.95,-161.03
1893657,RUBBER LEAF INC,20240331,1,2954607.0,3151232.0,-196625.0,-72840.0,-725110.0,-6.65,-2.47,-24.54
1417892,EMEREN GROUP LTD,20240331,1,2881000.0,10278000.0,17000.0,-1213000.0,,0.59,-42.1,
1471727,BETTER CHOICE CO INC.,20240331,1,2874000.0,5289000.0,2614000.0,-2466000.0,-2830000.0,90.95,-85.8,-98.47
1898604,YOSHIHARU GLOBAL CO.,20240331,1,2811609.0,,,-771887.0,,,-27.45,
1730773,BLUE STAR FOODS CORP.,20240331,1,2260329.0,2089567.0,170762.0,-842199.0,,7.55,-37.26,
1166708,"BROWNIE'S MARINE GROUP, INC",20240331,1,1607522.0,1020087.0,587435.0,-315764.0,,36.54,-19.64,
1901297,ZRCN INC.,20240331,4,1596219.0,17689837.0,13829350.0,836239.0,,866.38,52.39,
1905956,TREASURE GLOBAL INC,20240331,1,1596129.0,1379123.0,217006.0,-1370554.0,-1713315.0,13.6,-85.87,-107.34
1806905,ALE GROUP HOLDING LTD,20240331,4,1530870.0,,,816634.0,672481.0,,53.34,43.93
1707910,"REBORN COFFEE, INC.",20240331,1,1518062.0,,,-863572.0,,,-56.89,
1643721,"LEAFBUYER TECHNOLOGIES, INC.",20240331,1,1496714.0,933663.0,563051.0,-139432.0,-171649.0,37.62,-9.32,-11.47
1743971,MOGU INC.,20240331,4,1422000.0,12629000.0,-11207000.0,212000.0,-8209000.0,-788.12,14.91,-577.29
1511820,STEMTECH CORP,20240331,1,1382570.0,345369.0,1037201.0,-1010811.0,,75.02,-73.11,
1492617,"FLYWHEEL ADVANCED TECHNOLOGY, INC.",20240331,1,1344142.0,151721.0,354567.0,-186061.0,,26.38,-13.84,
1026785,HIGHWAY HOLDINGS LTD,20240331,4,1201000.0,4613000.0,1708000.0,-627000.0,-959000.0,142.21,-52.21,-79.85
1945240,ROMA GREEN FINANCE LTD,20240331,4,1089563.0,,400270.0,-780855.0,-748749.0,36.74,-71.67,-68.72
1948436,J-LONG GROUP LTD,20240331,4,898252.0,21581411.0,6797258.0,380298.0,,756.72,42.34,
1417664,"VALUE EXCHANGE INTERNATIONAL, INC.",20240331,1,699227.0,2227692.0,1142317.0,-286541.0,-14835.0,163.37,-40.98,-2.12
1295514,"MDWERKS, INC.",20240331,1,684660.0,180445.0,504215.0,-305147.0,,73.64,-44.57,
1543623,US NUCLEAR CORP.,20240331,1,627750.0,273981.0,339658.0,-144429.0,9765.0,54.11,-23.01,1.56
1346655,"CMG HOLDINGS GROUP, INC.",20240331,1,315420.0,263196.0,52224.0,-96364.0,,16.56,-30.55,
945617,"AMERICAN CANNABIS COMPANY, INC.",20240331,1,255720.0,150026.0,105694.0,-128789.0,-132551.0,41.33,-50.36,-51.83
1138724,"GLOBAL ARENA HOLDING, INC.",20240331,1,232123.0,,,52878.0,-131018.0,,22.78,-56.44
1172069,"P2 SOLAR, INC.",20240331,4,166288.0,99313.0,66975.0,-114942.0,0.0,40.28,-69.12,0.0
1864531,"VSEE HEALTH, INC.",20240331,1,162950.0,400563.0,1239202.0,38479.0,-2811.0,760.48,23.61,-1.73
1464865,"ACCREDITED SOLUTIONS, INC.",20240331,1,109373.0,119291.0,-9918.0,-68828.0,0.0,-9.07,-62.93,0.0
1590496,AERKOMM INC.,20240331,1,53255.0,38116.0,15139.0,-41660.0,-6082573.0,28.43,-78.23,-11421.6
91668,SOLITRON DEVICES INC,20240229,4,12757000.0,8950000.0,3807000.0,934000.0,0.0,29.84,7.32,0.0
1931055,MEDINOTEC INC.,20240229,4,553967.0,-2577922.0,2442469.0,-1578.0,-404688.0,440.91,-0.28,-73.05
831609,C21 INVESTMENTS INC.,20240131,4,28285200.0,17135434.0,11149766.0,1472028.0,-3305285.0,39.42,5.2,-11.69
721371,CARDINAL HEALTH INC,20231231,1,57442000000.0,55599000000.0,8000000.0,23000000.0,368000000.0,0.01,0.04,0.64
31462,ECOLAB INC.,20231231,4,15275400000.0,,,1122000000.0,,,7.35,
1099590,MERCADOLIBRE INC,20231231,4,13617000000.0,7517000000.0,7590000000.0,2207000000.0,987000000.0,55.74,16.21,7.25
1702780,"ALTICE USA, INC.",20231231,4,7273693000.0,13794000.0,7259899000.0,1701940000.0,50149000.0,99.81,23.4,0.69
1136869,"ZIMMER BIOMET HOLDINGS, INC.",20231231,4,4288800000.0,94100000.0,4194700000.0,-1618400000.0,1024000000.0,97.81,-37.74,23.88
2001184,"PACS GROUP, INC.",20231231,4,3111492000.0,,,207772000.0,112874000.0,,6.68,3.63
1967680,VERALTO CORP,20231231,4,1430000000.0,2120000000.0,2901000000.0,472000000.0,639000000.0,202.87,33.01,44.69
1766363,"ENDEAVOR GROUP HOLDINGS, INC.",20231231,4,744349000.0,,,303570000.0,356516000.0,,40.78,47.9
1645113,NOVOCURE LTD,20231231,4,509338000.0,128280000.0,381058000.0,-232870000.0,-207043000.0,74.81,-45.72,-40.65
1906324,QUIDELORTHO CORP,20231231,4,483300000.0,,,139100000.0,21400000.0,,28.78,4.43
1042893,DRIL-QUIP INC,20231231,4,317600000.0,24189000.0,293411000.0,18411000.0,604000.0,92.38,5.8,0.19
1109138,CAMTEK LTD,20231231,4,315375000.0,167742000.0,147633000.0,65412000.0,78632000.0,46.81,20.74,24.93
1795250,SPHERE ENTERTAINMENT CO.,20231231,1,314157000.0,,,-159682000.0,-173248000.0,,-50.83,-55.15
1801661,SKILLZ INC.,20231231,4,134526000.0,15379000.0,119147000.0,-114292000.0,-101360000.0,88.57,-84.96,-75.35
1609809,"SERES THERAPEUTICS, INC.",20231231,4,126325000.0,,,-107983000.0,-113724000.0,,-85.48,-90.02
37472,FLEXSTEEL INDUSTRIES INC,20231231,1,100108000.0,,21950000.0,4584000.0,3051000.0,21.93,4.58,3.05
1838987,"COMPLETE SOLARIA, INC.",20231231,4,84858000.0,69828000.0,17788000.0,-52358000.0,,20.96,-61.7,
1853070,"VOLATO GROUP, INC.",20231231,4,73338000.0,82025000.0,-8687000.0,-37509000.0,-52822000.0,-11.85,-51.15,-72.03
1852440,JIANZHI EDUCATION TECHNOLOGY GROUP CO LTD,20231231,4,62048287.0,59767805.0,2280482.0,-53911105.0,-52606461.0,3.68,-86.89,-84.78
1531978,"PARAGON 28, INC.",20231231,1,60561000.0,,45121000.0,-13994000.0,-19559000.0,74.51,-23.11,-32.3
1759136,BLUE HAT INTERACTIVE ENTERTAINMENT TECHNOLOGY,20231231,4,58118001.0,,,-28883776.0,-19298018.0,,-49.7,-33.2
1774170,"POWERFLEET, INC.",20231231,4,41689000.0,66660000.0,67076000.0,-12557000.0,-5675000.0,160.9,-30.12,-13.61
1750593,FANGDD NETWORK GROUP LTD.,20231231,4,40135000.0,34333000.0,5802000.0,-37348000.0,-12924000.0,14.46,-93.06,-32.2
1309082,"CAMBER ENERGY, INC.",20231231,4,31012299.0,21340506.0,9671793.0,-1415688.0,-18163220.0,31.19,-4.56,-58.57
814676,CPS TECHNOLOGIES CORP/DE/,20231231,4,27550646.0,20725237.0,6825409.0,1699363.0,0.0,24.77,6.17,0.0
1443611,SINGLEPOINT INC.,20231231,4,26319863.0,19147087.0,-498096.0,-16086577.0,0.0,-1.89,-61.12,0.0
1862935,CURRENC GROUP INC.,20231231,4,25287487.0,317419.0,15319671.0,-6645785.0,-15306550.0,60.58,-26.28,-60.53
1417892,EMEREN GROUP LTD,20231231,4,25152000.0,80629000.0,3131000.0,-8661000.0,,12.45,-34.43,
1066194,EGAIN CORP,20231231,1,23815000.0,,16825000.0,2425000.0,2185000.0,70.65,10.18,9.17
827876,"CLEANSPARK, INC.",20231231,4,19624000.0,,,-11627000.0,-18657000.0,,-59.25,-95.07
1438943,"RANGE IMPACT, INC.",20231231,4,18662111.0,,5853121.0,-1757989.0,269548.0,31.36,-9.42,1.44
709283,QUANTUM CORP /DE/,20231231,1,18282000.0,12701000.0,29181000.0,-6216000.0,-9869000.0,159.62,-34.0,-53.98
1939365,"INSPIRE VETERINARY PARTNERS, INC.",20231231,4,16675393.0,,,-7191016.0,-14792886.0,,-43.12,-88.71
1938534,FBS GLOBAL LTD,20231231,4,16139634.0,14182453.0,1957181.0,-33114.0,3467.0,12.13,-0.21,0.02
1957001,FENBO HOLDINGS LTD,20231231,4,15249000.0,12419000.0,2830000.0,-50000.0,-188000.0,18.56,-0.33,-1.23
1954694,LUCAS GC LTD,20231231,4,14219000.0,148651000.0,58952000.0,9539000.0,10941000.0,414.6,67.09,76.95
1842566,"AIRSHIP AI HOLDINGS, INC.",20231231,4,12299584.0,6535267.0,5764317.0,-6640365.0,0.0,46.87,-53.99,0.0
1854583,"COLLECTIVE AUDIENCE, INC.",20231231,4,12142099.0,,,-6656588.0,,,-54.82,
1417664,"VALUE EXCHANGE INTERNATIONAL, INC.",20231231,4,12030325.0,10845944.0,1184381.0,-6691065.0,,9.84,-55.62,
811222,CARDIFF LEXINGTON CORP,20231231,4,11853266.0,3560624.0,8292642.0,5195045.0,,69.96,43.83,
1872302,NANO LABS LTD,20231231,4,11060101.0,25666000.0,-14605899.0,-66594.0,-35695959.0,-132.06,-0.6,-322.75
822370,"EMMAUS LIFE SCIENCES, INC.",20231231,4,10000000.0,1342000.0,28255000.0,3540000.0,-3733000.0,282.55,35.4,-37.33
1951222,SEALSQ CORP,20231231,4,9985000.0,15589000.0,14049000.0,-4141000.0,-3268000.0,140.7,-41.47,-32.73
1898604,YOSHIHARU GLOBAL CO.,20231231,4,9214779.0,,,-3515254.0,,,-38.15,
1947861,NATURE'S MIRACLE HOLDING INC.,20231231,4,8932751.0,9881622.0,-948871.0,-6038420.0,-97234.0,-10.62,-67.6,-1.09
1893657,RUBBER LEAF INC,20231231,4,8593998.0,10346151.0,-356001.0,-145276.0,,-4.14,-1.69,
1883984,"ALTERNUS CLEAN ENERGY, INC.",20231231,4,8356000.0,,,-5568000.0,,,-66.63,
743758,"AIADVERTISING, INC.",20231231,4,8170957.0,8018382.0,152575.0,-6700385.0,-6265359.0,1.87,-82.0,-76.68
1883835,ESG INC.,20231231,4,7452129.0,5697351.0,1754778.0,-209713.0,-324713.0,23.55,-2.81,-4.36
87802,SCIENTIFIC INDUSTRIES INC,20231231,4,7351000.0,6009500.0,5102000.0,720200.0,0.0,69.41,9.8,0.0
1449792,"PIONEER POWER SOLUTIONS, INC.",20231231,4,6619000.0,33143000.0,8350000.0,4380000.0,-1898000.0,126.15,66.17,-28.68
1069394,FLEXIBLE SOLUTIONS INTERNATIONAL INC,20231231,4,6561164.0,27987451.0,10337355.0,2999787.0,2775864.0,157.55,45.72,42.31
1730773,BLUE STAR FOODS CORP.,20231231,4,6124529.0,0.0,158077.0,-4232278.0,,2.58,-69.1,
1864531,"VSEE HEALTH, INC.",20231231,4,5840889.0,1933195.0,3907694.0,-2593765.0,-4413866.0,66.9,-44.41,-75.57
1518336,DREAM HOMES & DEVELOPMENT CORP.,20231231,4,5656452.0,4570902.0,1085550.0,68803.0,-97379.0,19.19,1.22,-1.72
1707910,"REBORN COFFEE, INC.",20231231,4,5508139.0,,,-4542779.0,-4725123.0,,-82.47,-85.78
1511820,STEMTECH CORP,20231231,4,4921531.0,1001640.0,3919891.0,-3798900.0,-5430245.0,79.65,-77.19,-110.34
1807887,LASER PHOTONICS CORP,20231231,4,3939473.0,1489457.0,447761.0,-3348234.0,-3765932.0,11.37,-84.99,-95.59
1885680,"CORDYCEPS SUNSHINE BIOTECH HOLDINGS CO., LTD.",20231231,4,882533.0,86240.0,766387.0,225384.0,823860.0,86.84,25.54,93.35
1138724,"GLOBAL ARENA HOLDING, INC.",20231231,4,826700.0,,,-382182.0,-1192260.0,,-46.23,-144.22
1464865,"ACCREDITED SOLUTIONS, INC.",20231231,4,688875.0,550792.0,138083.0,-148773.0,0.0,20.04,-21.6,0.0
1680935,HUAHUI EDUCATION GROUP LTD,20231231,4,182302.0,252699.0,485216.0,3108.0,-37214.0,266.16,1.7,-20.41
1984076,"METROS DEVELOPMENT CO., LTD.",20231130,4,477599829.0,346965810.0,130634019.0,63891637.0,39367996.0,27.35,13.38,8.24
1830503,BUSINESS WARRIOR CORP,20231130,1,485754.0,827086.0,291967.0,-484092.0,-1022569.0,60.11,-99.66,-210.51
1090872,"AGILENT TECHNOLOGIES, INC.",20231031,4,1560000000.0,2428000000.0,-868000000.0,1350000000.0,1240000000.0,-55.64,86.54,79.49
1928948,CARAVELLE INTERNATIONAL GROUP,20231031,4,95257538.0,107142741.0,-11885203.0,-15627931.0,-9332024.0,-12.48,-16.41,-9.8
721371,CARDINAL HEALTH INC,20230930,1,54763000000.0,52995000000.0,1768000000.0,-32000000.0,-12000000.0,3.23,-0.06,-0.02
1099590,MERCADOLIBRE INC,20230930,1,3586000000.0,1832000000.0,2095000000.0,785000000.0,359000000.0,58.42,21.89,10.01
1592058,PARTY CITY HOLDCO INC.,20230930,1,409992000.0,302507000.0,107485000.0,-9085000.0,,26.22,-2.22,
1795250,SPHERE ENTERTAINMENT CO.,20230930,1,118007000.0,,,-69789000.0,66425000.0,,-59.14,56.29
1687451,"ZK INTERNATIONAL GROUP CO., LTD.",20230930,4,111599686.0,110303270.0,1296416.0,-60443588.0,-61060794.0,1.16,-54.16,-54.71
37472,FLEXSTEEL INDUSTRIES INC,20230930,1,94603000.0,,18410000.0,1918000.0,752000.0,19.46,2.03,0.79
1941536,"BRIDGER AEROSPACE GROUP HOLDINGS, INC.",20230930,1,53619117.0,15208192.0,38410925.0,22584451.0,17487976.0,71.64,42.12,32.62
1531978,"PARAGON 28, INC.",20230930,1,52783000.0,11922000.0,42389000.0,-8981000.0,-2819000.0,80.31,-17.01,-5.34
709283,QUANTUM CORP /DE/,20230930,1,30505000.0,12225000.0,32736000.0,-3712000.0,-3331000.0,107.31,-12.17,-10.92
1066194,EGAIN CORP,20230930,1,24176000.0,,17338000.0,1416000.0,2596000.0,71.72,5.86,10.74
1787518,NUKKLEUS INC.,20230930,4,19200000.0,2106404.0,-343141.0,-17463221.0,,-1.79,-90.95,
1449792,"PIONEER POWER SOLUTIONS, INC.",20230930,1,12443000.0,7756000.0,3711000.0,-13000.0,1024000.0,29.82,-0.1,8.23
1309082,"CAMBER ENERGY, INC.",20230930,1,10131070.0,6653715.0,3477355.0,-543384.0,-7877343.0,34.32,-5.36,-77.75
1438943,"RANGE IMPACT, INC.",20230930,1,5455633.0,,2857766.0,1659871.0,3404175.0,52.38,30.42,62.4
1420368,DLT RESOLUTION INC.,20230930,1,34113.0,30628.0,3485.0,-15698.0,27424.0,10.22,-46.02,80.39
1467373,ACCENTURE PLC,20230831,4,22292584000.0,43380138000.0,-21087554000.0,8809889000.0,6871557000.0,-94.59,39.52,30.82
796343,ADOBE INC.,20230831,1,4631000000.0,22000000.0,45000000.0,1697000000.0,1403000000.0,0.97,36.64,30.3
815097,CARNIVAL CORP,20230831,1,4253000000.0,,,1624000000.0,1074000000.0,,38.18,25.25
940944,DARDEN RESTAURANTS INC,20230831,1,2730600000.0,851000000.0,1879600000.0,252900000.0,-100000.0,68.83,9.26,-0.0
40704,GENERAL MILLS INC,20230831,1,579900000.0,3134200000.0,-2554300000.0,87300000.0,673500000.0,-440.47,15.05,116.14
1050825,STEELCASE INC,20230831,1,205400000.0,569800000.0,235900000.0,60000000.0,27500000.0,114.85,29.21,13.39
1070235,BLACKBERRY LTD,20230831,1,132000000.0,2000000.0,43000000.0,-47000000.0,-42000000.0,32.58,-35.61,-31.82
96536,"TAYLOR DEVICES, INC.",20230831,1,9923628.0,5539052.0,4384576.0,1919545.0,1847863.0,44.18,19.34,18.62
104169,WALMART INC.,20230731,1,161632000000.0,121850000000.0,39782000000.0,6114000000.0,7891000000.0,24.61,3.78,4.88
354950,"HOME DEPOT, INC.",20230731,1,42916000000.0,28759000000.0,14157000000.0,6589000000.0,4659000000.0,32.99,15.35,10.86
56873,KROGER CO,20230731,1,33853000000.0,,,-479000000.0,-180000000.0,,-1.41,-0.53
60667,LOWES COMPANIES INC,20230731,1,24956000000.0,16557000000.0,8399000000.0,3886000000.0,2673000000.0,33.66,15.57,10.71
29534,DOLLAR GENERAL CORP,20230731,1,7921622000.0,6751495000.0,3044686000.0,692314000.0,468835000.0,38.44,8.74,5.92
935703,"DOLLAR TREE, INC.",20230731,1,7325300000.0,5185400000.0,2139900000.0,287800000.0,200400000.0,29.21,3.93,2.74
794367,"MACY'S, INC.",20230731,1,5280000000.0,3176000000.0,2104000000.0,124000000.0,-22000000.0,39.85,2.35,-0.42
1531152,"BJ'S WHOLESALE CLUB HOLDINGS, INC.",20230731,1,4859842000.0,4066727000.0,793115000.0,200269000.0,131325000.0,16.32,4.12,2.7
1571996,DELL TECHNOLOGIES INC.,20230731,1,4274000000.0,0.0,5387000000.0,3000000.0,462000000.0,126.04,0.07,10.81
1645590,HEWLETT PACKARD ENTERPRISE CO,20230731,1,4231000000.0,2744000000.0,1487000000.0,-20000000.0,464000000.0,35.15,-0.47,10.97
1067294,"CRACKER BARREL OLD COUNTRY STORE, INC",20230731,4,3442808000.0,1127617000.0,2315191000.0,120617000.0,99050000.0,67.25,3.5,2.88
27419,TARGET CORP,20230731,1,3383000000.0,17798000000.0,-14415000000.0,1197000000.0,835000000.0,-426.1,35.38,24.68
1089063,"DICK'S SPORTING GOODS, INC.",20230731,1,3223643000.0,2114167000.0,1109476000.0,311759000.0,,34.42,9.67,
1766502,"CHEWY, INC.",20230731,1,2785302000.0,1996581000.0,788721000.0,-16659000.0,20207000.0,28.32,-0.6,0.73
47217,HP INC,20230731,1,2768000000.0,435000000.0,2822000000.0,794000000.0,766000000.0,101.95,28.68,27.67
1403568,"ULTA BEAUTY, INC.",20230731,1,2529809000.0,1536197000.0,993612000.0,391642000.0,300102000.0,39.28,15.48,11.86
2011641,FERGUSON ENTERPRISES INC. /DE/,20230731,4,1914000000.0,20709000000.0,9025000000.0,76000000.0,-8000000.0,471.53,3.97,-0.42
6281,ANALOG DEVICES INC,20230731,1,1904496000.0,1114880000.0,1961615000.0,929493000.0,-393000.0,103.0,48.81,-0.02
1856525,"CORE & MAIN, INC.",20230731,1,1861000000.0,1360000000.0,501000000.0,226000000.0,110000000.0,26.92,12.14,5.91
1618732,"NUTANIX, INC.",20230731,4,1730848000.0,281080000.0,1530708000.0,-207150000.0,-254560000.0,88.44,-11.97,-14.71
1327811,"WORKDAY, INC.",20230731,1,1624000000.0,192000000.0,1432000000.0,36000000.0,79000000.0,88.18,2.22,4.86
1576942,"STITCH FIX, INC.",20230731,4,1592521000.0,916908000.0,675613000.0,-155281000.0,-171973000.0,42.42,-9.75,-10.8
1817358,"ACADEMY SPORTS & OUTDOORS, INC.",20230731,1,1583077000.0,1019631000.0,563446000.0,210963000.0,157075000.0,35.59,13.33,9.92
1002047,"NETAPP, INC.",20230731,1,1432000000.0,171000000.0,996000000.0,178000000.0,149000000.0,69.55,12.43,10.41
1571123,SCIENCE APPLICATIONS INTERNATIONAL CORP,20230731,1,1389000000.0,1568000000.0,-179000000.0,213000000.0,247000000.0,-12.89,15.33,17.78
1600438,GMS INC.,20230731,1,1378962000.0,,17840000.0,131740000.0,86830000.0,1.29,9.55,6.3
922358,FERRELLGAS PARTNERS L P,20230731,4,1374089000.0,,,136749000.0,86883000.0,,9.95,6.32
1327567,PALO ALTO NETWORKS INC,20230731,4,1359600000.0,1909700000.0,4983000000.0,387300000.0,439700000.0,366.5,28.49,32.34
1090872,"AGILENT TECHNOLOGIES, INC.",20230731,1,1222000000.0,784000000.0,438000000.0,133000000.0,111000000.0,35.84,10.88,9.08
883241,SYNOPSYS INC,20230731,1,1120049000.0,260432000.0,1093958000.0,82768000.0,336252000.0,97.67,7.39,30.02
1018840,ABERCROMBIE & FITCH CO /DE/,20230731,1,935345000.0,350965000.0,584380000.0,-464000.0,56894000.0,62.48,-0.05,6.08
1585521,"ZOOM VIDEO COMMUNICATIONS, INC.",20230731,1,808425000.0,266559000.0,872117000.0,177618000.0,181974000.0,107.88,21.97,22.51
16732,CAMPBELL SOUP CO,20230731,4,769000000.0,-3000000.0,772000000.0,640000000.0,858000000.0,100.39,83.22,111.57
919012,AMERICAN EAGLE OUTFITTERS INC,20230731,1,767018000.0,747863000.0,453016000.0,185917000.0,48570000.0,59.06,24.24,6.33
1326380,GAMESTOP CORP.,20230731,1,760200000.0,857900000.0,305900000.0,-3800000.0,-2800000.0,40.24,-0.5,-0.37
1261333,"DOCUSIGN, INC.",20230731,1,687687000.0,116185000.0,542105000.0,6612000.0,7395000.0,78.83,0.96,1.08
72331,NORDSON CORP,20230731,1,648677000.0,288357000.0,360320000.0,-25452000.0,127891000.0,55.55,-3.92,19.72
1409171,TITAN MACHINERY INC.,20230731,1,642568000.0,509169000.0,133399000.0,44648000.0,31321000.0,20.76,6.95,4.87
746598,BRADY CORP,20230731,4,610553000.0,674588000.0,657275000.0,225213000.0,174857000.0,107.65,36.89,28.64
1826470,"PETCO HEALTH & WELLNESS COMPANY, INC.",20230731,1,544521000.0,148639000.0,593004000.0,24037000.0,-14606000.0,108.9,4.41,-2.68
1660134,"OKTA, INC.",20230731,1,542000000.0,21000000.0,407000000.0,-162000000.0,-111000000.0,75.09,-29.89,-20.48
812011,VAIL RESORTS INC,20230731,4,523022000.0,,,505097000.0,268148000.0,,96.57,51.27
1640147,SNOWFLAKE INC.,20230731,1,516367000.0,218392000.0,455626000.0,-285407000.0,-226867000.0,88.24,-55.27,-43.94
1639300,"OLLIE'S BARGAIN OUTLET HOLDINGS, INC.",20230731,1,514509000.0,317825000.0,196684000.0,52537000.0,0.0,38.23,10.21,0.0
1474432,"PURE STORAGE, INC.",20230731,1,494650000.0,120605000.0,486593000.0,-6228000.0,-7115000.0,98.37,-1.26,-1.44
1856437,VICTORIA'S SECRET & CO.,20230731,1,434000000.0,940000000.0,487000000.0,26000000.0,-1000000.0,112.21,5.99,-0.23
46619,HEICO CORP,20230731,1,405040000.0,444168000.0,-39128000.0,74157000.0,102023000.0,-9.66,18.31,25.19
885639,KOHLS CORP,20230731,1,387000000.0,2242000000.0,-1855000000.0,163000000.0,58000000.0,-479.33,42.12,14.99
1525769,"DAVE & BUSTER'S ENTERTAINMENT, INC.",20230731,1,360800000.0,87100000.0,273700000.0,77100000.0,,75.86,21.37,
1393052,VEEVA SYSTEMS INC,20230731,1,346335000.0,169018000.0,421207000.0,104049000.0,111628000.0,121.62,30.04,32.23
69891,NATIONAL BEVERAGE CORP,20230731,1,324240000.0,209759000.0,114481000.0,63104000.0,49631000.0,35.31,19.46,15.31
1132105,"SPORTSMAN'S WAREHOUSE HOLDINGS, INC.",20230731,1,309495000.0,208678000.0,100817000.0,-1517000.0,-3288000.0,32.57,-0.49,-1.06
711404,"COOPER COMPANIES, INC.",20230731,1,300000000.0,320200000.0,610000000.0,18800000.0,85300000.0,203.33,6.27,28.43
895447,SHOE CARNIVAL INC,20230731,1,294615000.0,189150000.0,105465000.0,24662000.0,19441000.0,35.8,8.37,6.6
885245,BUCKLE INC,20230731,1,292428000.0,154016000.0,138412000.0,56761000.0,45640000.0,47.33,19.41,15.61
1734722,"UIPATH, INC.",20230731,1,287310000.0,19202000.0,238323000.0,-77585000.0,-60361000.0,82.95,-27.0,-21.01
18498,GENESCO INC,20230731,1,287275000.0,273507000.0,249520000.0,-36682000.0,-31665000.0,86.86,-12.77,-11.02
1441816,"MONGODB, INC.",20230731,1,267258000.0,84822000.0,318454000.0,-49003000.0,-37597000.0,119.16,-18.34,-14.07
1372612,BOX INC,20230731,1,261428000.0,67013000.0,194415000.0,9875000.0,10791000.0,74.37,3.78,4.13
57131,LA-Z-BOY INC,20230731,1,260373000.0,275923000.0,205728000.0,23503000.0,27479000.0,79.01,9.03,10.55
1177609,"FIVE BELOW, INC",20230731,1,219668000.0,494402000.0,-274734000.0,58594000.0,46835000.0,-125.07,26.67,21.32
1642896,SAMSARA INC.,20230731,1,219257000.0,58866000.0,160391000.0,-69754000.0,-59968000.0,73.15,-31.81,-27.35
794619,AMERICAN WOODMARK CORP,20230731,1,210460000.0,388646000.0,109609000.0,49827000.0,37850000.0,52.08,23.68,17.98
799288,"LANDS' END, INC.",20230731,1,195921000.0,183766000.0,139597000.0,5798000.0,-8018000.0,71.25,2.96,-4.09
6951,APPLIED MATERIALS INC /DE,20230731,1,180000000.0,3449000000.0,2976000000.0,32000000.0,1560000000.0,1653.33,17.78,866.67
1318484,CITI TRENDS INC,20230731,1,173554000.0,,,-7923000.0,,,-4.57,
1318008,ZUMIEZ INC,20230731,1,149991000.0,132760000.0,61678000.0,-10493000.0,-8509000.0,41.12,-7.0,-5.67
1707753,ELASTIC N.V.,20230731,1,149075000.0,77477000.0,216276000.0,-36247000.0,-48508000.0,145.08,-24.31,-32.54
850209,"FOOT LOCKER, INC.",20230731,1,145000000.0,1357000000.0,-1212000000.0,1000000.0,-5000000.0,-835.86,0.69,-3.45
1133470,CALAVO GROWERS INC,20230731,1,144069000.0,14118000.0,19335000.0,10213000.0,6626000.0,13.42,7.09,4.6
1701758,LOVESAC CO,20230731,1,140507000.0,62139000.0,92390000.0,-993000.0,-635000.0,65.75,-0.71,-0.45
1649744,DULUTH HOLDINGS INC.,20230731,1,139099000.0,67616000.0,71483000.0,-1443000.0,-2004000.0,51.39,-1.04,-1.44
1524025,"TILLY'S, INC.",20230731,1,129800000.0,115635000.0,44316000.0,-2685000.0,-1125000.0,34.14,-2.07,-0.87
1092796,"SMITH & WESSON BRANDS, INC.",20230731,1,114243000.0,83842000.0,30401000.0,4349000.0,3118000.0,26.61,3.81,2.73
751365,VIRCO MFG CORPORATION,20230731,1,107321000.0,58743000.0,48578000.0,21254000.0,15534000.0,45.26,19.8,14.47
1943896,"RUBRIK, INC.",20230731,1,104800000.0,23204000.0,116145000.0,-73520000.0,-81121000.0,110.83,-70.15,-77.41
1774675,SKILLSOFT CORP.,20230731,1,103188000.0,40467000.0,62721000.0,-18889000.0,-31999000.0,60.78,-18.31,-31.01
1569345,"SPRINKLR, INC.",20230731,1,101300000.0,43467000.0,134998000.0,5489000.0,10485000.0,133.27,5.42,10.35
813298,"DESTINATION XL GROUP, INC.",20230731,1,97445000.0,69664000.0,70379000.0,19465000.0,11633000.0,72.22,19.98,11.94
56679,KORN FERRY,20230731,1,96808000.0,77190000.0,19618000.0,56768000.0,46605000.0,20.26,58.64,48.14
1902733,"NCINO, INC.",20230731,1,95315000.0,48047000.0,69189000.0,-14794000.0,-15811000.0,72.59,-15.52,-16.59
891024,"PATTERSON COMPANIES, INC.",20230731,1,93763000.0,1257690000.0,319055000.0,29693000.0,31234000.0,340.28,31.67,33.31
1468666,SECUREWORKS CORP,20230731,1,92966000.0,30084000.0,52909000.0,-41162000.0,-32359000.0,56.91,-44.28,-34.81
1634117,"BARNES & NOBLE EDUCATION, INC.",20230731,1,88680000.0,213527000.0,5794000.0,-5448000.0,-50388000.0,6.53,-6.14,-56.82
1703956,"CONCRETE PUMPING HOLDINGS, INC.",20230731,1,87323000.0,71187000.0,49484000.0,19547000.0,0.0,56.67,22.38,0.0
1568100,"PAGERDUTY, INC.",20230731,1,78255000.0,19833000.0,87783000.0,-26173000.0,-22053000.0,112.18,-33.45,-28.18
1468327,"RENT THE RUNWAY, INC.",20230731,1,75700000.0,22500000.0,53200000.0,-17500000.0,-26800000.0,70.28,-23.12,-35.4
1505952,"DOMO, INC.",20230731,1,71211000.0,7637000.0,60582000.0,-10603000.0,-1462000.0,85.07,-14.89,-2.05
1687932,"J.JILL, INC.",20230731,1,70521000.0,,112371000.0,28044000.0,15222000.0,159.34,39.77,21.59
1041859,"CHILDRENS PLACE, INC.",20230731,1,59935000.0,,87759000.0,-202000.0,-35355000.0,146.42,-0.34,-58.99
1802974,"MISSION PRODUCE, INC.",20230731,1,59000000.0,233000000.0,28400000.0,11000000.0,6600000.0,48.14,18.64,11.19
723603,CULP INC,20230731,1,56662000.0,49577000.0,7085000.0,-2495000.0,,12.5,-4.4,
912615,URBAN OUTFITTERS INC,20230731,1,55793000.0,816614000.0,455581000.0,6726000.0,104092000.0,816.56,12.06,186.57
75288,OXFORD INDUSTRIES INC,20230731,1,52023000.0,151590000.0,268729000.0,51037000.0,51453000.0,516.56,98.1,98.9
1342423,LIMONEIRA CO,20230731,1,51092000.0,46845000.0,4247000.0,432000.0,-1163000.0,8.31,0.85,-2.28
55529,KEWAUNEE SCIENTIFIC CORP /DE/,20230731,1,49839000.0,37925000.0,11914000.0,3808000.0,2474000.0,23.9,7.64,4.96
1428336,"HEALTHEQUITY, INC.",20230731,1,38913000.0,-735000.0,150930000.0,24740000.0,10581000.0,387.87,63.58,27.19
704562,"AVID BIOSERVICES, INC.",20230731,1,37726000.0,33626000.0,4100000.0,-2163000.0,-2122000.0,10.87,-5.73,-5.62
1845022,"COUCHBASE, INC.",20230731,1,36156000.0,5909000.0,37230000.0,-21869000.0,-20651000.0,102.97,-60.49,-57.12
107140,"JOHN WILEY & SONS, INC.",20230731,1,34804000.0,157101000.0,-122297000.0,-16355000.0,-92264000.0,-351.39,-46.99,-265.1
798081,LAKELAND INDUSTRIES INC,20230731,1,33071000.0,18888000.0,14183000.0,3730000.0,0.0,42.89,11.28,0.0
912463,GUESS INC,20230731,1,28016000.0,370069000.0,294443000.0,-539000.0,39033000.0,1050.98,-1.92,139.32
72573,MOVADO GROUP INC,20230731,1,26270000.0,71104000.0,89286000.0,4589000.0,8049000.0,339.88,17.47,30.64
8146,"ASTRONOVA, INC.",20230731,1,25777000.0,25814000.0,9710000.0,1917000.0,-1617000.0,37.67,7.44,-6.27
1520358,"MAMA'S CREATIONS, INC.",20230731,1,24790000.0,17284000.0,7506000.0,2275000.0,1742000.0,30.28,9.18,7.03
1614178,"YEXT, INC.",20230731,1,21779000.0,22393000.0,80205000.0,-4231000.0,-3437000.0,368.27,-19.43,-15.78
1807794,CREDO TECHNOLOGY GROUP HOLDING LTD,20230731,1,16081000.0,14305000.0,20790000.0,-14391000.0,-11697000.0,129.28,-89.49,-72.74
1653482,GITLAB INC.,20230731,1,14624000.0,10871000.0,124885000.0,-3045000.0,-50080000.0,853.97,-20.82,-342.45
1892292,MAISON SOLUTIONS INC.,20230731,1,13752315.0,10646219.0,3106096.0,-216745.0,-104939.0,22.59,-1.58,-0.76
1166388,VERINT SYSTEMS INC,20230731,1,12165000.0,68876000.0,141289000.0,-7512000.0,-6000000.0,1161.44,-61.75,-49.32
1423221,QUANEX BUILDING PRODUCTS CORP,20230731,1,8542000.0,221065000.0,-212523000.0,2271000.0,31698000.0,-2487.98,26.59,371.08
315374,HURCO COMPANIES INC,20230731,1,7166000.0,39753000.0,13448000.0,1012000.0,260000.0,187.66,14.12,3.63
1007019,COFFEE HOLDING CO INC,20230731,1,6645606.0,13315602.0,2448763.0,-403247.0,-111881.0,36.85,-6.07,-1.68
1008586,STREAMLINE HEALTH SOLUTIONS INC.,20230731,1,5770000.0,1893000.0,3877000.0,-2598000.0,-2515000.0,67.19,-45.03,-43.59
1852633,"PINSTRIPES HOLDINGS, INC.",20230731,1,5223000.0,4438000.0,785000.0,-873000.0,-3046000.0,15.03,-16.71,-58.32
39020,FREQUENCY ELECTRONICS INC,20230731,1,3700000.0,7540000.0,4868000.0,678000.0,2042000.0,131.57,18.32,55.19
100591,ARGAN INC,20230731,1,3248000.0,87094000.0,811000.0,3234000.0,12767000.0,24.97,99.57,393.07
1674440,CONNEXA SPORTS TECHNOLOGIES INC.,20230731,1,3120231.0,2227482.0,892749.0,-1854664.0,,28.61,-59.44,
82473,INNSUITES HOSPITALITY TRUST,20230731,1,1721128.0,,,-146037.0,18855.0,,-8.48,1.1
1414767,NETCAPITAL INC.,20230731,1,1519809.0,18053.0,1501756.0,-749020.0,-491655.0,98.81,-49.28,-32.35
1304161,"PHARMA-BIO SERV, INC.",20230731,1,1234509.0,3027160.0,1550007.0,460466.0,526242.0,125.56,37.3,42.63
1673475,"GPO PLUS, INC.",20230731,1,970729.0,747031.0,223704.0,-931386.0,0.0,23.04,-95.95,0.0
1546853,"SKKYNET CLOUD SYSTEMS, INC.",20230731,1,630040.0,,,65883.0,65618.0,,10.46,10.41
1696025,"KINDCARD, INC.",20230731,1,126076.0,17058.0,109018.0,-33008.0,-33008.0,86.47,-26.18,-26.18
1848672,GLIDELOGIC CORP.,20230731,1,30000.0,0.0,30000.0,5848.0,11858.0,100.0,19.49,39.53
1909770,KHEOBA CORP.,20230731,1,6600.0,0.0,6600.0,-2498.0,0.0,100.0,-37.85,0.0
64803,CVS HEALTH CORP,20230630,1,88921000000.0,53536000000.0,35385000000.0,3234000000.0,1901000000.0,39.79,3.64,2.14
731766,UNITEDHEALTH GROUP INC,20230630,1,69631000000.0,9748000000.0,59883000000.0,1525000000.0,5474000000.0,86.0,2.19,7.86
1510295,MARATHON PETROLEUM CORP,20230630,1,37711000000.0,31762000000.0,5949000000.0,3305000000.0,2226000000.0,15.78,8.76,5.9
1739940,CIGNA GROUP,20230630,1,35249000000.0,33442000000.0,1807000000.0,2221000000.0,,5.13,6.3,
1652044,ALPHABET INC.,20230630,1,35073000000.0,31916000000.0,3157000000.0,395000000.0,-193000000.0,9.0,1.13,-0.55
1326801,"META PLATFORMS, INC.",20230630,1,31498000000.0,5945000000.0,25553000000.0,13131000000.0,7788000000.0,81.13,41.69,24.73
1018724,AMAZON COM INC,20230630,1,29697000000.0,69373000000.0,-39676000000.0,-895000000.0,6750000000.0,-133.6,-3.01,22.73
1646972,"ALBERTSONS COMPANIES, INC.",20230630,1,24050200000.0,17387500000.0,6662700000.0,622200000.0,417200000.0,27.7,2.59,1.73
1001250,ESTEE LAUDER COMPANIES INC,20230630,4,15910000000.0,4564000000.0,11346000000.0,1509000000.0,1006000000.0,71.31,9.48,6.32
1090727,UNITED PARCEL SERVICE INC,20230630,1,14396000000.0,,,883000000.0,2081000000.0,,6.13,14.46
81061,PUBLIX SUPER MARKETS INC,20230630,1,14189000000.0,10380000000.0,3809000000.0,1070000000.0,1097000000.0,26.84,7.54,7.73
1551152,ABBVIE INC.,20230630,1,13865000000.0,-26000000.0,13891000000.0,4513000000.0,31000000.0,100.19,32.55,0.22
106040,WESTERN DIGITAL CORP,20230630,4,12318000000.0,10431000000.0,433000000.0,-1285000000.0,-1684000000.0,3.52,-10.43,-13.67
1061219,ENTERPRISE PRODUCTS PARTNERS L.P.,20230630,1,10651000000.0,,,1579000000.0,1253000000.0,,14.82,11.76
26172,CUMMINS INC,20230630,1,10550000000.0,6490000000.0,2148000000.0,997000000.0,,20.36,9.45,
1489393,LYONDELLBASELL INDUSTRIES N.V.,20230630,1,10306000000.0,0.0,10306000000.0,1011000000.0,,100.0,9.81,
1133421,NORTHROP GRUMMAN CORP /DE/,20230630,1,9576000000.0,1660000000.0,7916000000.0,278000000.0,812000000.0,82.66,2.9,8.48
1534504,PBF ENERGY INC.,20230630,1,9148400000.0,8647200000.0,501200000.0,51900000.0,1020400000.0,5.48,0.57,11.15
1665918,US FOODS HOLDING CORP.,20230630,1,9013000000.0,7422000000.0,1591000000.0,322000000.0,182000000.0,17.65,3.57,2.02
1403161,VISA INC.,20230630,1,8123000000.0,,,5024000000.0,,,61.85,
936468,LOCKHEED MARTIN CORP,20230630,1,6875000000.0,14603000000.0,2090000000.0,2135000000.0,1681000000.0,30.4,31.05,24.45
63908,MCDONALDS CORP,20230630,1,6498000000.0,618000000.0,5880000000.0,1518000000.0,2310000000.0,90.49,23.36,35.55
92380,SOUTHWEST AIRLINES CO,20230630,1,6409000000.0,,,795000000.0,683000000.0,,12.4,10.66
1783180,CARRIER GLOBAL CORP,20230630,1,6120000000.0,3769000000.0,2351000000.0,489000000.0,,38.42,7.99,
929008,WESCO INTERNATIONAL INC,20230630,1,5745500000.0,79100000.0,5666400000.0,363800000.0,193100000.0,98.62,6.33,3.36
97745,THERMO FISHER SCIENTIFIC INC.,20230630,1,5714000000.0,3158000000.0,2556000000.0,824000000.0,,44.73,14.42,
1140859,"CENCORA, INC.",20230630,1,5698635000.0,64682397000.0,2264646000.0,670128000.0,479581000.0,39.74,11.76,8.42
320193,APPLE INC,20230630,1,5630000000.0,45384000000.0,36413000000.0,2328000000.0,19881000000.0,646.77,41.35,353.13
1512673,"BLOCK, INC.",20230630,1,5534957000.0,3668856000.0,1052285000.0,-132107000.0,-122506000.0,19.01,-2.39,-2.21
2488,ADVANCED MICRO DEVICES INC,20230630,1,5359000000.0,2916000000.0,2443000000.0,147000000.0,27000000.0,45.59,2.74,0.5
789460,WORLD KINECT CORP,20230630,1,5194400000.0,10699000000.0,281700000.0,24600000.0,29900000.0,5.42,0.47,0.58
732717,AT&T INC.,20230630,1,5114000000.0,5056000000.0,58000000.0,-732000000.0,4489000000.0,1.13,-14.31,87.78
1163302,UNITED STATES STEEL CORP,20230630,1,5008000000.0,4161000000.0,847000000.0,231000000.0,477000000.0,16.91,4.61,9.52
101829,RTX CORP,20230630,1,4904000000.0,11089000000.0,-6185000000.0,1493000000.0,1327000000.0,-126.12,30.44,27.06
1058290,COGNIZANT TECHNOLOGY SOLUTIONS CORP,20230630,1,4886000000.0,,,248000000.0,463000000.0,,5.08,9.48
1415404,ECHOSTAR CORP,20230630,1,4356462000.0,,,-401959000.0,,,-9.23,
1075531,BOOKING HOLDINGS INC.,20230630,1,4340000000.0,,,1673000000.0,,,38.55,
916365,TRACTOR SUPPLY CO /DE/,20230630,1,4184695000.0,2669926000.0,1514769000.0,559332000.0,421234000.0,36.2,13.37,10.07
277135,"W.W. GRAINGER, INC.",20230630,1,4182000000.0,2538000000.0,1644000000.0,661000000.0,470000000.0,39.31,15.81,11.24
1096343,MARKEL GROUP INC.,20230630,1,4142536000.0,,,170050000.0,695511000.0,,4.1,16.79
1048286,MARRIOTT INTERNATIONAL INC /MD/,20230630,1,4140000000.0,287000000.0,3853000000.0,101000000.0,726000000.0,93.07,2.44,17.54
49826,ILLINOIS TOOL WORKS INC,20230630,1,4074000000.0,2344000000.0,1730000000.0,1010000000.0,,42.46,24.79,
1944048,KENVUE INC.,20230630,1,4011000000.0,1786000000.0,2225000000.0,702000000.0,430000000.0,55.47,17.5,10.72
1467858,GENERAL MOTORS CO,20230630,1,3955000000.0,36632000000.0,-32677000000.0,2789000000.0,2566000000.0,-826.22,70.52,64.88
1792044,VIATRIS INC,20230630,1,3918600000.0,2310000000.0,1608600000.0,276900000.0,,41.05,7.07,
24545,MOLSON COORS BEVERAGE CO,20230630,1,3871100000.0,2047700000.0,1218900000.0,488500000.0,342400000.0,31.49,12.62,8.85
109563,APPLIED INDUSTRIAL TECHNOLOGIES INC,20230630,4,3860421000.0,3125829000.0,1286965000.0,203404000.0,346739000.0,33.34,5.27,8.98
943819,RESMED INC,20230630,4,3725017000.0,1867331000.0,2355662000.0,1131871000.0,897556000.0,63.24,30.39,24.1
62709,"MARSH & MCLENNAN COMPANIES, INC.",20230630,1,3722000000.0,,,1545000000.0,1035000000.0,,41.51,27.81
868857,AECOM,20230630,1,3663549000.0,3413471000.0,250078000.0,186400000.0,-134701000.0,6.83,5.09,-3.68
1748790,AMCOR PLC,20230630,4,3540000000.0,2000000.0,58000000.0,1508000000.0,487000000.0,1.64,42.6,13.76
1506307,"KINDER MORGAN, INC.",20230630,1,3501000000.0,,,1030000000.0,586000000.0,,29.42,16.74
927653,MCKESSON CORP,20230630,1,3468000000.0,71461000000.0,3022000000.0,57000000.0,958000000.0,87.14,1.64,27.62
1324424,"EXPEDIA GROUP, INC.",20230630,1,3358000000.0,,,12000000.0,385000000.0,,0.36,11.47
1378992,"BERRY GLOBAL GROUP, INC.",20230630,1,3229000000.0,2649000000.0,580000000.0,68000000.0,143000000.0,17.96,2.11,4.43
1043277,"C. H. ROBINSON WORLDWIDE, INC.",20230630,1,3079268000.0,302800000.0,2776468000.0,132623000.0,97316000.0,90.17,4.31,3.16
1543151,"UBER TECHNOLOGIES, INC",20230630,1,3057000000.0,,,326000000.0,394000000.0,,10.66,12.89
920148,LABCORP HOLDINGS INC.,20230630,1,3033700000.0,2191500000.0,842200000.0,266300000.0,188900000.0,27.76,8.78,6.23
1262976,CIMPRESS PLC,20230630,4,2990041000.0,1640625000.0,1349416000.0,57309000.0,-185978000.0,45.13,1.92,-6.22
1042642,DISH DBS CORP,20230630,1,2854244000.0,1782237000.0,1072007000.0,684470000.0,,37.56,23.98,
1306830,CELANESE CORP,20230630,1,2795000000.0,2109000000.0,686000000.0,295000000.0,220000000.0,24.54,10.55,7.87
205402,GRAYBAR ELECTRIC CO INC,20230630,1,2792100000.0,2231200000.0,560900000.0,171100000.0,124200000.0,20.09,6.13,4.45
1616707,WAYFAIR INC.,20230630,1,2785000000.0,2186000000.0,985000000.0,-142000000.0,-46000000.0,35.37,-5.1,-1.65
1053507,AMERICAN TOWER CORP /MA/,20230630,1,2771700000.0,17200000.0,2754500000.0,1044600000.0,,99.38,37.69,
66740,3M CO,20230630,1,2765000000.0,3728000000.0,-963000000.0,410000000.0,-6841000000.0,-34.83,14.83,-247.41
802481,PILGRIMS PRIDE CORP,20230630,1,2746657000.0,4029666000.0,278425000.0,37265000.0,60456000.0,10.14,1.36,2.2
1158449,ADVANCE AUTO PARTS INC,20230630,1,2686066000.0,7614000.0,-7614000.0,125960000.0,78577000.0,-0.28,4.69,2.93
1413329,PHILIP MORRIS INTERNATIONAL INC.,20230630,1,2668000000.0,3228000000.0,5739000000.0,243000000.0,1568000000.0,215.1,9.11,58.77
49071,HUMANA INC,20230630,1,2639000000.0,,,1031000000.0,959000000.0,,39.07,36.34
1158463,JETBLUE AIRWAYS CORP,20230630,1,2610000000.0,,,235000000.0,138000000.0,,9.0,5.29
75252,OWENS & MINOR INC/VA/,20230630,1,2563226000.0,2043794000.0,519432000.0,10839000.0,-28241000.0,20.26,0.42,-1.1
1370946,OWENS CORNING,20230630,1,2563000000.0,1811000000.0,752000000.0,487000000.0,345000000.0,29.34,19.0,13.46
1058090,CHIPOTLE MEXICAN GRILL INC,20230630,1,2497509000.0,,,431810000.0,341790000.0,,17.29,13.69
1408075,GRAPHIC PACKAGING HOLDING CO,20230630,1,2392000000.0,1886000000.0,506000000.0,21000000.0,150000000.0,21.15,0.88,6.27
1418135,KEURIG DR PEPPER INC.,20230630,1,2330000000.0,1748000000.0,2041000000.0,769000000.0,503000000.0,87.6,33.0,21.59
51644,"INTERPUBLIC GROUP OF COMPANIES, INC.",20230630,1,2328500000.0,2277100000.0,51400000.0,310700000.0,265500000.0,2.21,13.34,11.4
1047862,CONSOLIDATED EDISON INC,20230630,1,2303000000.0,99000000.0,2204000000.0,-2000000.0,189000000.0,95.7,-0.09,8.21
827054,MICROCHIP TECHNOLOGY INC,20230630,1,2288600000.0,730200000.0,33800000.0,903100000.0,666400000.0,1.48,39.46,29.12
1022079,QUEST DIAGNOSTICS INC,20230630,1,2268000000.0,1546000000.0,722000000.0,348000000.0,235000000.0,31.83,15.34,10.36
715957,"DOMINION ENERGY, INC",20230630,1,2252000000.0,,,594000000.0,394000000.0,,26.38,17.5
1560385,LIBERTY MEDIA CORP,20230630,1,2250000000.0,,,52000000.0,166000000.0,,2.31,7.38
277948,CSX CORP,20230630,1,2196000000.0,,,-16000000.0,996000000.0,,-0.73,45.36
21344,COCA COLA CO,20230630,1,2188000000.0,4912000000.0,7060000000.0,673000000.0,2547000000.0,322.67,30.76,116.41
1140536,WILLIS TOWERS WATSON PLC,20230630,1,2159000000.0,,,142000000.0,94000000.0,,6.58,4.35
7536,"ARROW ELECTRONICS, INC.",20230630,1,2153479000.0,7448467000.0,1066049000.0,86228000.0,236559000.0,49.5,4.0,10.98
898173,O REILLY AUTOMOTIVE INC,20230630,1,2130002000.0,1982409000.0,2086582000.0,853773000.0,627365000.0,97.96,40.08,29.45
62996,MASCO CORP /DE/,20230630,1,2127000000.0,1358000000.0,769000000.0,358000000.0,263000000.0,36.15,16.83,12.36
29905,DOVER CORP,20230630,1,2100086000.0,1341250000.0,758836000.0,324496000.0,273000.0,36.13,15.45,0.01
732834,"CONTINENTAL RESOURCES, INC",20230630,1,2036991000.0,,,987235000.0,690813000.0,,48.47,33.91
1012019,RUSH ENTERPRISES INC TX,20230630,1,2003052000.0,1589204000.0,413848000.0,-10000.0,98275000.0,20.66,-0.0,4.91
1376139,CVR ENERGY INC,20230630,1,2000000000.0,1979000000.0,21000000.0,67000000.0,130000000.0,1.05,3.35,6.5
1123360,GLOBAL PAYMENTS INC,20230630,1,1984025000.0,941952000.0,1042073000.0,95701000.0,274148000.0,52.52,4.82,13.82
1596783,"CATALENT, INC.",20230630,4,1978000000.0,3223000000.0,1040000000.0,-163000000.0,-256000000.0,52.58,-8.24,-12.94
798354,FISERV INC,20230630,1,1977000000.0,1351000000.0,626000000.0,1131000000.0,683000000.0,31.66,57.21,34.55
1801169,OPENDOOR TECHNOLOGIES INC.,20230630,1,1976000000.0,1827000000.0,149000000.0,-68000000.0,23000000.0,7.54,-3.44,1.16
829224,STARBUCKS CORP,20230630,1,1972900000.0,,,1583900000.0,1141700000.0,,80.28,57.87
350698,"AUTONATION, INC.",20230630,1,1955500000.0,602800000.0,1300000.0,439200000.0,272500000.0,0.07,22.46,13.94
1781335,OTIS WORLDWIDE CORP,20230630,1,1950000000.0,1309000000.0,641000000.0,0.0,376000000.0,32.87,0.0,19.28
1511737,UBIQUITI INC.,20230630,4,1940512000.0,1179781000.0,760731000.0,544566000.0,407641000.0,39.2,28.06,21.01
1383650,"CHENIERE ENERGY PARTNERS, L.P.",20230630,1,1933000000.0,,,818000000.0,12000000.0,,42.32,0.62
1539838,"DIAMONDBACK ENERGY, INC.",20230630,1,1919000000.0,68000000.0,1851000000.0,54000000.0,556000000.0,96.46,2.81,28.97
1166003,"XPO, INC.",20230630,1,1917000000.0,,,107000000.0,33000000.0,,5.58,1.72
895126,CHESAPEAKE ENERGY CORP,20230630,1,1891000000.0,611000000.0,1280000000.0,517000000.0,391000000.0,67.69,27.34,20.68
945841,POOL CORP,20230630,1,1857363000.0,1289580000.0,567783000.0,327009000.0,0.0,30.57,17.61,0.0
1042046,AMERICAN FINANCIAL GROUP INC,20230630,1,1840000000.0,,,255000000.0,200000000.0,,13.86,10.87
1373715,"SERVICENOW, INC.",20230630,1,1836000000.0,389000000.0,1679000000.0,117000000.0,1044000000.0,91.45,6.37,56.86
1702780,"ALTICE USA, INC.",20230630,1,1835219000.0,3080000.0,1832139000.0,40769000.0,78300000.0,99.83,2.22,4.27
897723,SANMINA CORP,20230630,1,1811530000.0,2023910000.0,37036000.0,-18324000.0,76494000.0,2.04,-1.01,4.22
105016,WATSCO INC,20230630,1,1799031000.0,1440462000.0,562622000.0,265705000.0,172764000.0,31.27,14.77,9.6
1336920,"LEIDOS HOLDINGS, INC.",20230630,1,1791000000.0,3271000000.0,-1480000000.0,34000000.0,207000000.0,-82.64,1.9,11.56
827052,EDISON INTERNATIONAL,20230630,1,1782000000.0,,,724000000.0,,,40.63,
68505,"MOTOROLA SOLUTIONS, INC.",20230630,1,1776000000.0,636000000.0,1189000000.0,306000000.0,371000000.0,66.95,17.23,20.89
1796209,API GROUP CORP,20230630,1,1771000000.0,1275000000.0,496000000.0,41000000.0,2000000.0,28.01,2.32,0.11
915913,ALBEMARLE CORP,20230630,1,1763065000.0,1811703000.0,558487000.0,139998000.0,650043000.0,31.68,7.94,36.87
317540,"COCA-COLA CONSOLIDATED, INC.",20230630,1,1701490000.0,1067255000.0,671577000.0,234211000.0,122319000.0,39.47,13.77,7.19
1050915,"QUANTA SERVICES, INC.",20230630,1,1697629000.0,4324511000.0,724099000.0,244017000.0,165899000.0,42.65,14.37,9.77
1575515,"SPROUTS FARMERS MARKET, INC.",20230630,1,1692247000.0,1066275000.0,625972000.0,91616000.0,67334000.0,36.99,5.41,3.98
1041061,YUM BRANDS INC,20230630,1,1687000000.0,0.0,1687000000.0,573000000.0,418000000.0,100.0,33.97,24.78
1707925,LINDE PLC,20230630,1,1683000000.0,,,472000000.0,1575000000.0,,28.05,93.58
813828,PARAMOUNT GLOBAL,20230630,1,1665000000.0,,,-1000000.0,-299000000.0,,-0.06,-17.96
788784,PUBLIC SERVICE ENTERPRISE GROUP INC,20230630,1,1662000000.0,,,794000000.0,336000000.0,,47.77,20.22
1413447,NXP SEMICONDUCTORS N.V.,20230630,1,1596000000.0,1418000000.0,1881000000.0,937000000.0,698000000.0,117.86,58.71,43.73
1000753,"INSPERITY, INC.",20230630,1,1585000000.0,,225000000.0,16000000.0,0.0,14.2,1.01,0.0
1492691,KNIGHT-SWIFT TRANSPORTATION HOLDINGS INC.,20230630,1,1552979000.0,,,-6632000.0,63326000.0,,-0.43,4.08
1024305,COTY INC.,20230630,4,1547700000.0,2006800000.0,1616200000.0,483700000.0,508200000.0,104.43,31.25,32.84
1568651,"OSCAR HEALTH, INC.",20230630,1,1521535000.0,,,-6529000.0,-15528000.0,,-0.43,-1.02
8858,AVNET INC,20230630,4,1497000000.0,23354738000.0,3182143000.0,1186800000.0,770828000.0,212.57,79.28,51.49
1563190,"COMPASS, INC.",20230630,1,1494000000.0,,,-44600000.0,-47800000.0,,-2.99,-3.2
1047127,"AMKOR TECHNOLOGY, INC.",20230630,1,1457922000.0,1271052000.0,186870000.0,76322000.0,64286000.0,12.82,5.23,4.41
1219601,"CROWN HOLDINGS, INC.",20230630,1,1451000000.0,,,36000000.0,157000000.0,,2.48,10.82
20520,"FRONTIER COMMUNICATIONS PARENT, INC.",20230630,1,1449000000.0,528000000.0,921000000.0,115000000.0,-2000000.0,63.56,7.94,-0.14
793952,"HARLEY-DAVIDSON, INC.",20230630,1,1445523000.0,790628000.0,654895000.0,194337000.0,-85000.0,45.31,13.44,-0.01
764065,CLEVELAND-CLIFFS INC.,20230630,1,1441000000.0,5340000000.0,-3899000000.0,483000000.0,,-270.58,33.52,
1004980,PG&E CORP,20230630,1,1438000000.0,274000000.0,1164000000.0,511000000.0,,80.95,35.54,
732712,VERIZON COMMUNICATIONS INC,20230630,1,1435000000.0,6986000000.0,-5551000000.0,-344000000.0,4648000000.0,-386.83,-23.97,323.9
883902,"CORNERSTONE BUILDING BRANDS, INC.",20230630,1,1428218000.0,1130381000.0,297837000.0,50831000.0,-22326000.0,20.85,3.56,-1.56
1521332,APTIV PLC,20230630,1,1394000000.0,4336000000.0,-2942000000.0,410000000.0,0.0,-211.05,29.41,0.0
1136893,"FIDELITY NATIONAL INFORMATION SERVICES, INC.",20230630,1,1388000000.0,1519000000.0,905000000.0,351000000.0,-6596000000.0,65.2,25.29,-475.22
1297996,"DIGITAL REALTY TRUST, INC.",20230630,1,1350427000.0,,,154860000.0,120684000.0,,11.47,8.94
313616,DANAHER CORP /DE/,20230630,1,1316000000.0,2594000000.0,3318000000.0,340000000.0,1106000000.0,252.13,25.84,84.04
1002638,OPEN TEXT CORP,20230630,4,1310016000.0,1316587000.0,3168393000.0,516292000.0,150379000.0,241.86,39.41,11.48
1081316,BERKSHIRE HATHAWAY ENERGY CO,20230630,1,1296000000.0,462000000.0,834000000.0,46000000.0,236000000.0,64.35,3.55,18.21
1616862,AXALTA COATING SYSTEMS LTD.,20230630,1,1294000000.0,904000000.0,390000000.0,138000000.0,61000000.0,30.14,10.66,4.71
1099800,EDWARDS LIFESCIENCES CORP,20230630,1,1290600000.0,256900000.0,1038600000.0,263500000.0,307100000.0,80.47,20.42,23.8
1634997,"AVANGRID, INC.",20230630,1,1272000000.0,,,126000000.0,85000000.0,,9.91,6.68
1411579,"AMC ENTERTAINMENT HOLDINGS, INC.",20230630,1,1260400000.0,383100000.0,877300000.0,84800000.0,8600000.0,69.6,6.73,0.68
1128928,FLOWERS FOODS INC,20230630,1,1228050000.0,,,88554000.0,63760000.0,,7.21,5.19
1443646,BOOZ ALLEN HAMILTON HOLDING CORP,20230630,1,1224317000.0,1251916000.0,-27599000.0,234418000.0,161388000.0,-2.25,19.15,13.18
1481582,RYERSON HOLDING CORP,20230630,1,1223800000.0,1082600000.0,260900000.0,58300000.0,37600000.0,21.32,4.76,3.07
1495932,"EXP WORLD HOLDINGS, INC.",20230630,1,1219345000.0,,,12836000.0,,,1.05,
78890,BRINKS CO,20230630,1,1216200000.0,1500000.0,1214700000.0,105600000.0,32100000.0,99.88,8.68,2.64
1868275,CONSTELLATION ENERGY CORP,20230630,1,1208000000.0,,,669000000.0,833000000.0,,55.38,68.96
91440,SNAP-ON INC,20230630,1,1191300000.0,26500000.0,603700000.0,66900000.0,264000000.0,50.68,5.62,22.16
858470,COTERRA ENERGY INC.,20230630,1,1185000000.0,,,276000000.0,209000000.0,,23.29,17.64
837465,TOPGOLF CALLAWAY BRANDS CORP.,20230630,1,1179700000.0,387900000.0,791800000.0,116000000.0,117400000.0,67.12,9.83,9.95
105418,WEIS MARKETS INC,20230630,1,1178695000.0,,299045000.0,45623000.0,34265000.0,25.37,3.87,2.91
1591698,PAYLOCITY HOLDING CORP,20230630,4,1174598000.0,367039000.0,807559000.0,155026000.0,140822000.0,68.75,13.2,11.99
1289460,"TEXAS ROADHOUSE, INC.",20230630,1,1171203000.0,,,95412000.0,,,8.15,
1466258,TRANE TECHNOLOGIES PLC,20230630,1,1165700000.0,3120300000.0,-1954600000.0,885400000.0,586200000.0,-167.68,75.95,50.29
1964738,SOLVENTUM CORP,20230630,1,1161000000.0,20000000.0,1189000000.0,124000000.0,321000000.0,102.41,10.68,27.65
1823584,ALLIANCE ENTERTAINMENT HOLDING CORP,20230630,4,1158722000.0,,,-32746000.0,,,-2.83,
1996810,GE VERNOVA INC.,20230630,1,1132000000.0,6973000000.0,1147000000.0,-341000000.0,-150000000.0,101.33,-30.12,-13.25
1157408,"STRIDE, INC.",20230630,4,1131391000.0,1190288000.0,647070000.0,165499000.0,126867000.0,57.19,14.63,11.21
1103982,"MONDELEZ INTERNATIONAL, INC.",20230630,1,1128000000.0,5153000000.0,3354000000.0,580000000.0,944000000.0,297.34,51.42,83.69
811156,CMS ENERGY CORP,20230630,1,1128000000.0,342000000.0,786000000.0,255000000.0,167000000.0,69.68,22.61,14.8
77476,PEPSICO INC,20230630,1,1127000000.0,10121000000.0,12201000000.0,-381000000.0,2748000000.0,1082.61,-33.81,243.83
74303,OLIN CORP,20230630,1,1126400000.0,1392600000.0,-266200000.0,216700000.0,,-23.63,19.24,
764622,PINNACLE WEST CAPITAL CORP,20230630,1,1121703000.0,,,183280000.0,,,16.34,
1156375,CME GROUP INC.,20230630,1,1118300000.0,,,838600000.0,777600000.0,,74.99,69.53
1478242,IQVIA HOLDINGS INC.,20230630,1,1116000000.0,,,524000000.0,297000000.0,,46.95,26.61
1398659,GENPACT LTD,20230630,1,1105524000.0,715484000.0,390040000.0,157320000.0,116252000.0,35.28,14.23,10.52
1316835,"BUILDERS FIRSTSOURCE, INC.",20230630,1,1082458000.0,2933944000.0,1594946000.0,577072000.0,404619000.0,147.34,53.31,37.38
1650729,"SITEONE LANDSCAPE SUPPLY, INC.",20230630,1,1075200000.0,,489400000.0,171300000.0,124000000.0,45.52,15.93,11.53
1365135,WESTERN UNION CO,20230630,1,1072200000.0,698900000.0,373300000.0,250900000.0,176200000.0,34.82,23.4,16.43
4127,SKYWORKS SOLUTIONS INC,20230630,1,1071200000.0,607100000.0,464100000.0,230700000.0,195800000.0,43.33,21.54,18.28
1136869,"ZIMMER BIOMET HOLDINGS, INC.",20230630,1,1068900000.0,23500000.0,1045400000.0,-399400000.0,209600000.0,97.8,-37.37,19.61
1564408,SNAP INC,20230630,1,1067669000.0,496874000.0,570795000.0,-404339000.0,-5303000.0,53.46,-37.87,-0.5
24741,CORNING INC /NY,20230630,1,1066000000.0,11000000.0,1013000000.0,279000000.0,281000000.0,95.03,26.17,26.36
1099590,MERCADOLIBRE INC,20230630,1,1049000000.0,1754000000.0,111000000.0,669000000.0,0.0,10.58,63.78,0.0
1609711,GODADDY INC.,20230630,1,1048100000.0,,,119600000.0,82900000.0,,11.41,7.91
940942,"HUB GROUP, INC.",20230630,1,1040462000.0,,,62070000.0,46505000.0,,5.97,4.47
1447669,TWILIO INC,20230630,1,1037761000.0,37300000.0,505755000.0,-53398000.0,-166187000.0,48.74,-5.15,-16.01
1109448,ALLIANCEBERNSTEIN L.P.,20230630,1,1033905000.0,150038000.0,883867000.0,188661000.0,175737000.0,85.49,18.25,17.0
937098,"TRINET GROUP, INC.",20230630,1,1032000000.0,,,97000000.0,83000000.0,,9.4,8.04
33213,EQT CORP,20230630,1,1018751000.0,523162000.0,495589000.0,-34993000.0,-66626000.0,48.65,-3.43,-6.54
1385157,TE CONNECTIVITY LTD.,20230630,1,1011000000.0,2699000000.0,1299000000.0,630000000.0,528000000.0,128.49,62.31,52.23
916076,MARTIN MARIETTA MATERIALS INC,20230630,1,1005000000.0,1261000000.0,129000000.0,490000000.0,348000000.0,12.84,48.76,34.63
880117,SANFILIPPO JOHN B & SON INC,20230630,4,999686000.0,788055000.0,211631000.0,90224000.0,62857000.0,21.17,9.03,6.29
1051512,TELEPHONE & DATA SYSTEMS INC /DE/,20230630,1,957000000.0,0.0,957000000.0,-8000000.0,-2000000.0,100.0,-0.84,-0.21
1000228,HENRY SCHEIN INC,20230630,1,950000000.0,2125000000.0,975000000.0,35000000.0,140000000.0,102.63,3.68,14.74
800240,ODP CORP,20230630,1,948000000.0,1493000000.0,414000000.0,60000000.0,34000000.0,43.67,6.33,3.59
1419612,"SOLAREDGE TECHNOLOGIES, INC.",20230630,1,947360000.0,618943000.0,4056000.0,150358000.0,0.0,0.43,15.87,0.0
1069202,LENNOX INTERNATIONAL INC,20230630,1,936200000.0,0.0,457800000.0,278800000.0,217200000.0,48.9,29.78,23.2
1722482,"AVANTOR, INC.",20230630,1,923900000.0,1153900000.0,590000000.0,71700000.0,-7300000.0,63.86,7.76,-0.79
820313,AMPHENOL CORP /DE/,20230630,1,920300000.0,2062200000.0,991700000.0,240300000.0,460500000.0,107.76,26.11,50.04
70866,NCR VOYIX CORP,20230630,1,917000000.0,0.0,917000000.0,148000000.0,19000000.0,100.0,16.14,2.07
1579241,ALLEGION PLC,20230630,1,912500000.0,510600000.0,401900000.0,13900000.0,142000000.0,44.04,1.52,15.56
763744,LCI INDUSTRIES,20230630,1,900769000.0,796519000.0,218120000.0,18642000.0,33426000.0,24.21,2.07,3.71
107815,WISCONSIN ELECTRIC POWER CO,20230630,1,900300000.0,292500000.0,607800000.0,244100000.0,,67.51,27.11,
55785,KIMBERLY CLARK CORP,20230630,1,900000000.0,3403000000.0,1731000000.0,-801000000.0,102000000.0,192.33,-89.0,11.33
896622,"APTARGROUP, INC.",20230630,1,895906000.0,,,116557000.0,83072000.0,,13.01,9.27
97476,TEXAS INSTRUMENTS INC,20230630,1,894000000.0,1621000000.0,2910000000.0,318000000.0,1722000000.0,325.5,35.57,192.62
1013871,"NRG ENERGY, INC.",20230630,1,892000000.0,,,530000000.0,,,59.42,
1012100,SEALED AIR CORP/DE,20230630,1,880600000.0,800000.0,418000000.0,216300000.0,99100000.0,47.47,24.56,11.25
1100682,"CHARLES RIVER LABORATORIES INTERNATIONAL, INC.",20230630,1,874891000.0,112522000.0,762369000.0,164945000.0,97020000.0,87.14,18.85,11.09
1093557,DEXCOM INC,20230630,1,871300000.0,324900000.0,546400000.0,128100000.0,115900000.0,62.71,14.7,13.3
1260221,TRANSDIGM GROUP INC,20230630,1,861000000.0,715000000.0,1029000000.0,783000000.0,351000000.0,119.51,90.94,40.77
1704715,"ALPHA METALLURGICAL RESOURCES, INC.",20230630,1,858371000.0,,,218103000.0,181355000.0,,25.41,21.13
1757898,STERIS PLC,20230630,1,855788000.0,654382000.0,529004000.0,197761000.0,123554000.0,61.81,23.11,14.44
1001082,DISH NETWORK CORP,20230630,1,853918000.0,,,720792000.0,,,84.41,
817720,SYNAPTICS INC,20230630,4,853700000.0,639200000.0,715900000.0,154300000.0,73600000.0,83.86,18.07,8.62
1592000,"ENLINK MIDSTREAM, LLC",20230630,1,851500000.0,75100000.0,776400000.0,181900000.0,54300000.0,91.18,21.36,6.38
1428439,"ROKU, INC",20230630,1,847186000.0,120905000.0,378271000.0,-125960000.0,-107595000.0,44.65,-14.87,-12.7
884887,ROYAL CARIBBEAN CRUISES LTD,20230630,1,841000000.0,516000000.0,325000000.0,771000000.0,459000000.0,38.64,91.68,54.58
1364885,"SPIRIT AEROSYSTEMS HOLDINGS, INC.",20230630,1,835600000.0,1395500000.0,-559900000.0,-120400000.0,-206300000.0,-67.01,-14.41,-24.69
216228,ITT INC.,20230630,1,834600000.0,553900000.0,280000000.0,66400000.0,108200000.0,33.55,7.96,12.96
1334036,"CROCS, INC.",20230630,1,832950000.0,451060000.0,621307000.0,65509000.0,212412000.0,74.59,7.86,25.5
70318,TENET HEALTHCARE CORP,20230630,1,830000000.0,,,604000000.0,,,72.77,
103379,V F CORP,20230630,1,829697000.0,985269000.0,-155572000.0,123782000.0,-57425000.0,-18.75,14.92,-6.92
891103,"MATCH GROUP, INC.",20230630,1,829552000.0,250294000.0,579258000.0,214796000.0,,69.83,25.89,
1062231,AMERICAN AXLE & MANUFACTURING HOLDINGS INC,20230630,1,827100000.0,1392500000.0,178200000.0,57800000.0,8000000.0,21.55,6.99,0.97
1262039,"FORTINET, INC.",20230630,1,820200000.0,174500000.0,698900000.0,279000000.0,266300000.0,85.21,34.02,32.47
72741,EVERSOURCE ENERGY,20230630,1,818968000.0,,,177174000.0,134743000.0,,21.63,16.45
1674335,"JELD-WEN HOLDING, INC.",20230630,1,817112000.0,900212000.0,225555000.0,56266000.0,38281000.0,27.6,6.89,4.68
1137789,SEAGATE TECHNOLOGY HOLDINGS PLC,20230630,4,817000000.0,6033000000.0,-5216000000.0,-342000000.0,-529000000.0,-638.43,-41.86,-64.75
1301787,BLUELINX HOLDINGS INC.,20230630,1,815967000.0,680164000.0,135803000.0,39093000.0,24466000.0,16.64,4.79,3.0
1274494,"FIRST SOLAR, INC.",20230630,1,810673000.0,0.0,8503000.0,168515000.0,170579000.0,1.05,20.79,21.04
1633931,TOPBUILD CORP,20230630,1,809055000.0,895462000.0,421800000.0,-11198000.0,164400000.0,52.13,-1.38,20.32
1650164,"TOAST, INC.",20230630,1,808000000.0,770000000.0,208000000.0,-80000000.0,-98000000.0,25.74,-9.9,-12.13
1023128,LITHIA MOTORS INC,20230630,1,804400000.0,404600000.0,1385100000.0,475800000.0,297200000.0,172.19,59.15,36.95
1045609,"PROLOGIS, INC.",20230630,1,799035000.0,,,594933000.0,1246628000.0,,74.46,156.02
1411207,ALLISON TRANSMISSION HOLDINGS INC,20230630,1,783000000.0,402000000.0,381000000.0,242000000.0,175000000.0,48.66,30.91,22.35
1043604,JUNIPER NETWORKS INC,20230630,1,776300000.0,617000000.0,813100000.0,141100000.0,24400000.0,104.74,18.18,3.14
84839,ROLLINS INC,20230630,1,763646000.0,,,154789000.0,110143000.0,,20.27,14.42
2001184,"PACS GROUP, INC.",20230630,1,760664000.0,590815000.0,169849000.0,49539000.0,21218000.0,22.33,6.51,2.79
895419,"WOLFSPEED, INC.",20230630,4,758500000.0,515600000.0,242900000.0,-311800000.0,,32.02,-41.11,
1701605,BAKER HUGHES CO,20230630,1,752000000.0,3255000000.0,-2503000000.0,514000000.0,410000000.0,-332.85,68.35,54.52
67716,MDU RESOURCES GROUP INC,20230630,1,746933000.0,,,13886000.0,130692000.0,,1.86,17.5
1130310,CENTERPOINT ENERGY INC,20230630,1,745000000.0,57000000.0,688000000.0,380000000.0,118000000.0,92.35,51.01,15.84
1000697,WATERS CORP /DE/,20230630,1,740576000.0,194354000.0,546222000.0,199859000.0,,73.76,26.99,
821130,UNITED STATES CELLULAR CORP,20230630,1,735000000.0,203000000.0,532000000.0,18000000.0,5000000.0,72.38,2.45,0.68
1857475,DOLE PLC,20230630,1,725859000.0,7267000.0,196573000.0,91629000.0,42275000.0,27.08,12.62,5.82
46765,"HELMERICH & PAYNE, INC.",20230630,1,721567000.0,,,179381000.0,95293000.0,,24.86,13.21
1877322,ESAB CORP,20230630,1,720422000.0,456499000.0,263923000.0,108639000.0,65573000.0,36.63,15.08,9.1
1679788,"COINBASE GLOBAL, INC.",20230630,1,707911000.0,,,-73575000.0,-97405000.0,,-10.39,-13.76
1792580,OVINTIV INC.,20230630,1,703000000.0,,,462000000.0,336000000.0,,65.72,47.8
1486159,CHORD ENERGY CORP,20230630,1,695426000.0,216226000.0,479200000.0,251017000.0,216071000.0,68.91,36.1,31.07
1941365,"MASTERBRAND, INC.",20230630,1,695100000.0,458900000.0,236200000.0,87400000.0,51200000.0,33.98,12.57,7.37
1177702,SAIA INC,20230630,1,694622000.0,,,120255000.0,91319000.0,,17.31,13.15
1580905,"INSTALLED BUILDING PRODUCTS, INC.",20230630,1,692100000.0,459600000.0,232500000.0,92300000.0,61600000.0,33.59,13.34,8.9
1232524,JAZZ PHARMACEUTICALS PLC,20230630,1,691365000.0,,,157636000.0,104438000.0,,22.8,15.11
1463101,"ENPHASE ENERGY, INC.",20230630,1,684122000.0,387776000.0,323342000.0,170320000.0,157191000.0,47.26,24.9,22.98
1323468,GLOBAL PARTNERS LP,20230630,1,683256000.0,3589031000.0,242659000.0,62682000.0,41389000.0,35.52,9.17,6.06
310764,STRYKER CORP,20230630,1,682000000.0,0.0,3181000000.0,601000000.0,738000000.0,466.42,88.12,108.21
59527,LINCOLN ELECTRIC HOLDINGS INC,20230630,1,676966000.0,687137000.0,373428000.0,178013000.0,137331000.0,55.16,26.3,20.29
1618755,RESTAURANT BRANDS INTERNATIONAL LIMITED PARTNERSHIP,20230630,1,676000000.0,0.0,676000000.0,0.0,,100.0,0.0,
1442145,"VERISK ANALYTICS, INC.",20230630,1,675000000.0,216900000.0,458100000.0,306000000.0,196900000.0,67.87,45.33,29.17
1124941,BEACON ROOFING SUPPLY INC,20230630,1,670800000.0,1867500000.0,636200000.0,234300000.0,153800000.0,94.84,34.93,22.93
1597033,SABRE CORP,20230630,1,670761000.0,316370000.0,354391000.0,-42183000.0,-123931000.0,52.83,-6.29,-18.48
55067,KELLANOVA,20230630,1,668000000.0,2257000000.0,-1589000000.0,67000000.0,357000000.0,-237.87,10.03,53.44
1311370,"LAZARD, INC.",20230630,1,662318000.0,,,19094000.0,-124013000.0,,2.88,-18.72
1326141,LAZARD GROUP LLC,20230630,1,662213000.0,,,-83759000.0,-272560000.0,,-12.65,-41.16
1021860,NOV INC.,20230630,1,660000000.0,1636000000.0,457000000.0,156000000.0,5000000.0,69.24,23.64,0.76
1604778,"QORVO, INC.",20230630,1,651164000.0,422094000.0,229070000.0,-96937000.0,-43580000.0,35.18,-14.89,-6.69
1455863,AMERICOLD REALTY TRUST,20230630,1,649610000.0,8968000.0,640642000.0,20667000.0,-104724000.0,98.62,3.18,-16.12
784977,PORTLAND GENERAL ELECTRIC CO /OR/,20230630,1,648000000.0,,,81000000.0,,,12.5,
1967649,VESTIS CORP,20230630,1,646403000.0,,,87386000.0,48863000.0,,13.52,7.56
1362468,ALLEGIANT TRAVEL CO,20230630,1,642747000.0,,,5921000.0,88469000.0,,0.92,13.76
57515,LANCASTER COLONY CORP,20230630,4,642153000.0,1433959000.0,388568000.0,139464000.0,111286000.0,60.51,21.72,17.33
1520006,MATADOR RESOURCES CO,20230630,1,638083000.0,30657000.0,607426000.0,0.0,164666000.0,95.2,0.0,25.81
922621,ERIE INDEMNITY CO,20230630,1,633339000.0,,,134158000.0,117852000.0,,21.18,18.61
1658566,PERMIAN RESOURCES CORP,20230630,1,623398000.0,,,191408000.0,73399000.0,,30.7,11.77
1467623,"DROPBOX, INC.",20230630,1,622500000.0,120100000.0,502400000.0,56500000.0,43200000.0,80.71,9.08,6.94
874716,IDEXX LABORATORIES INC /DE,20230630,1,621607000.0,115000.0,572850000.0,19820000.0,55000.0,92.16,3.19,0.01
313927,CHURCH & DWIGHT CO INC /DE/,20230630,1,619200000.0,815300000.0,638900000.0,293600000.0,221200000.0,103.18,47.42,35.72
731802,ATMOS ENERGY CORP,20230630,1,616067000.0,,,71679000.0,0.0,,11.63,0.0
1577916,"PREMIER, INC.",20230630,4,611035000.0,218087000.0,896289000.0,242093000.0,,146.68,39.62,
1821806,"LESLIE'S, INC.",20230630,1,610891000.0,359295000.0,251596000.0,115807000.0,0.0,41.19,18.96,0.0
1881487,PROFRAC HOLDING CORP.,20230630,1,607700000.0,,,53700000.0,-2900000.0,,8.84,-0.48
949870,BOSTON BEER CO INC,20230630,1,603304000.0,329141000.0,274163000.0,78370000.0,58035000.0,45.44,12.99,9.62
1180262,HERBALIFE LTD.,20230630,1,602800000.0,301600000.0,1012400000.0,123400000.0,59900000.0,167.95,20.47,9.94
1794669,"SHIFT4 PAYMENTS, INC.",20230630,1,600100000.0,,,33900000.0,25100000.0,,5.65,4.18
1172222,HAWAIIAN HOLDINGS INC,20230630,1,597558000.0,,,-20427000.0,-12334000.0,,-3.42,-2.06
1599617,DNOW INC.,20230630,1,594000000.0,460000000.0,134000000.0,4000000.0,34000000.0,22.56,0.67,5.72
1109354,BRUKER CORP,20230630,1,586700000.0,341400000.0,340500000.0,-24000000.0,25300000.0,58.04,-4.09,4.31
2178,"ADAMS RESOURCES & ENERGY, INC.",20230630,1,585272000.0,579753000.0,5519000.0,-779000.0,827000.0,0.94,-0.13,0.14
1849253,"RYAN SPECIALTY HOLDINGS, INC.",20230630,1,585149000.0,,,122840000.0,30078000.0,,20.99,5.14
1048477,BIOMARIN PHARMACEUTICAL INC,20230630,1,584698000.0,130619000.0,454079000.0,65566000.0,56040000.0,77.66,11.21,9.58
1057352,"COSTAR GROUP, INC.",20230630,1,584300000.0,112400000.0,493500000.0,79100000.0,100500000.0,84.46,13.54,17.2
1315257,KOPPERS HOLDINGS INC.,20230630,1,577200000.0,464700000.0,112500000.0,54400000.0,24500000.0,19.49,9.42,4.24
1795250,SPHERE ENTERTAINMENT CO.,20230630,4,573831000.0,,,96508000.0,502772000.0,,16.82,87.62
915840,BEAZER HOMES USA INC,20230630,1,572544000.0,,116744000.0,55629000.0,43817000.0,20.39,9.72,7.65
1022408,EPLUS INC,20230630,1,565685000.0,42998000.0,9797000.0,2834000.0,0.0,1.73,0.5,0.0
1477449,"TELADOC HEALTH, INC.",20230630,1,561787000.0,,,-71645000.0,-65177000.0,,-12.75,-11.6
30697,WENDY'S CO,20230630,1,561565000.0,201010000.0,360555000.0,8531000.0,0.0,64.21,1.52,0.0
1809104,"ALIGHT, INC. / DELAWARE",20230630,1,561000000.0,,187000000.0,-36000000.0,-67000000.0,33.33,-6.42,-11.94
42888,GRACO INC,20230630,1,559644000.0,268229000.0,291415000.0,-11323000.0,134268000.0,52.07,-2.02,23.99
1138118,"CBRE GROUP, INC.",20230630,1,559000000.0,6179000000.0,-5620000000.0,33000000.0,201000000.0,-1005.37,5.9,35.96
1704720,"CANNAE HOLDINGS, INC.",20230630,1,554700000.0,128300000.0,426400000.0,16500000.0,-87200000.0,76.87,2.97,-15.72
19584,CHEMED CORP,20230630,1,553816000.0,374193000.0,179623000.0,69506000.0,70502000.0,32.43,12.55,12.73
896262,AMEDISYS INC,20230630,1,552968000.0,297455000.0,255513000.0,51800000.0,-80275000.0,46.21,9.37,-14.52
1839439,"PAYCOR HCM, INC.",20230630,4,552692000.0,187140000.0,365552000.0,-104655000.0,-93215000.0,66.14,-18.94,-16.87
891014,MINERALS TECHNOLOGIES INC,20230630,1,551500000.0,423500000.0,128000000.0,-1700000.0,26600000.0,23.21,-0.31,4.82
893538,SM ENERGY CO,20230630,1,550754000.0,,,209351000.0,149874000.0,,38.01,27.21
883984,ICU MEDICAL INC/DE,20230630,1,549310000.0,356983000.0,192327000.0,2760000.0,-9934000.0,35.01,0.5,-1.81
1869198,"LIFE TIME GROUP HOLDINGS, INC.",20230630,1,542125000.0,302603000.0,239522000.0,52408000.0,17004000.0,44.18,9.67,3.14
1384905,"RINGCENTRAL, INC.",20230630,1,539305000.0,136067000.0,374888000.0,-45062000.0,-21482000.0,69.51,-8.36,-3.98
1368458,"SALLY BEAUTY HOLDINGS, INC.",20230630,1,534932000.0,456303000.0,474705000.0,88683000.0,50821000.0,88.74,16.58,9.5
66756,ALLETE INC,20230630,1,533400000.0,193200000.0,340200000.0,53500000.0,51500000.0,63.78,10.03,9.66
1952073,MADISON SQUARE GARDEN ENTERTAINMENT CORP.,20230630,4,532308000.0,,,-188966000.0,76597000.0,,-35.5,14.39
1561680,"TRI POINTE HOMES, INC.",20230630,1,525796000.0,7405000.0,518391000.0,69343000.0,60724000.0,98.59,13.19,11.55
1108109,COMMUNITY HEALTH SYSTEMS INC,20230630,1,522000000.0,504000000.0,18000000.0,246000000.0,-38000000.0,3.45,47.13,-7.28
1408710,FABRINET,20230630,4,520796000.0,2308964000.0,336273000.0,251704000.0,247913000.0,64.57,48.33,47.6
1840572,BOWLERO CORP.,20230630,4,518428000.0,716384000.0,342406000.0,200800000.0,82048000.0,66.05,38.73,15.83
1142417,"NEXSTAR MEDIA GROUP, INC.",20230630,1,511000000.0,,,-72000000.0,96000000.0,,-14.09,18.79
1579091,MAPLEBEAR INC.,20230630,1,510000000.0,189000000.0,527000000.0,119000000.0,114000000.0,103.33,23.33,22.35
1175454,"CORPAY, INC.",20230630,1,509630000.0,,,16190000.0,239702000.0,,3.18,47.03
1561550,"DATADOG, INC.",20230630,1,509460000.0,101846000.0,407614000.0,-22006000.0,-3969000.0,80.01,-4.32,-0.78
943452,WESTINGHOUSE AIR BRAKE TECHNOLOGIES CORP,20230630,1,508000000.0,1684000000.0,723000000.0,68000000.0,191000000.0,142.32,13.39,37.6
1802768,ROYALTY PHARMA PLC,20230630,1,501345000.0,,,248840000.0,227625000.0,,49.63,45.4
1034670,AUTOLIV INC,20230630,1,497000000.0,2188000000.0,447000000.0,94000000.0,53000000.0,89.94,18.91,10.66
1564902,UNITED PARKS & RESORTS INC.,20230630,1,496029000.0,,,155438000.0,87055000.0,,31.34,17.55
1526520,"TRIPADVISOR, INC.",20230630,1,494000000.0,,,44000000.0,24000000.0,,8.91,4.86
1895262,NOBLE CORP PLC,20230630,1,493983000.0,,,109144000.0,65816000.0,,22.09,13.32
1711269,"EVERGY, INC.",20230630,1,485300000.0,,,138900000.0,84800000.0,,28.62,17.47
1013880,"TTEC HOLDINGS, INC.",20230630,1,482809000.0,,,31298000.0,1211000.0,,6.48,0.25
868780,"DORMAN PRODUCTS, INC.",20230630,1,480568000.0,317062000.0,163506000.0,41013000.0,32770000.0,34.02,8.53,6.82
202058,"L3HARRIS TECHNOLOGIES, INC. /DE/",20230630,1,479000000.0,3506000000.0,-3027000000.0,325000000.0,349000000.0,-631.94,67.85,72.86
746838,UNISYS CORP,20230630,1,476800000.0,323500000.0,153300000.0,100000.0,-40000000.0,32.15,0.02,-8.39
1104485,"NORTHERN OIL & GAS, INC.",20230630,1,476554000.0,84350000.0,392204000.0,234791000.0,167815000.0,82.3,49.27,35.21
7332,SOUTHWESTERN ENERGY CO,20230630,1,475000000.0,,,0.0,231000000.0,,0.0,48.63
1628908,"EVOLENT HEALTH, INC.",20230630,1,469136000.0,351938000.0,117198000.0,-21568000.0,-34323000.0,24.98,-4.6,-7.32
1576427,CRITEO S.A.,20230630,1,468934000.0,228717000.0,199782000.0,959000.0,-2876000.0,42.6,0.2,-0.61
26324,CURTISS WRIGHT CORP,20230630,1,466056000.0,444823000.0,259573000.0,46782000.0,80999000.0,55.7,10.04,17.38
1504461,NGL ENERGY PARTNERS LP,20230630,1,464390000.0,425299000.0,39091000.0,69331000.0,19301000.0,8.42,14.93,4.16
933036,"UPBOUND GROUP, INC.",20230630,1,464358000.0,472937000.0,506226000.0,4979000.0,-45618000.0,109.02,1.07,-9.82
1671933,"TRADE DESK, INC.",20230630,1,464254000.0,86654000.0,377600000.0,41673000.0,32939000.0,81.33,8.98,7.1
1974138,NCR ATLEOS CORP,20230630,1,464000000.0,578000000.0,-114000000.0,79000000.0,53000000.0,-24.57,17.03,11.42
1124140,EXACT SCIENCES CORP,20230630,1,462787000.0,156991000.0,305796000.0,-76929000.0,-81026000.0,66.08,-16.62,-17.51
877212,ZEBRA TECHNOLOGIES CORP,20230630,1,459000000.0,633000000.0,581000000.0,-42000000.0,144000000.0,126.58,-9.15,31.37
827187,SLEEP NUMBER CORP,20230630,1,458789000.0,194544000.0,264245000.0,11226000.0,754000.0,57.6,2.45,0.16
88121,SEABOARD CORP /DE/,20230630,1,458000000.0,40000000.0,96000000.0,60000000.0,,20.96,13.1,
1034054,SBA COMMUNICATIONS CORP,20230630,1,456754000.0,39236000.0,417518000.0,241227000.0,203648000.0,91.41,52.81,44.59
1828016,PLAYTIKA HOLDING CORP.,20230630,1,452900000.0,178300000.0,274600000.0,139200000.0,75700000.0,60.63,30.74,16.71
831641,TETRA TECH INC,20230630,1,452605000.0,221387000.0,188846000.0,97675000.0,,41.72,21.58,
1396009,VULCAN MATERIALS CO,20230630,1,451700000.0,1529600000.0,27000000.0,451100000.0,400000.0,5.98,99.87,0.09
1254699,QVC INC,20230630,1,451000000.0,1456000000.0,-1005000000.0,374000000.0,213000000.0,-222.84,82.93,47.23
1111711,NISOURCE INC.,20230630,1,450600000.0,,,168900000.0,58800000.0,,37.48,13.05
1481792,"QUAD/GRAPHICS, INC.",20230630,1,449300000.0,93200000.0,356100000.0,8300000.0,-6100000.0,79.26,1.85,-1.36
1590976,"MALIBU BOATS, INC.",20230630,4,449156000.0,1037070000.0,351295000.0,144784000.0,104513000.0,78.21,32.23,23.27
1032975,LOGITECH INTERNATIONAL S.A.,20230630,1,445168000.0,,375642000.0,78405000.0,62727000.0,84.38,17.61,14.09
106640,WHIRLPOOL CORP /DE/,20230630,1,445000000.0,3976000000.0,816000000.0,303000000.0,85000000.0,183.37,68.09,19.1
1579877,OUTFRONT MEDIA INC.,20230630,1,444900000.0,,,-438200000.0,-478900000.0,,-98.49,-107.64
1043509,SONIC AUTOMOTIVE INC,20230630,1,443700000.0,3084000000.0,568900000.0,-52800000.0,23400000.0,128.22,-11.9,5.27
879101,KIMCO REALTY CORP,20230630,1,442840000.0,,,157192000.0,106626000.0,,35.5,24.08
913241,"STEVEN MADDEN, LTD.",20230630,1,442837000.0,255432000.0,79045000.0,10330000.0,34529000.0,17.85,2.33,7.8
1289490,EXTRA SPACE STORAGE INC.,20230630,1,440747000.0,114637000.0,326110000.0,273339000.0,202410000.0,73.99,62.02,45.92
275880,PARSONS CORP,20230630,1,440094000.0,1068220000.0,-628126000.0,-551000.0,43241000.0,-142.73,-0.13,9.83
1315098,ROBLOX CORP,20230630,1,439523000.0,162029000.0,277494000.0,-313989000.0,-282777000.0,63.14,-71.44,-64.34
1124198,FLUOR CORP,20230630,1,436000000.0,3741000000.0,198000000.0,9000000.0,61000000.0,45.41,2.06,13.99
1020710,DXP ENTERPRISES INC,20230630,1,428040000.0,296188000.0,131852000.0,37480000.0,19054000.0,30.8,8.76,4.45
949157,CENTURY ALUMINUM CO,20230630,1,427200000.0,-1400000.0,15900000.0,-700000.0,2200000.0,3.72,-0.16,0.51
1130713,"BEYOND, INC.",20230630,1,422211000.0,314642000.0,94372000.0,-4249000.0,-73493000.0,22.35,-1.01,-17.41
89089,SERVICE CORP INTERNATIONAL,20230630,1,417489000.0,229734000.0,261468000.0,233501000.0,132188000.0,62.63,55.93,31.66
1820721,"ARRAY TECHNOLOGIES, INC.",20230630,1,417448000.0,361323000.0,43452000.0,96241000.0,64808000.0,10.41,23.05,15.52
1302215,"HOULIHAN LOKEY, INC.",20230630,1,415829000.0,,,73347000.0,61390000.0,,17.64,14.76
74208,"UDR, INC.",20230630,1,404548000.0,,,11619000.0,347545000.0,,2.87,85.91
1971213,"SINCLAIR, INC.",20230630,1,403000000.0,,,4000000.0,-89000000.0,,0.99,-22.08
1670592,"YETI HOLDINGS, INC.",20230630,1,402563000.0,-5052000.0,214838000.0,50331000.0,38071000.0,53.37,12.5,9.46
1672013,ACUSHNET HOLDINGS CORP.,20230630,1,401372000.0,320840000.0,368523000.0,13679000.0,74655000.0,91.82,3.41,18.6
50725,GRIFFON CORP,20230630,1,401142000.0,408806000.0,274624000.0,102185000.0,-239000.0,68.46,25.47,-0.06
1114483,INTEGER HOLDINGS CORP,20230630,1,400044000.0,294240000.0,105804000.0,68497000.0,23971000.0,26.45,17.12,5.99
728391,"IPALCO ENTERPRISES, INC.",20230630,1,396307000.0,,,40061000.0,8006000.0,,10.11,2.02
1029199,"EURONET WORLDWIDE, INC.",20230630,1,394800000.0,,,47200000.0,86100000.0,,11.96,21.81
1590955,"PAYCOM SOFTWARE, INC.",20230630,1,394522000.0,67428000.0,327094000.0,87266000.0,64516000.0,82.91,22.12,16.35
1835591,VIZIO HOLDING CORP.,20230630,1,394400000.0,56500000.0,85800000.0,6300000.0,1900000.0,21.75,1.6,0.48
37472,FLEXSTEEL INDUSTRIES INC,20230630,4,393692000.0,322745000.0,70947000.0,10542000.0,14778000.0,18.02,2.68,3.75
1317630,ITC HOLDINGS CORP.,20230630,1,393000000.0,,,219000000.0,146000000.0,,55.73,37.15
1065837,SKECHERS USA INC,20230630,1,390783000.0,951992000.0,431551000.0,217733000.0,152759000.0,110.43,55.72,39.09
1782754,AZEK CO INC.,20230630,1,387553000.0,255639000.0,131914000.0,58550000.0,440000.0,34.04,15.11,0.11
1566011,PBF HOLDING CO LLC,20230630,1,385000000.0,8692600000.0,-8307600000.0,369100000.0,354500000.0,-2157.82,95.87,92.08
1474735,GENERAC HOLDINGS INC.,20230630,1,384353000.0,671999000.0,328421000.0,85972000.0,45198000.0,85.45,22.37,11.76
1610250,"BOOT BARN HOLDINGS, INC.",20230630,1,383695000.0,241732000.0,141963000.0,46245000.0,34253000.0,37.0,12.05,8.93
1592058,PARTY CITY HOLDCO INC.,20230630,1,383122000.0,316058000.0,127567000.0,-39921000.0,,33.3,-10.42,
107833,WISCONSIN PUBLIC SERVICE CORP,20230630,1,381000000.0,117800000.0,263200000.0,89900000.0,400000.0,69.08,23.6,0.1
1117297,"QUINSTREET, INC",20230630,4,379723000.0,532101000.0,48523000.0,-20816000.0,-68866000.0,12.78,-5.48,-18.14
913142,BELDEN INC.,20230630,1,379716000.0,430917000.0,261328000.0,92597000.0,68753000.0,68.82,24.39,18.11
896156,ETHAN ALLEN INTERIORS INC,20230630,4,378814000.0,311012000.0,480370000.0,1148000.0,0.0,126.81,0.3,0.0
930420,KFORCE INC,20230630,1,378470000.0,278924000.0,95485000.0,25933000.0,18574000.0,25.23,6.85,4.91
1832332,"AVEANNA HEALTHCARE HOLDINGS, INC.",20230630,1,377668000.0,,,37492000.0,25599000.0,,9.93,6.78
51253,INTERNATIONAL FLAVORS & FRAGRANCES INC,20230630,1,376000000.0,1996000000.0,933000000.0,145000000.0,27000000.0,248.14,38.56,7.18
277509,FEDERAL SIGNAL CORP /DE/,20230630,1,373000000.0,325100000.0,117300000.0,56200000.0,40300000.0,31.45,15.07,10.8
1724965,TALOS ENERGY INC.,20230630,1,367210000.0,,,40425000.0,13677000.0,,11.01,3.72
1320414,SELECT MEDICAL HOLDINGS CORP,20230630,1,366498000.0,,,47802000.0,78237000.0,,13.04,21.35
1725057,"DAYFORCE, INC.",20230630,1,365900000.0,210000000.0,155900000.0,29400000.0,3100000.0,42.61,8.03,0.85
788816,OGLETHORPE POWER CORP,20230630,1,365496000.0,,,49987000.0,,,13.68,
895417,EQUITY LIFESTYLE PROPERTIES INC,20230630,1,365282000.0,7039000.0,358243000.0,112133000.0,3121000.0,98.07,30.7,0.85
1381531,DOMTAR CORP,20230630,1,363000000.0,,,62000000.0,-23000000.0,,17.08,-6.34
1739566,"UTZ BRANDS, INC.",20230630,1,362853000.0,245460000.0,117393000.0,2661000.0,-4124000.0,32.35,0.73,-1.14
50493,INGLES MARKETS INC,20230630,1,362174000.0,1095767991.0,338100614.0,7370000.0,48259543.0,93.35,2.03,13.32
931015,POLARIS INC.,20230630,1,361600000.0,1711600000.0,200000.0,196000000.0,134300000.0,0.06,54.2,37.14
1771515,GROCERY OUTLET HOLDING CORP.,20230630,1,359770000.0,683685000.0,326570000.0,36481000.0,24471000.0,90.77,10.14,6.8
1336047,"BOARDWALK PIPELINE PARTNERS, LP",20230630,1,358700000.0,,,112400000.0,78700000.0,,31.34,21.94
1910851,R1 RCM INC. /DE,20230630,1,357800000.0,445900000.0,-88100000.0,23900000.0,-1000000.0,-24.62,6.68,-0.28
928876,TOWER SEMICONDUCTOR LTD,20230630,1,357191000.0,270674000.0,86517000.0,50529000.0,51190000.0,24.22,14.15,14.33
1575965,"GAMING & LEISURE PROPERTIES, INC.",20230630,1,356589000.0,,,238275000.0,4507000.0,,66.82,1.26
1069878,TREX CO INC,20230630,1,356538000.0,200090000.0,156448000.0,104767000.0,77036000.0,43.88,29.38,21.61
1086600,ALLIANCE RESOURCE PARTNERS LP,20230630,1,355392000.0,,,183929000.0,169790000.0,,51.75,47.78
1289848,HURON CONSULTING GROUP INC.,20230630,1,354899000.0,,,27397000.0,24712000.0,,7.72,6.96
811596,KAISER ALUMINUM CORP,20230630,1,354700000.0,718400000.0,-363700000.0,35900000.0,18300000.0,-102.54,10.12,5.16
65312,"EVI INDUSTRIES, INC.",20230630,4,354173000.0,250490000.0,103683000.0,16506000.0,9719000.0,29.27,4.66,2.74
25445,"CRANE NXT, CO.",20230630,1,352400000.0,184000000.0,168400000.0,64800000.0,43200000.0,47.79,18.39,12.26
1710155,"NATIONAL VISION HOLDINGS, INC.",20230630,1,352180000.0,,,5561000.0,5614000.0,,1.58,1.59
932696,INSIGHT ENTERPRISES INC,20230630,1,352085000.0,42703000.0,18001000.0,6908000.0,80482000.0,5.11,1.96,22.86
1013488,BJS RESTAURANTS INC,20230630,1,349670000.0,90614000.0,259056000.0,10212000.0,11932000.0,74.09,2.92,3.41
1772016,"BELLRING BRANDS, INC.",20230630,1,349300000.0,309900000.0,136000000.0,76000000.0,44300000.0,38.94,21.76,12.68
1018963,ATI INC,20230630,1,346300000.0,836900000.0,209100000.0,120300000.0,90400000.0,60.38,34.74,26.1
730464,ADTALEM GLOBAL EDUCATION INC.,20230630,4,346067000.0,648486000.0,-302419000.0,168170000.0,93358000.0,-87.39,48.59,26.98
1751008,APPLOVIN CORP,20230630,1,344102000.0,258575000.0,85527000.0,131328000.0,80357000.0,24.86,38.17,23.35
1680247,PROPETRO HOLDING CORP.,20230630,1,343545000.0,,,52483000.0,39257000.0,,15.28,11.43
914208,INVESCO LTD.,20230630,1,342300000.0,,,203800000.0,132200000.0,,59.54,38.62
1810806,UNITY SOFTWARE INC.,20230630,1,340368000.0,158827000.0,374651000.0,-191452000.0,-192160000.0,110.07,-56.25,-56.46
1367644,EMERGENT BIOSOLUTIONS INC.,20230630,1,337900000.0,80500000.0,257400000.0,-292900000.0,-261400000.0,76.18,-86.68,-77.36
712034,ACCO BRANDS CORP,20230630,1,336400000.0,300000.0,164200000.0,-12300000.0,26400000.0,48.81,-3.66,7.85
1528129,"VITAL ENERGY, INC.",20230630,1,335062000.0,588000.0,334474000.0,121449000.0,294811000.0,99.82,36.25,87.99
1852244,"GXO LOGISTICS, INC.",20230630,1,335000000.0,,,99000000.0,65000000.0,,29.55,19.4
77360,PENTAIR PLC,20230630,1,334300000.0,683000000.0,399500000.0,-20500000.0,,119.5,-6.13,
912728,FORWARD AIR CORP,20230630,1,333622000.0,,,27063000.0,19951000.0,,8.11,5.98
814453,NEWELL BRANDS INC.,20230630,1,333000000.0,1575000000.0,629000000.0,-52000000.0,18000000.0,188.89,-15.62,5.41
10456,BAXTER INTERNATIONAL INC,20230630,1,332000000.0,2596000000.0,1111000000.0,264000000.0,4000000.0,334.64,79.52,1.2
1418121,"APPLE HOSPITALITY REIT, INC.",20230630,1,331043000.0,84911000.0,246132000.0,83029000.0,65289000.0,74.35,25.08,19.72
887733,CENTRAL GARDEN & PET CO,20230630,1,330500000.0,705217000.0,318052000.0,122830000.0,83126000.0,96.23,37.16,25.15
1737706,SEADRILL LTD,20230630,1,329000000.0,186000000.0,143000000.0,109000000.0,,43.47,33.13,
945114,GLOBAL INDUSTRIAL CO,20230630,1,325800000.0,212900000.0,112900000.0,29100000.0,21500000.0,34.65,8.93,6.6
1050797,COLUMBIA SPORTSWEAR CO,20230630,1,325525000.0,306888000.0,314045000.0,15041000.0,,96.47,4.62,
1789832,HESS MIDSTREAM LP,20230630,1,324000000.0,,,198100000.0,25100000.0,,61.14,7.75
1084961,ENCORE CAPITAL GROUP INC,20230630,1,323044000.0,,,88072000.0,,,27.26,
1404655,HUBSPOT INC,20230630,1,321827000.0,84956000.0,441852000.0,-116169000.0,7143000.0,137.29,-36.1,2.22
1520262,ALKERMES PLC.,20230630,1,321239000.0,63249000.0,257990000.0,281269000.0,237065000.0,80.31,87.56,73.8
1997859,WEBTOON ENTERTAINMENT INC.,20230630,1,320663000.0,3563000.0,317100000.0,-5466000.0,-20118000.0,98.89,-1.7,-6.27
1801170,"CLOVER HEALTH INVESTMENTS, CORP. /DE",20230630,1,320138000.0,,,-28882000.0,-28814000.0,,-9.02,-9.0
1395942,"OPENLANE, INC.",20230630,1,319400000.0,,,-260500000.0,-193800000.0,,-81.56,-60.68
61986,MANITOWOC CO INC,20230630,1,319400000.0,479800000.0,123000000.0,6400000.0,-8200000.0,38.51,2.0,-2.57
1967680,VERALTO CORP,20230630,1,319000000.0,529000000.0,724000000.0,-13000000.0,209000000.0,226.96,-4.08,65.52
1082554,UNITED THERAPEUTICS CORP,20230630,1,318900000.0,3100000.0,315800000.0,313400000.0,259200000.0,99.03,98.28,81.28
1637880,"TRI-STATE GENERATION & TRANSMISSION ASSOCIATION, INC.",20230630,1,318455000.0,,,4884000.0,-37185000.0,,1.53,-11.68
887936,"FTI CONSULTING, INC",20230630,1,317912000.0,588094000.0,-270182000.0,88709000.0,62395000.0,-84.99,27.9,19.63
39899,TEGNA INC,20230630,1,317726000.0,430528000.0,-112802000.0,281599000.0,200105000.0,-35.5,88.63,62.98
816956,CONMED CORP,20230630,1,317652000.0,146962000.0,170690000.0,27418000.0,13732000.0,53.73,8.63,4.32
1837240,SYMBOTIC INC.,20230630,1,311837000.0,10665000.0,52909000.0,-42009000.0,-4347000.0,16.97,-13.47,-1.39
1609804,ORION S.A.,20230630,1,309300000.0,341700000.0,117100000.0,58900000.0,30100000.0,37.86,19.04,9.73
1901440,UL SOLUTIONS INC.,20230630,1,309000000.0,352000000.0,-43000000.0,2000000.0,94000000.0,-13.92,0.65,30.42
66570,MSA SAFETY INC,20230630,1,308378000.0,233503000.0,213796000.0,95008000.0,67090000.0,69.33,30.81,21.76
1699150,INGERSOLL RAND INC.,20230630,1,308100000.0,989000000.0,697500000.0,272400000.0,179500000.0,226.39,88.41,58.26
16040,CABOT CORP,20230630,1,307000000.0,745000000.0,223000000.0,150000000.0,82000000.0,72.64,48.86,26.71
1307954,HUNTSMAN CORP,20230630,1,307000000.0,1342000000.0,254000000.0,50000000.0,19000000.0,82.74,16.29,6.19
799233,HEARTLAND EXPRESS INC,20230630,1,306169000.0,,,16230000.0,0.0,,5.3,0.0
1037676,"ARCH RESOURCES, INC.",20230630,1,305542000.0,,89016000.0,89680000.0,2259000.0,29.13,29.35,0.74
1794515,ZOOMINFO TECHNOLOGIES INC.,20230630,1,305500000.0,,265000000.0,59600000.0,38100000.0,86.74,19.51,12.47
1973266,"TKO GROUP HOLDINGS, INC.",20230630,1,305185000.0,,,143870000.0,-7253000.0,,47.14,-2.38
874499,GULFPORT ENERGY CORP,20230630,1,304706000.0,85664000.0,219042000.0,102583000.0,93687000.0,71.89,33.67,30.75
1122976,AVIENT CORP,20230630,1,300800000.0,583700000.0,240700000.0,39700000.0,22100000.0,80.02,13.2,7.35
1507079,"FLOOR & DECOR HOLDINGS, INC.",20230630,1,299349000.0,656266000.0,479633000.0,94974000.0,71452000.0,160.23,31.73,23.87
1067837,"AUDACY, INC.",20230630,1,298513000.0,,,-135297000.0,-125802000.0,,-45.32,-42.14
1308547,"DOLBY LABORATORIES, INC.",20230630,1,298370000.0,41515000.0,256855000.0,15935000.0,16399000.0,86.09,5.34,5.5
1874944,"VACASA, INC.",20230630,1,297110000.0,142126000.0,154984000.0,-8346000.0,-5642000.0,52.16,-2.81,-1.9
910329,MEDIFAST INC,20230630,1,296188000.0,85473000.0,210715000.0,38706000.0,30280000.0,71.14,13.07,10.22
791963,OPPENHEIMER HOLDINGS INC,20230630,1,295496000.0,,,-11699000.0,-9400000.0,,-3.96,-3.18
1601548,"V2X, INC.",20230630,1,293198000.0,890452000.0,-597254000.0,34270000.0,1799000.0,-203.7,11.69,0.61
911177,CASELLA WASTE SYSTEMS INC,20230630,1,289645000.0,186319000.0,103326000.0,0.0,5490000.0,35.67,0.0,1.9
12208,"BIO-RAD LABORATORIES, INC.",20230630,1,287700000.0,318627000.0,362483000.0,89617000.0,-1162251000.0,125.99,31.15,-403.98
1071255,"GOLDEN ENTERTAINMENT, INC.",20230630,1,286681000.0,15359000.0,271322000.0,35738000.0,12282000.0,94.64,12.47,4.28
1872789,EMBECTA CORP.,20230630,1,286100000.0,96600000.0,189500000.0,51300000.0,15200000.0,66.24,17.93,5.31
1674101,VERTIV HOLDINGS CO,20230630,1,285700000.0,1140100000.0,-854400000.0,205800000.0,83200000.0,-299.05,72.03,29.12
1000694,NOVAVAX INC,20230630,1,285163000.0,55777000.0,229386000.0,55457000.0,58008000.0,80.44,19.45,20.34
1060955,ICON PLC,20230630,1,284382000.0,,,209484000.0,115598000.0,,73.66,40.65
1834622,"HAYWARD HOLDINGS, INC.",20230630,1,283543000.0,147033000.0,136510000.0,80346000.0,29453000.0,48.14,28.34,10.39
1547459,"NATURAL GROCERS BY VITAMIN COTTAGE, INC.",20230630,1,281791000.0,,81390000.0,9084000.0,7072000.0,28.88,3.22,2.51
34903,FEDERAL REALTY INVESTMENT TRUST,20230630,1,280679000.0,,,101801000.0,60499000.0,,36.27,21.55
1359841,HANESBRANDS INC.,20230630,1,278857000.0,-129000.0,356793000.0,69933000.0,-22464000.0,127.95,25.08,-8.06
1878897,DOUGLAS ELLIMAN INC.,20230630,1,275912000.0,0.0,275912000.0,-7283000.0,-5219000.0,100.0,-2.64,-1.89
716133,CINCINNATI BELL INC,20230630,1,275300000.0,130900000.0,144400000.0,-8000000.0,-10100000.0,52.45,-2.91,-3.67
1469367,SUNRUN INC.,20230630,1,274490000.0,268687000.0,5803000.0,-205941000.0,55474000.0,2.11,-75.03,20.21
1113232,AXCELIS TECHNOLOGIES INC,20230630,1,273970000.0,7526000.0,119703000.0,63708000.0,,43.69,23.25,
1066605,HEIDRICK & STRUGGLES INTERNATIONAL INC,20230630,1,273777000.0,25306000.0,248471000.0,13585000.0,8982000.0,90.76,4.96,3.28
1084869,1 800 FLOWERS COM INC,20230630,4,273231000.0,1260327000.0,757526000.0,-35011000.0,0.0,277.25,-12.81,0.0
1031308,BENTLEY SYSTEMS INC,20230630,1,270961000.0,41156000.0,230323000.0,53305000.0,48685000.0,85.0,19.67,17.97
1852131,NEXTRACKER INC.,20230630,1,270338000.0,365799000.0,113744000.0,73880000.0,43216000.0,42.07,27.33,15.99
1589526,BLUE BIRD CORP,20230630,1,270282000.0,248534000.0,45750000.0,19422000.0,9358000.0,16.93,7.19,3.46
21665,COLGATE PALMOLIVE CO,20230630,1,268000000.0,2035000000.0,2787000000.0,-172000000.0,502000000.0,1039.93,-64.18,187.31
1749723,NEW FORTRESS ENERGY INC.,20230630,1,267777000.0,,,190965000.0,119248000.0,,71.31,44.53
1324948,RBC BEARINGS INC,20230630,1,266600000.0,219200000.0,167900000.0,85000000.0,,62.98,31.88,
1337619,"ENVESTNET, INC.",20230630,1,265506000.0,7645000.0,257861000.0,-15312000.0,-21416000.0,97.12,-5.77,-8.07
1604665,WESTLAKE CHEMICAL PARTNERS LP,20230630,1,264177000.0,176455000.0,87722000.0,80493000.0,11886000.0,33.21,30.47,4.5
1441236,CLEARWATER PAPER CORP,20230630,1,263000000.0,438700000.0,-175700000.0,25000000.0,29700000.0,-66.81,9.51,11.29
1290900,"COMMERCIAL VEHICLE GROUP, INC.",20230630,1,262194000.0,223793000.0,38401000.0,14135000.0,10140000.0,14.65,5.39,3.87
1321732,PENUMBRA INC,20230630,1,261499000.0,94638000.0,166861000.0,17889000.0,18960000.0,63.81,6.84,7.25
1840776,"HAGERTY, INC.",20230630,1,261244000.0,,,17253000.0,,,6.6,
873303,"SAREPTA THERAPEUTICS, INC.",20230630,1,261238000.0,,,-133519000.0,-23940000.0,,-51.11,-9.16
1093691,PLUG POWER INC,20230630,1,260182000.0,338325000.0,-78143000.0,-233842000.0,-236398000.0,-30.03,-89.88,-90.86
1845257,"LIFESTANCE HEALTH GROUP, INC.",20230630,1,259578000.0,,,-48413000.0,-45478000.0,,-18.65,-17.52
901491,PAPA JOHNS INTERNATIONAL INC,20230630,1,258566000.0,,,358000.0,17768000.0,,0.14,6.87
1096752,EDGEWELL PERSONAL CARE CO,20230630,1,258400000.0,370300000.0,600000.0,32300000.0,53000000.0,0.23,12.5,20.51
1005757,CSG SYSTEMS INTERNATIONAL INC,20230630,1,255600000.0,151142000.0,104458000.0,28206000.0,13954000.0,40.87,11.04,5.46
1958140,"ATLANTA BRAVES HOLDINGS, INC.",20230630,1,254935000.0,,,19467000.0,-28913000.0,,7.64,-11.34
885568,OLD DOMINION ELECTRIC COOPERATIVE,20230630,1,254140000.0,,,16878000.0,3247000.0,,6.64,1.28
1606757,"KIMBALL ELECTRONICS, INC.",20230630,4,253976000.0,1667264000.0,156165000.0,87729000.0,55831000.0,61.49,34.54,21.98
2013745,"CALUMET, INC. /DE",20230630,1,248200000.0,946300000.0,-8400000.0,25100000.0,-22300000.0,-3.38,10.11,-8.98
1679049,"INTERNATIONAL SEAWAYS, INC.",20230630,1,247591000.0,,,168676000.0,153762000.0,,68.13,62.1
912562,"GIBRALTAR INDUSTRIES, INC.",20230630,1,246979000.0,268175000.0,96739000.0,-1117000.0,30723000.0,39.17,-0.45,12.44
1338749,POTLATCHDELTIC CORP,20230630,1,246101000.0,215063000.0,31038000.0,36319000.0,22306000.0,12.61,14.76,9.06
1517302,ARTISAN PARTNERS ASSET MANAGEMENT INC.,20230630,1,242903000.0,,,76702000.0,53625000.0,,31.58,22.08
1999001,SIX FLAGS ENTERTAINMENT CORPORATION/NEW,20230630,1,242549000.0,48632000.0,193917000.0,113343000.0,20554000.0,79.95,46.73,8.47
1369241,DANAOS CORP,20230630,1,241479000.0,,,147615000.0,147021000.0,,61.13,60.88
896264,USANA HEALTH SCIENCES INC,20230630,1,238202000.0,43326000.0,194876000.0,24400000.0,17292000.0,81.81,10.24,7.26
1159167,IROBOT CORP,20230630,1,236568000.0,183065000.0,53503000.0,-71056000.0,-80800000.0,22.62,-30.04,-34.16
1406666,"CALIX, INC",20230630,1,232423000.0,124546000.0,136470000.0,11811000.0,9373000.0,58.72,5.08,4.03
1681622,VAREX IMAGING CORP,20230630,1,232200000.0,155900000.0,76300000.0,24200000.0,9100000.0,32.86,10.42,3.92
1670076,"FRONTIER GROUP HOLDINGS, INC.",20230630,1,232000000.0,,,79000000.0,71000000.0,,34.05,30.6
1097149,ALIGN TECHNOLOGY INC,20230630,1,231569000.0,288564000.0,110358000.0,171931000.0,111814000.0,47.66,74.25,48.29
94049,STEPAN CO,20230630,1,231477000.0,2000.0,66397000.0,16321000.0,12684000.0,28.68,7.05,5.48
1522540,"MARQETA, INC.",20230630,1,231115000.0,146506000.0,84609000.0,-69421000.0,-58797000.0,36.61,-30.04,-25.44
1825024,OFFERPAD SOLUTIONS INC.,20230630,1,230147000.0,207916000.0,22231000.0,-21834000.0,-22344000.0,9.66,-9.49,-9.71
1993004,"NORTHWESTERN ENERGY GROUP, INC.",20230630,1,229266000.0,,,49559000.0,-494000.0,,21.62,-0.22
912093,VIAVI SOLUTIONS INC.,20230630,4,228600000.0,467300000.0,447600000.0,111300000.0,25500000.0,195.8,48.69,11.15
277638,DAVEY TREE EXPERT CO,20230630,1,228324000.0,,,17507000.0,32043000.0,,7.67,14.03
1839998,"AMERICAN ONCOLOGY NETWORK, INC.",20230630,1,227000000.0,262800000.0,-35800000.0,-3659000.0,,-15.77,-1.61,
1037038,RALPH LAUREN CORP,20230630,1,226700000.0,-4900000.0,1032000000.0,33800000.0,132100000.0,455.23,14.91,58.27
793074,WERNER ENTERPRISES INC,20230630,1,224549000.0,,,4355000.0,29881000.0,,1.94,13.31
1813914,"CAREMAX, INC.",20230630,1,224440000.0,,,-3750000.0,,,-1.67,
1842022,"DT MIDSTREAM, INC.",20230630,1,224000000.0,,,117000000.0,91000000.0,,52.23,40.63
716643,REGIS CORP,20230630,4,223237000.0,,,8779000.0,-7385000.0,,3.93,-3.31
1698990,MAGNOLIA OIL & GAS CORP,20230630,1,223147000.0,,,121333000.0,91492000.0,,54.37,41.0
1524472,XYLEM INC.,20230630,1,221000000.0,916000000.0,651000000.0,-90000000.0,,294.57,-40.72,
55242,KENNAMETAL INC,20230630,4,220193000.0,1431745000.0,646439000.0,135763000.0,118459000.0,293.58,61.66,53.8
1387467,ALPHA & OMEGA SEMICONDUCTOR LTD,20230630,4,218620000.0,491785000.0,199536000.0,22529000.0,12364000.0,91.27,10.31,5.66
1319161,WARNER MUSIC GROUP CORP.,20230630,1,218000000.0,850000000.0,-632000000.0,189000000.0,88000000.0,-289.91,86.7,40.37
1138639,INFINERA CORP,20230630,1,217114000.0,233436000.0,142792000.0,-14291000.0,-20263000.0,65.77,-6.58,-9.33
1600033,"E.L.F. BEAUTY, INC.",20230630,1,216339000.0,63767000.0,152572000.0,60633000.0,52977000.0,70.52,28.03,24.49
946581,TAKE TWO INTERACTIVE SOFTWARE INC,20230630,1,216300000.0,605500000.0,679200000.0,-204300000.0,-206000000.0,314.01,-94.45,-95.24
849146,LIFEVANTAGE CORP,20230630,4,213398000.0,43387000.0,170011000.0,4259000.0,2540000.0,79.67,2.0,1.19
1434588,"GRAND CANYON EDUCATION, INC.",20230630,1,210577000.0,,,35442000.0,28973000.0,,16.83,13.76
1185348,PRA GROUP INC,20230630,1,209236000.0,,,45561000.0,-3804000.0,,21.77,-1.82
835011,MGP INGREDIENTS INC,20230630,1,209001000.0,132706000.0,26003000.0,44143000.0,32126000.0,12.44,21.12,15.37
1286043,KITE REALTY GROUP TRUST,20230630,1,208759000.0,,,59309000.0,32058000.0,,28.41,15.36
37785,FMC CORP,20230630,1,207600000.0,-24000000.0,432800000.0,132200000.0,30500000.0,208.48,63.68,14.69
1094285,TELEDYNE TECHNOLOGIES INC,20230630,1,207300000.0,806300000.0,-599000000.0,11500000.0,-900000.0,-288.95,5.55,-0.43
1522727,"USA COMPRESSION PARTNERS, LP",20230630,1,206920000.0,,,51427000.0,23584000.0,,24.85,11.4
2969,"AIR PRODUCTS & CHEMICALS, INC.",20230630,1,204000000.0,2070700000.0,-1866700000.0,176100000.0,595600000.0,-915.05,86.32,291.96
1530804,TRONOX HOLDINGS PLC,20230630,1,204000000.0,,157000000.0,84000000.0,-269000000.0,76.96,41.18,-131.86
1424929,FOX FACTORY HOLDING CORP,20230630,1,203458000.0,268689000.0,132026000.0,52784000.0,39735000.0,64.89,25.94,19.53
1767042,"KODIAK GAS SERVICES, INC.",20230630,1,203306000.0,,,62060000.0,17517000.0,,30.53,8.62
752714,MCGRATH RENTCORP,20230630,1,203030000.0,108420000.0,94610000.0,47584000.0,30582000.0,46.6,23.44,15.06
1282637,NEWMARKET CORP,20230630,1,202860000.0,489492000.0,195638000.0,-1022000.0,99624000.0,96.44,-0.5,49.11
751364,"NNN REIT, INC.",20230630,1,202640000.0,,,138724000.0,98704000.0,,68.46,48.71
1623925,ANTERO MIDSTREAM CORP,20230630,1,201796000.0,,,10192000.0,,,5.05,
715787,INTERFACE INC,20230630,1,201281000.0,217796000.0,111786000.0,24752000.0,15797000.0,55.54,12.3,7.85
1773751,"HIMS & HERS HEALTH, INC.",20230630,1,201178000.0,37754000.0,170158000.0,-9236000.0,2800000.0,84.58,-4.59,1.39
4281,HOWMET AEROSPACE INC.,20230630,1,201000000.0,,,-34000000.0,193000000.0,,-16.92,96.02
31791,"REVVITY, INC.",20230630,1,198622000.0,306735000.0,-108113000.0,78056000.0,35559000.0,-54.43,39.3,17.9
1288847,"FIVE9, INC.",20230630,1,198217000.0,104361000.0,118521000.0,-25243000.0,-21739000.0,59.79,-12.74,-10.97
1169561,COMMVAULT SYSTEMS INC,20230630,1,198150000.0,412000.0,162600000.0,18480000.0,12629000.0,82.06,9.33,6.37
1901799,BITCOIN DEPOT INC.,20230630,1,197474000.0,,,10565000.0,-10699000.0,,5.35,-5.42
1944013,CRANE CO,20230630,1,197400000.0,308500000.0,-111100000.0,50600000.0,45600000.0,-56.28,25.63,23.1
1822479,SOTERA HEALTH CO,20230630,1,197243000.0,103900000.0,139588000.0,63204000.0,34485000.0,70.77,32.04,17.48
1262823,WESTLAKE CORP,20230630,1,197000000.0,2609000000.0,642000000.0,-9000000.0,297000000.0,325.89,-4.57,150.76
1611052,"PROCORE TECHNOLOGIES, INC.",20230630,1,196308000.0,42304000.0,186232000.0,-58729000.0,-52881000.0,94.87,-29.92,-26.94
772406,"CIRRUS LOGIC, INC.",20230630,1,195806000.0,157629000.0,159387000.0,17793000.0,15600000.0,81.4,9.09,7.97
1883085,PAGAYA TECHNOLOGIES LTD.,20230630,1,195612000.0,120613000.0,74999000.0,-10238000.0,-31297000.0,38.34,-5.23,-16.0
1411688,"CONTAINER STORE GROUP, INC.",20230630,1,195127000.0,,114549000.0,-10456000.0,-11837000.0,58.7,-5.36,-6.07
1660280,"TENABLE HOLDINGS, INC.",20230630,1,195036000.0,43514000.0,151522000.0,-10745000.0,-15974000.0,77.69,-5.51,-8.19
1860742,BAUSCH & LOMB CORP,20230630,1,195000000.0,417000000.0,-222000000.0,9000000.0,-32000000.0,-113.85,4.62,-16.41
1013934,"STRATEGIC EDUCATION, INC.",20230630,1,194362000.0,,,6741000.0,14231000.0,,3.47,7.32
1981599,"CENTURI HOLDINGS, INC.",20230630,1,194034000.0,27238000.0,17097000.0,53202000.0,17146000.0,8.81,27.42,8.84
1110803,"ILLUMINA, INC.",20230630,1,193000000.0,444000000.0,732000000.0,115000000.0,-234000000.0,379.27,59.59,-121.24
1883814,"SOUTHLAND HOLDINGS, INC.",20230630,1,191360000.0,290721000.0,-39700000.0,-50242000.0,-12826000.0,-20.75,-26.26,-6.7
1560327,"RAPID7, INC.",20230630,1,190422000.0,58164000.0,132258000.0,-51659000.0,-66782000.0,69.46,-27.13,-35.07
1645070,STERLING CHECK CORP.,20230630,1,190384000.0,,,8831000.0,323000.0,,4.64,0.17
1758488,ONESPAWORLD HOLDINGS LTD,20230630,1,189462000.0,32207000.0,157255000.0,13435000.0,,83.0,7.09,
1046102,RB GLOBAL INC.,20230630,1,188300000.0,287300000.0,-99000000.0,179600000.0,86900000.0,-52.58,95.38,46.15
1498710,"SPIRIT AIRLINES, INC.",20230630,1,187654000.0,,,20211000.0,-2349000.0,,10.77,-1.25
788329,JOHNSON OUTDOORS INC,20230630,1,187047000.0,109460000.0,77587000.0,18665000.0,9000.0,41.48,9.98,0.0
927003,ADVANCED ENERGY INDUSTRIES INC,20230630,1,186498000.0,268428000.0,147080000.0,29825000.0,27140000.0,78.86,15.99,14.55
1596961,"RUMBLEON, INC.",20230630,1,185500000.0,230300000.0,106400000.0,-700000.0,-13600000.0,57.36,-0.38,-7.33
1210677,FIRST ADVANTAGE CORP,20230630,1,185315000.0,,,17637000.0,0.0,,9.52,0.0
1598665,"HERITAGE INSURANCE HOLDINGS, INC.",20230630,1,185313000.0,,,16391000.0,7779000.0,,8.85,4.2
1163609,SOUTH DAKOTA SOYBEAN PROCESSORS LLC,20230630,1,184939386.0,172786232.0,12153154.0,10742647.0,9705536.0,6.57,5.81,5.25
1287213,"DOUGLAS DYNAMICS, INC",20230630,1,184867000.0,145904000.0,61363000.0,34561000.0,0.0,33.19,18.7,0.0
1023731,8X8 INC /DE/,20230630,1,183287000.0,46276000.0,128613000.0,-1410000.0,-15327000.0,70.17,-0.77,-8.36
101778,MARATHON OIL CORP,20230630,1,183000000.0,,,43000000.0,30000000.0,,23.5,16.39
1653558,"PRIORITY TECHNOLOGY HOLDINGS, INC.",20230630,1,182290000.0,,,19133000.0,,,10.5,
1766363,"ENDEAVOR GROUP HOLDINGS, INC.",20230630,1,181690000.0,,,154639000.0,403174000.0,,85.11,221.9
1921963,ATMUS FILTRATION TECHNOLOGIES INC.,20230630,1,180100000.0,299200000.0,114400000.0,64200000.0,46200000.0,63.52,35.65,25.65
1833835,PAYSAFE LTD,20230630,1,179079000.0,166614000.0,12465000.0,34166000.0,-1765000.0,6.96,19.08,-0.99
1617406,PARK HOTELS & RESORTS INC.,20230630,1,178000000.0,34000000.0,144000000.0,-98000000.0,-150000000.0,80.9,-55.06,-84.27
1350593,"MUELLER WATER PRODUCTS, INC.",20230630,1,176500000.0,226500000.0,100100000.0,12600000.0,24500000.0,56.71,7.14,13.88
1370637,ETSY INC,20230630,1,175919000.0,188638000.0,440238000.0,-2372000.0,61915000.0,250.25,-1.35,35.2
1590714,ELEMENT SOLUTIONS INC,20230630,1,175800000.0,357600000.0,228500000.0,52600000.0,29900000.0,129.98,29.92,17.01
1789940,"FIRST WATCH RESTAURANT GROUP, INC.",20230630,1,174352000.0,,,11343000.0,7959000.0,,6.51,4.56
1497645,"SUMMIT HOTEL PROPERTIES, INC.",20230630,1,174181000.0,4992000.0,169189000.0,23439000.0,,97.13,13.46,
1606745,"LIBERTY TRIPADVISOR HOLDINGS, INC.",20230630,1,174000000.0,,,40000000.0,10000000.0,,22.99,5.75
1835681,"POWERSCHOOL HOLDINGS, INC.",20230630,1,173897000.0,69029000.0,104868000.0,10113000.0,-3195000.0,60.3,5.82,-1.84
1587523,KNOWLES CORP,20230630,1,173000000.0,105800000.0,73700000.0,16900000.0,13600000.0,42.6,9.77,7.86
1701051,"WIDEOPENWEST, INC.",20230630,1,172600000.0,,,-121400000.0,-101700000.0,,-70.34,-58.92
1636519,MADISON SQUARE GARDEN SPORTS CORP.,20230630,4,172340000.0,,,85174000.0,47793000.0,,49.42,27.73
1862068,"RUBICON TECHNOLOGIES, INC.",20230630,1,171950000.0,161275000.0,10675000.0,-12612000.0,-22817000.0,6.21,-7.33,-13.27
29002,DIODES INC /DEL/,20230630,1,171900000.0,271776000.0,195376000.0,89567000.0,82020000.0,113.66,52.1,47.71
1519751,"FORTUNE BRANDS INNOVATIONS, INC.",20230630,1,171000000.0,-300000.0,171300000.0,152600000.0,,100.18,89.24,
26780,DANA INC,20230630,1,171000000.0,2477000000.0,-2306000000.0,124000000.0,30000000.0,-1348.54,72.51,17.54
797721,VIASAT INC,20230630,1,169885000.0,197078000.0,-27193000.0,-9943000.0,-77004000.0,-16.01,-5.85,-45.33
1582961,"DIGITALOCEAN HOLDINGS, INC.",20230630,1,169814000.0,67354000.0,102460000.0,-1501000.0,665000.0,60.34,-0.88,0.39
1871509,PORTILLO'S INC.,20230630,1,169182000.0,,,17384000.0,6788000.0,,10.28,4.01
749251,GARTNER INC,20230630,1,168897000.0,487418000.0,-318521000.0,98450000.0,198043000.0,-188.59,58.29,117.26
1627475,"UPWORK, INC",20230630,1,168611000.0,40882000.0,127729000.0,-6116000.0,-3991000.0,75.75,-3.63,-2.37
1437578,BRIGHT HORIZONS FAMILY SOLUTIONS INC.,20230630,1,167799000.0,466653000.0,136563000.0,13070000.0,20594000.0,81.38,7.79,12.27
1569187,"ARMADA HOFFLER PROPERTIES, INC.",20230630,1,165939000.0,,,23777000.0,11863000.0,,14.33,7.15
1364954,"CHEGG, INC",20230630,1,165855000.0,47412000.0,135441000.0,-18696000.0,24612000.0,81.66,-11.27,14.84
60714,"LSB INDUSTRIES, INC.",20230630,1,165845000.0,129813000.0,36032000.0,27496000.0,25095000.0,21.73,16.58,15.13
1070494,ACADIA PHARMACEUTICALS INC,20230630,1,165235000.0,7459000.0,157776000.0,3037000.0,1114000.0,95.49,1.84,0.67
1793659,"RUSH STREET INTERACTIVE, INC.",20230630,1,165062000.0,109853000.0,55209000.0,-14302000.0,-5139000.0,33.45,-8.66,-3.11
95552,SUPERIOR INDUSTRIES INTERNATIONAL INC,20230630,1,164398000.0,4946000.0,41033000.0,24017000.0,-67000.0,24.96,14.61,-0.04
700923,MYR GROUP INC.,20230630,1,163487000.0,798489000.0,90127000.0,12623000.0,22273000.0,55.13,7.72,13.62
1045450,EPR PROPERTIES,20230630,1,162940000.0,,,46153000.0,13600000.0,,28.33,8.35
1578732,"MARCUS & MILLICHAP, INC.",20230630,1,162866000.0,,,-10675000.0,-8729000.0,,-6.55,-5.36
1984060,ATLAS ENERGY SOLUTIONS INC.,20230630,1,161788000.0,,88851000.0,76668000.0,38518000.0,54.92,47.39,23.81
1602065,"VIPER ENERGY, INC.",20230630,1,160787000.0,,,112094000.0,30550000.0,,69.72,19.0
98677,TOOTSIE ROLL INDUSTRIES INC,20230630,1,160145000.0,460000.0,848000.0,14753000.0,14726000.0,0.53,9.21,9.2
918251,MOTORCAR PARTS OF AMERICA INC,20230630,1,159705000.0,133138000.0,26567000.0,10427000.0,-1410000.0,16.64,6.53,-0.88
1570827,"VICTORY CAPITAL HOLDINGS, INC.",20230630,1,159410000.0,,,87526000.0,56671000.0,,54.91,35.55
819793,ALBANY INTERNATIONAL CORP /DE/,20230630,1,159217000.0,171419000.0,102704000.0,8668000.0,2747000.0,64.51,5.44,1.73
866374,FLEX LTD.,20230630,1,159000000.0,6399000000.0,476000000.0,-18000000.0,186000000.0,299.37,-11.32,116.98
871763,MANPOWERGROUP INC.,20230630,1,158700000.0,3993800000.0,862300000.0,107600000.0,,543.35,67.8,
1819395,SONDER HOLDINGS INC.,20230630,1,157403000.0,,,-41586000.0,-45327000.0,,-26.42,-28.8
97216,TEREX CORP,20230630,1,156900000.0,1060200000.0,342900000.0,98200000.0,,218.55,62.59,
1504776,WARBY PARKER INC.,20230630,1,156680000.0,75458000.0,90635000.0,-18230000.0,-15925000.0,57.85,-11.64,-10.16
3453,"MATSON, INC.",20230630,1,156500000.0,,,96700000.0,80800000.0,,61.79,51.63
1611647,"FRESHPET, INC.",20230630,1,154812000.0,124087000.0,59244000.0,-16752000.0,-16952000.0,38.27,-10.82,-10.95
1048695,"F5, INC.",20230630,1,154659000.0,141683000.0,560959000.0,103569000.0,88976000.0,362.71,66.97,57.53
1410384,"Q2 HOLDINGS, INC.",20230630,1,154531000.0,80703000.0,73828000.0,-23669000.0,-23622000.0,47.78,-15.32,-15.29
1883313,"SAVERS VALUE VILLAGE, INC.",20230630,1,153489000.0,,,68863000.0,35050000.0,,44.87,22.84
1683606,CARS.COM INC.,20230630,1,153309000.0,,,12334000.0,94126000.0,,8.05,61.4
1857816,GIGACLOUD TECHNOLOGY INC,20230630,1,153130000.0,,40364000.0,23400000.0,18390000.0,26.36,15.28,12.01
1021635,OGE ENERGY CORP.,20230630,1,152700000.0,0.0,152700000.0,-600000.0,91900000.0,100.0,-0.39,60.18
766829,SJW GROUP,20230630,1,152525000.0,,,29847000.0,18286000.0,,19.57,11.99
1674862,ASHLAND INC.,20230630,1,152000000.0,368000000.0,178000000.0,62000000.0,,117.11,40.79,
48287,HNI CORP,20230630,1,150400000.0,347900000.0,215500000.0,-3600000.0,-12800000.0,143.28,-2.39,-8.51
1334978,"CLEAR CHANNEL OUTDOOR HOLDINGS, INC.",20230630,1,149909000.0,,,52439000.0,-37297000.0,,34.98,-24.88
1856314,"CLEAR SECURE, INC.",20230630,1,149871000.0,,,217000.0,4011000.0,,0.14,2.68
910521,DECKERS OUTDOOR CORP,20230630,1,148971000.0,329367000.0,346424000.0,75462000.0,63552000.0,232.54,50.66,42.66
814547,FAIR ISAAC CORP,20230630,1,148128000.0,71846000.0,76282000.0,75649000.0,128758000.0,51.5,51.07,86.92
876523,EZCORP INC,20230630,1,147980000.0,11958000.0,148785000.0,20612000.0,18222000.0,100.54,13.93,12.31
46129,ALLIENT INC,20230630,1,146769000.0,100792000.0,45977000.0,12020000.0,,31.33,8.19,
1821393,"AARON'S COMPANY, INC.",20230630,1,143776000.0,248100000.0,246839000.0,11275000.0,6517000.0,171.68,7.84,4.53
1575828,EXPRO GROUP HOLDINGS N.V.,20230630,1,143719000.0,,,20508000.0,9295000.0,,14.27,6.47
1297184,"AMPHASTAR PHARMACEUTICALS, INC.",20230630,1,142866000.0,72974000.0,77067000.0,36896000.0,26124000.0,53.94,25.83,18.29
1321655,PALANTIR TECHNOLOGIES INC.,20230630,1,142076000.0,106899000.0,426418000.0,10074000.0,28127000.0,300.13,7.09,19.8
1451505,TRANSOCEAN LTD.,20230630,1,142000000.0,484000000.0,-342000000.0,-42000000.0,-165000000.0,-240.85,-29.58,-116.2
1278021,MARKETAXESS HOLDINGS INC,20230630,1,141999000.0,,,75727000.0,59859000.0,,53.33,42.15
1973239,ARM HOLDINGS PLC /UK,20230630,1,141000000.0,31000000.0,644000000.0,111000000.0,105000000.0,456.74,78.72,74.47
1361538,PRIMORIS SERVICES CORP,20230630,1,139827000.0,1256113000.0,90754000.0,70795000.0,39032000.0,64.9,50.63,27.91
1856031,VIVID SEATS INC.,20230630,1,139150000.0,,,17613000.0,30712000.0,,12.66,22.07
1108426,PNM RESOURCES INC,20230630,1,138914000.0,38843000.0,100071000.0,54415000.0,2010000.0,72.04,39.17,1.45
63276,MATTEL INC /DE/,20230630,1,138046000.0,597358000.0,489806000.0,62775000.0,27187000.0,354.81,45.47,19.69
1709164,HAMILTON BEACH BRANDS HOLDING CO,20230630,1,137109000.0,109693000.0,27416000.0,726000.0,110000.0,20.0,0.53,0.08
62234,MARCUS CORP,20230630,1,136850000.0,14451000.0,122399000.0,-5106000.0,,89.44,-3.73,
1809519,"GOODRX HOLDINGS, INC.",20230630,1,136540000.0,,,18308000.0,58786000.0,,13.41,43.05
1949543,SITIO ROYALTIES CORP.,20230630,1,136466000.0,,,12200000.0,-796000.0,,8.94,-0.58
1647639,"UPSTART HOLDINGS, INC.",20230630,1,135766000.0,,,-33344000.0,-28165000.0,,-24.56,-20.75
19745,CHESAPEAKE UTILITIES CORP,20230630,1,135593000.0,,,29291000.0,16133000.0,,21.6,11.9
1023313,"FORRESTER RESEARCH, INC.",20230630,1,135589000.0,54614000.0,80975000.0,8288000.0,5304000.0,59.72,6.11,3.91
1581804,NAVIGATOR HOLDINGS LTD.,20230630,1,135335000.0,,,36011000.0,26606000.0,,26.61,19.66
1887944,SHIMMICK CORP,20230630,1,135310000.0,155646000.0,15569000.0,-10384000.0,-10300000.0,11.51,-7.67,-7.61
1972529,ARMLOGI HOLDING CORP.,20230630,4,135044436.0,109310993.0,25733443.0,17934327.0,,19.06,13.28,
1777835,PERELLA WEINBERG PARTNERS,20230630,1,134782000.0,,,-21752000.0,359000.0,,-16.14,0.27
1455684,"TPI COMPOSITES, INC",20230630,1,134580000.0,414838000.0,-40817000.0,5537000.0,-65237000.0,-30.33,4.11,-48.47
1802665,"HARMONY BIOSCIENCES HOLDINGS, INC.",20230630,1,134216000.0,22542000.0,109208000.0,46902000.0,34300000.0,81.37,34.95,25.56
910406,HAIN CELESTIAL GROUP INC,20230630,4,133085000.0,1400229000.0,396414000.0,-85620000.0,-116537000.0,297.87,-64.33,-87.57
1865782,"BRIGHTSPRING HEALTH SERVICES, INC.",20230630,1,132900000.0,,372070000.0,79616000.0,3988000.0,279.96,59.91,3.0
1740332,"RESIDEO TECHNOLOGIES, INC.",20230630,1,132000000.0,1166000000.0,436000000.0,115000000.0,50000000.0,330.3,87.12,37.88
1156388,BIG 5 SPORTING GOODS CORP,20230630,1,131233000.0,151664000.0,71903000.0,-463000.0,-282000.0,54.79,-0.35,-0.21
1178253,SCYNEXIS INC,20230630,1,130986000.0,,,116514000.0,0.0,,88.95,0.0
1870600,"SOLO BRANDS, INC.",20230630,1,130927000.0,,83071000.0,11066000.0,,63.45,8.45,
917251,AGREE REALTY CORP,20230630,1,129900000.0,,,61629000.0,40868000.0,,47.44,31.46
1069258,"KRATOS DEFENSE & SECURITY SOLUTIONS, INC.",20230630,1,129500000.0,193000000.0,63900000.0,6700000.0,-2700000.0,49.34,5.17,-2.08
1576280,"GUARDANT HEALTH, INC.",20230630,1,129262000.0,,,-119616000.0,-72771000.0,,-92.54,-56.3
818479,DENTSPLY SIRONA INC.,20230630,1,129000000.0,478000000.0,550000000.0,49000000.0,86000000.0,426.36,37.98,66.67
76605,PATRICK INDUSTRIES INC,20230630,1,128827000.0,710717000.0,209968000.0,75575000.0,42357000.0,162.98,58.66,32.88
1006655,EVOLUTION PETROLEUM CORP,20230630,4,128514000.0,59545000.0,68969000.0,45113000.0,35217000.0,53.67,35.1,27.4
1288469,"MAXLINEAR, INC",20230630,1,128328000.0,81065000.0,102873000.0,-5937000.0,-4351000.0,80.16,-4.63,-3.39
910638,3D SYSTEMS CORP,20230630,1,128194000.0,0.0,50016000.0,-31729000.0,-28895000.0,39.02,-24.75,-22.54
1054905,INNOSPEC INC.,20230630,1,127800000.0,330000000.0,150400000.0,17100000.0,,117.68,13.38,
1441683,APPIAN CORP,20230630,1,127715000.0,26066000.0,90870000.0,-40662000.0,-42355000.0,71.15,-31.84,-33.16
899751,TITAN INTERNATIONAL INC,20230630,1,126954000.0,395281000.0,8057000.0,5865000.0,30207000.0,6.35,4.62,23.79
1562088,"DUOLINGO, INC.",20230630,1,126839000.0,33788000.0,93051000.0,-4865000.0,3725000.0,73.36,-3.84,2.94
1721947,JAMF HOLDING CORP.,20230630,1,126566000.0,30883000.0,104206000.0,-37622000.0,-36199000.0,82.33,-29.73,-28.6
1609809,"SERES THERAPEUTICS, INC.",20230630,1,126473000.0,,,49524000.0,46552000.0,,39.16,36.81
1809987,"MIRION TECHNOLOGIES, INC.",20230630,1,126300000.0,27400000.0,88000000.0,9700000.0,-27700000.0,69.68,7.68,-21.93
775158,OSHKOSH CORP,20230630,1,126000000.0,1988600000.0,424500000.0,-43600000.0,,336.9,-34.6,
1888447,"EXCELERATE ENERGY, INC.",20230630,1,125462000.0,,,53680000.0,,,42.79,
1514416,BANDWIDTH INC.,20230630,1,124457000.0,86919000.0,58955000.0,-7519000.0,-3890000.0,47.37,-6.04,-3.13
1637873,ACV AUCTIONS INC.,20230630,1,124217000.0,,,-19790000.0,-15582000.0,,-15.93,-12.54
1595974,"MAGNITE, INC.",20230630,1,123928000.0,130175000.0,-6247000.0,-71795000.0,-73889000.0,-5.04,-57.93,-59.62
1846576,"FIGS, INC.",20230630,1,123797000.0,42098000.0,96034000.0,6566000.0,4582000.0,77.57,5.3,3.7
77543,TUTOR PERINI CORP,20230630,1,123229000.0,956790000.0,64961000.0,-19356000.0,-43000.0,52.72,-15.71,-0.03
1756390,"ASCEND WELLNESS HOLDINGS, INC.",20230630,1,122988000.0,94669000.0,28319000.0,-7985000.0,,23.03,-6.49,
1579684,"GANNETT CO., INC.",20230630,1,122789000.0,426096000.0,-303307000.0,13511000.0,-12677000.0,-247.01,11.0,-10.32
1275158,NOODLES & CO,20230630,1,122394000.0,,,-280000.0,-1304000.0,,-0.23,-1.07
1092699,SPS COMMERCE INC,20230630,1,121523000.0,44544000.0,85872000.0,17033000.0,14682000.0,70.66,14.02,12.08
1826889,"BEACHBODY COMPANY, INC.",20230630,1,121067000.0,16336000.0,82744000.0,-24178000.0,-25748000.0,68.35,-19.97,-21.27
1499832,"TOWNSQUARE MEDIA, INC.",20230630,1,120826000.0,,,5547000.0,-3200000.0,,4.59,-2.65
1857154,"KRISPY KREME, INC.",20230630,1,120588000.0,,,5645000.0,223000.0,,4.68,0.18
1050446,MICROSTRATEGY INC,20230630,1,120400000.0,27121000.0,93279000.0,-26708000.0,22243000.0,77.47,-22.18,18.47
1352081,CARDINAL ETHANOL LLC,20230630,1,119046572.0,103128982.0,15917590.0,13480728.0,14290710.0,13.37,11.32,12.0
855658,LATTICE SEMICONDUCTOR CORP,20230630,1,119023000.0,57518000.0,132561000.0,53070000.0,0.0,111.37,44.59,0.0
1524931,"CHUY'S HOLDINGS, INC.",20230630,1,119001000.0,29432000.0,89569000.0,11690000.0,10734000.0,75.27,9.82,9.02
1506293,"PINTEREST, INC.",20230630,1,118810000.0,168740000.0,-49930000.0,-73243000.0,-34942000.0,-42.03,-61.65,-29.41
1876588,ZIMVIE INC.,20230630,1,118649000.0,,,-4388000.0,,,-3.7,
1841804,"INSTRUCTURE HOLDINGS, INC.",20230630,1,118569000.0,6912000.0,85781000.0,-2078000.0,-10973000.0,72.35,-1.75,-9.25
1046568,PERDOCEO EDUCATION CORP,20230630,1,118284000.0,,,17078000.0,54673000.0,,14.44,46.22
853816,LANDSTAR SYSTEM INC,20230630,1,118017000.0,,,72691000.0,66559000.0,,61.59,56.4
1009829,JAKKS PACIFIC INC,20230630,1,117934000.0,86156000.0,51198000.0,16448000.0,6455000.0,43.41,13.95,5.47
1643953,"PURPLE INNOVATION, INC.",20230630,1,117882000.0,82408000.0,35474000.0,-40267000.0,-40487000.0,30.09,-34.16,-34.35
1806837,"VERTEX, INC.",20230630,1,117836000.0,15363000.0,85816000.0,-4072000.0,-6896000.0,72.83,-3.46,-5.85
1088856,CORCEPT THERAPEUTICS INC,20230630,1,117715000.0,1574000.0,116141000.0,29583000.0,27528000.0,98.66,25.13,23.39
28823,"DIEBOLD NIXDORF, INC",20230630,1,117100000.0,697000000.0,225200000.0,102400000.0,-677100000.0,192.31,87.45,-578.22
1621434,"BLACK STONE MINERALS, L.P.",20230630,1,117000000.0,,,78761000.0,78392000.0,,67.32,67.0
852772,DENNY'S CORP,20230630,1,116915000.0,,,14934000.0,8538000.0,,12.77,7.3
851520,EXPONENT INC,20230630,1,116647000.0,,,46232000.0,25748000.0,,39.63,22.07
275053,NATURES SUNSHINE PRODUCTS INC,20230630,1,116548000.0,31924000.0,84624000.0,7037000.0,2422000.0,72.61,6.04,2.08
1739942,SOLARWINDS CORP,20230630,1,116056000.0,21958000.0,163076000.0,32645000.0,260000.0,140.51,28.13,0.22
1176334,MARTIN MIDSTREAM PARTNERS L.P.,20230630,1,115845000.0,7918000.0,107927000.0,8493000.0,22000.0,93.17,7.33,0.02
1757073,ENVISTA HOLDINGS CORP,20230630,1,114600000.0,283800000.0,378600000.0,48400000.0,51900000.0,330.37,42.23,45.29
1278027,"B&G FOODS, INC.",20230630,1,114143000.0,367361000.0,102276000.0,49193000.0,10553000.0,89.6,43.1,9.25
1531048,"INARI MEDICAL, INC.",20230630,1,113802000.0,13844000.0,105161000.0,-1510000.0,2085000.0,92.41,-1.33,1.83
1637207,"PLANET FITNESS, INC.",20230630,1,113759000.0,59457000.0,54302000.0,77002000.0,41135000.0,47.73,67.69,36.16
1820872,"GLOBAL BUSINESS TRAVEL GROUP, INC.",20230630,1,113000000.0,,,2000000.0,,,1.77,
1822359,DOCGO INC.,20230630,1,112603145.0,,,18217665.0,,,16.18,
1596993,DORIAN LPG LTD.,20230630,1,111562907.0,,,55622307.0,51721137.0,,49.86,46.36
1764046,CLARIVATE PLC,20230630,1,110500000.0,224200000.0,-113700000.0,-88300000.0,-123100000.0,-102.9,-79.91,-111.4
746515,EXPEDITORS INTERNATIONAL OF WASHINGTON INC,20230630,1,110255000.0,,,12262000.0,196800000.0,,11.12,178.5
1866757,"BRILLIANT EARTH GROUP, INC.",20230630,1,110184000.0,46695000.0,63489000.0,1360000.0,148000.0,57.62,1.23,0.13
1500217,"AMERICAN ASSETS TRUST, INC.",20230630,1,109721000.0,,,31492000.0,,,28.7,
1145197,INSULET CORP,20230630,1,109200000.0,131600000.0,264900000.0,31100000.0,27300000.0,242.58,28.48,25.0
1517396,STRATASYS LTD.,20230630,1,109112000.0,57576000.0,66222000.0,-33659000.0,-38615000.0,60.69,-30.85,-35.39
1758021,KARAT PACKAGING INC.,20230630,1,108740000.0,66879000.0,41861000.0,13339000.0,10502000.0,38.5,12.27,9.66
1049521,MERCURY SYSTEMS INC,20230630,4,108666000.0,657154000.0,316728000.0,-41074000.0,-28335000.0,291.47,-37.8,-26.08
923796,GEO GROUP INC,20230630,1,108029000.0,,,92380000.0,29571000.0,,85.51,27.37
1320695,"TREEHOUSE FOODS, INC.",20230630,1,107800000.0,670300000.0,133200000.0,30300000.0,23300000.0,123.56,28.11,21.61
1076930,NOVANTA INC,20230630,1,107594000.0,125341000.0,34257000.0,-12744000.0,20879000.0,31.84,-11.84,19.41
1929561,"RXO, INC.",20230630,1,107000000.0,,,14000000.0,3000000.0,,13.08,2.8
6176,AMPCO PITTSBURGH CORP,20230630,1,106908000.0,,,3288000.0,-298000.0,,3.08,-0.28
1705012,"FAT BRANDS, INC",20230630,1,106764000.0,,,18465000.0,-7091000.0,,17.3,-6.64
1807846,MONEYLION INC.,20230630,1,106541000.0,,,-1720000.0,-27723000.0,,-1.61,-26.02
1439288,ZURN ELKAY WATER SOLUTIONS CORP,20230630,1,106200000.0,229700000.0,173500000.0,54800000.0,34600000.0,163.37,51.6,32.58
1780201,"LULU'S FASHION LOUNGE HOLDINGS, INC.",20230630,1,106122000.0,58726000.0,47396000.0,-1670000.0,-2597000.0,44.66,-1.57,-2.45
1433195,APPFOLIO INC,20230630,1,106085000.0,,,-679000.0,-18901000.0,,-0.64,-17.82
1057060,MARINEMAX INC,20230630,1,105688000.0,478036000.0,243808000.0,68050000.0,44416000.0,230.69,64.39,42.03
1314727,SONOS INC,20230630,1,105312000.0,201594000.0,171762000.0,-21261000.0,-23571000.0,163.1,-20.19,-22.38
755001,UNITIL CORP,20230630,1,103400000.0,,,11800000.0,4200000.0,,11.41,4.06
1537054,GOGO INC.,20230630,1,103221000.0,,,34045000.0,89849000.0,,32.98,87.05
97134,TENNANT CO,20230630,1,103000000.0,182200000.0,139500000.0,43500000.0,31300000.0,135.44,42.23,30.39
1692787,KINETIK HOLDINGS INC.,20230630,1,102551000.0,,,22547000.0,,,21.99,
1001838,SOUTHERN COPPER CORP/,20230630,1,102100000.0,470400000.0,-368300000.0,-2900000.0,,-360.72,-2.84,
1579733,"VITAL FARMS, INC.",20230630,1,101785000.0,68645000.0,37800000.0,8039000.0,6683000.0,37.14,7.9,6.57
807882,JACK IN THE BOX INC,20230630,1,101696000.0,,,63542000.0,29168000.0,,62.48,28.68
1438133,TANDEM DIABETES CARE INC,20230630,1,101677000.0,94182000.0,101735000.0,-38808000.0,-35775000.0,100.06,-38.17,-35.18
1405495,"INTERDIGITAL, INC.",20230630,1,101591000.0,,,23376000.0,21783000.0,,23.01,21.44
1516513,"DOXIMITY, INC.",20230630,1,101255000.0,13153000.0,95316000.0,29683000.0,28406000.0,94.13,29.32,28.05
1835972,"ILEARNINGENGINES, INC.",20230630,1,101245000.0,30094000.0,71151000.0,3864000.0,-1904000.0,70.28,3.82,-1.88
1712189,TARGET HOSPITALITY CORP.,20230630,1,101179000.0,7538000.0,82366000.0,64757000.0,46453000.0,81.41,64.0,45.91
1402829,ORION GROUP HOLDINGS INC,20230630,1,100543000.0,168748000.0,13786000.0,3492000.0,-255000.0,13.71,3.47,-0.25
1753162,FATHOM HOLDINGS INC.,20230630,1,100089000.0,,,-4237000.0,-4345000.0,,-4.23,-4.34
1001614,"RILEY EXPLORATION PERMIAN, INC.",20230630,1,99912000.0,,,45010000.0,33068000.0,,45.05,33.1
1708055,RIBBON COMMUNICATIONS INC.,20230630,1,99277000.0,109148000.0,101470000.0,-6622000.0,-21479000.0,102.21,-6.67,-21.64
56047,KIRBY CORP,20230630,1,99006000.0,,,87300000.0,57367000.0,,88.18,57.94
1866550,"THOUGHTWORKS HOLDING, INC.",20230630,1,98900000.0,196338000.0,-97438000.0,-1623000.0,-12272000.0,-98.52,-1.64,-12.41
1552800,"TILE SHOP HOLDINGS, INC.",20230630,1,98557000.0,35255000.0,63302000.0,7734000.0,5079000.0,64.23,7.85,5.15
1823144,"COMPOSECURE, INC.",20230630,1,98527000.0,44590000.0,53937000.0,30349000.0,5737000.0,54.74,30.8,5.82
317788,"DIGITAL TURBINE, INC.",20230630,1,98250000.0,-843000.0,99093000.0,-4715000.0,-8179000.0,100.86,-4.8,-8.32
1658551,"AMYLYX PHARMACEUTICALS, INC.",20230630,1,98216000.0,5580000.0,92636000.0,20201000.0,22074000.0,94.32,20.57,22.47
1843973,FLYEXCLUSIVE INC.,20230630,1,97428000.0,65084000.0,32344000.0,10400000.0,7547000.0,33.2,10.67,7.75
80035,PREFORMED LINE PRODUCTS CO,20230630,1,96977000.0,115486000.0,66327000.0,28148000.0,20472000.0,68.39,29.03,21.11
1805833,"SYSTEM1, INC.",20230630,1,96914000.0,,,-21825000.0,929000.0,,-22.52,0.96
1035983,COMFORT SYSTEMS USA INC,20230630,1,95971000.0,1068510000.0,54439000.0,92082000.0,69476000.0,56.72,95.95,72.39
3197,CECO ENVIRONMENTAL CORP,20230630,1,95880000.0,89364000.0,39817000.0,4586000.0,3724000.0,41.53,4.78,3.88
1990354,WAYSTAR HOLDING CORP.,20230630,1,95771000.0,,,37189000.0,-10810000.0,,38.83,-11.29
1137091,"POWER SOLUTIONS INTERNATIONAL, INC.",20230630,1,95746000.0,94911000.0,26954000.0,11305000.0,6417000.0,28.15,11.81,6.7
46250,HAWKINS INC,20230630,1,93651000.0,199129000.0,26408000.0,32487000.0,0.0,28.2,34.69,0.0
1819796,GCM GROSVENOR INC.,20230630,1,93564000.0,,,-35981000.0,4848000.0,,-38.46,5.18
1552797,"DELEK LOGISTICS PARTNERS, LP",20230630,1,93237000.0,179070000.0,-85833000.0,59947000.0,,-92.06,64.3,
876427,"MONRO, INC.",20230630,1,92913000.0,,114396000.0,17349000.0,8829000.0,123.12,18.67,9.5
1748824,BRIGHTSPHERE INVESTMENT GROUP INC.,20230630,1,92800000.0,,,20400000.0,-12500000.0,,21.98,-13.47
890564,ASGN INC,20230630,1,92600000.0,804600000.0,260900000.0,25100000.0,60100000.0,281.75,27.11,64.9
1772921,ONEWATER MARINE INC.,20230630,1,92197000.0,434905000.0,-342708000.0,59699000.0,28570000.0,-371.71,64.75,30.99
1045742,LIVE VENTURES INC,20230630,1,91516000.0,59347000.0,6388000.0,2022000.0,1060000.0,6.98,2.21,1.16
1606268,"VIA RENEWABLES, INC.",20230630,1,91399000.0,0.0,91399000.0,26766000.0,7981000.0,100.0,29.28,8.73
1858257,"AVIDXCHANGE HOLDINGS, INC.",20230630,1,91154000.0,,,-20477000.0,-18771000.0,,-22.46,-20.59
1617640,"ZILLOW GROUP, INC.",20230630,1,91000000.0,104000000.0,402000000.0,-67000000.0,-35000000.0,441.76,-73.63,-38.46
1362004,"ICF INTERNATIONAL, INC.",20230630,1,90721000.0,325404000.0,-234683000.0,32047000.0,20312000.0,-258.69,35.32,22.39
1834488,"N-ABLE, INC.",20230630,1,90587000.0,17022000.0,89058000.0,15834000.0,4509000.0,98.31,17.48,4.98
1326200,GENCO SHIPPING & TRADING LTD,20230630,1,90556000.0,,,13027000.0,11562000.0,,14.39,12.77
1833197,"LATHAM GROUP, INC.",20230630,1,90534000.0,126895000.0,50233000.0,13389000.0,5715000.0,55.49,14.79,6.31
925528,HUDSON TECHNOLOGIES INC /NY,20230630,1,90474000.0,53847000.0,36627000.0,27655000.0,19189000.0,40.48,30.57,21.21
1066194,EGAIN CORP,20230630,4,90324000.0,27315000.0,70696000.0,5830000.0,2109000.0,78.27,6.45,2.33
104889,GRAHAM HOLDINGS CO,20230630,1,90291000.0,,,30116000.0,122788000.0,,33.35,135.99
1866368,"CLEARWATER ANALYTICS HOLDINGS, INC.",20230630,1,89879000.0,26954000.0,62925000.0,-7125000.0,-6553000.0,70.01,-7.93,-7.29
1060822,CARTERS INC,20230630,1,89866000.0,308303000.0,291896000.0,29209000.0,23867000.0,324.81,32.5,26.56
1830072,IPOWER INC.,20230630,4,88902048.0,54104587.0,34797461.0,-13483543.0,-11965390.0,39.14,-15.17,-13.46
1320854,"FREIGHTCAR AMERICA, INC.",20230630,1,88596000.0,75641000.0,12955000.0,-4043000.0,,14.62,-4.56,
1021561,"NU SKIN ENTERPRISES, INC.",20230630,1,88362000.0,135542000.0,364715000.0,4945000.0,26892000.0,412.75,5.6,30.43
1605888,ATLANTIC INTERNATIONAL CORP.,20230630,1,88298049.0,78426842.0,10937760.0,-1106493.0,,12.39,-1.25,
1682745,VERRA MOBILITY CORP,20230630,1,88254000.0,688000.0,87566000.0,61093000.0,19108000.0,99.22,69.22,21.65
917491,FARO TECHNOLOGIES INC,20230630,1,88211000.0,54888000.0,33323000.0,-25350000.0,-28245000.0,37.78,-28.74,-32.02
1943705,"REVELYST, INC.",20230630,1,88012000.0,226717000.0,42684000.0,-1127000.0,-5358000.0,48.5,-1.28,-6.09
718937,STAAR SURGICAL CO,20230630,1,87960000.0,21580000.0,70726000.0,8597000.0,6064000.0,80.41,9.77,6.89
1698514,NATIONAL ENERGY SERVICES REUNITED CORP.,20230630,1,87897000.0,248318000.0,31993000.0,22008000.0,,36.4,25.04,
1928446,"GRANITE RIDGE RESOURCES, INC.",20230630,1,87557000.0,,,23868000.0,8737000.0,,27.26,9.98
1848416,VERANO HOLDINGS CORP.,20230630,1,86610000.0,118924000.0,102446000.0,30430000.0,-13061000.0,118.28,35.13,-15.08
1728951,"ESSENTIAL PROPERTIES REALTY TRUST, INC.",20230630,1,86516000.0,,,64782000.0,52802000.0,,74.88,61.03
1556739,"THRYV HOLDINGS, INC.",20230630,1,86494000.0,91336000.0,39210000.0,30707000.0,15978000.0,45.33,35.5,18.47
1114995,IMPINJ INC,20230630,1,85986000.0,42172000.0,43814000.0,-8369000.0,-8066000.0,50.95,-9.73,-9.38
780571,"ITRON, INC.",20230630,1,85676000.0,44835000.0,24719000.0,-80253000.0,24201000.0,28.85,-93.67,28.25
1095651,SAFEHOLD INC.,20230630,1,85661000.0,1013000.0,84648000.0,15829000.0,22130000.0,98.82,18.48,25.83
1630805,"BABCOCK & WILCOX ENTERPRISES, INC.",20230630,1,85219000.0,228352000.0,-143133000.0,12401000.0,-5088000.0,-167.96,14.55,-5.97
1496454,"CNL HEALTHCARE PROPERTIES, INC.",20230630,1,85186000.0,3846000.0,81340000.0,4107000.0,-5315000.0,95.49,4.82,-6.24
34067,DMC GLOBAL INC.,20230630,1,84754000.0,126774000.0,61890000.0,17733000.0,13703000.0,73.02,20.92,16.17
1847590,BOWMAN CONSULTING GROUP LTD.,20230630,1,82755000.0,41038000.0,41717000.0,-1116000.0,-634000.0,50.41,-1.35,-0.77
1580670,"LGI HOMES, INC.",20230630,1,82739000.0,503333000.0,-420594000.0,65086000.0,53134000.0,-508.34,78.66,64.22
1407623,RETAIL OPPORTUNITY INVESTMENTS CORP,20230630,1,82040000.0,,,28151000.0,9929000.0,,34.31,12.1
1039399,FORMFACTOR INC,20230630,1,81967000.0,95633000.0,21124000.0,-1312000.0,828000.0,25.77,-1.6,1.01
1712463,RANPAK HOLDINGS CORP.,20230630,1,81900000.0,51700000.0,30200000.0,4400000.0,-2100000.0,36.87,5.37,-2.56
1507605,"MARATHON DIGITAL HOLDINGS, INC.",20230630,1,81759000.0,92497000.0,-10738000.0,-6067000.0,-8962000.0,-13.13,-7.42,-10.96
1803696,ADEIA INC.,20230630,1,81606000.0,,,17723000.0,,,21.72,
1040829,"RYMAN HOSPITALITY PROPERTIES, INC.",20230630,1,81479000.0,267306000.0,-185827000.0,24668000.0,,-228.07,30.28,
1738827,"KLX ENERGY SERVICES HOLDINGS, INC.",20230630,1,81300000.0,173300000.0,-92000000.0,12600000.0,11400000.0,-113.16,15.5,14.02
1280058,BLACKBAUD INC,20230630,1,81155000.0,121475000.0,149567000.0,294000.0,2105000.0,184.3,0.36,2.59
1868778,INFORMATICA INC.,20230630,1,80992000.0,85592000.0,290396000.0,-5386000.0,-152466000.0,358.55,-6.65,-188.25
1906324,QUIDELORTHO CORP,20230630,1,80600000.0,,,-26900000.0,-53200000.0,,-33.37,-66.0
1898496,"GETTY IMAGES HOLDINGS, INC.",20230630,1,80306000.0,63354000.0,16952000.0,33466000.0,-4063000.0,21.11,41.67,-5.06
1799191,"ONCOLOGY INSTITUTE, INC.",20230630,1,80224000.0,,,-14938000.0,-16897000.0,,-18.62,-21.06
897448,AMARIN CORP PLCUK,20230630,1,80167000.0,,42668000.0,-23959000.0,-17560000.0,53.22,-29.89,-21.9
751978,VICOR CORP,20230630,1,79991000.0,51574000.0,55173000.0,17863000.0,17101000.0,68.97,22.33,21.38
1038074,SILICON LABORATORIES INC.,20230630,1,79563000.0,101091000.0,143775000.0,17167000.0,,180.71,21.58,
1042893,DRIL-QUIP INC,20230630,1,79561000.0,45165000.0,34396000.0,-2221000.0,3483000.0,43.23,-2.79,4.38
918965,"SCANSOURCE, INC.",20230630,4,79506000.0,3338482000.0,449239000.0,61658000.0,89809000.0,565.04,77.55,112.96
101984,UNIVERSAL ELECTRONICS INC,20230630,1,79372000.0,82774000.0,24617000.0,-9132000.0,-10411000.0,31.01,-11.51,-13.12
1384195,"RING ENERGY, INC.",20230630,1,79348573.0,,,29657211.0,28791605.0,,37.38,36.28
1842718,INTEGRAL AD SCIENCE HOLDING CORP.,20230630,1,78990000.0,,,-18209000.0,7677000.0,,-23.05,9.72
1692063,"SCHNEIDER NATIONAL, INC.",20230630,1,78900000.0,,,64800000.0,77500000.0,,82.13,98.23
1701732,ALTAIR ENGINEERING INC.,20230630,1,78781000.0,13639000.0,110364000.0,-16269000.0,-22280000.0,140.09,-20.65,-28.28
1114925,LANTRONIX INC,20230630,4,78557000.0,74925000.0,56264000.0,-6674000.0,,71.62,-8.5,
1318568,EVERI HOLDINGS INC.,20230630,1,77781000.0,,,28877000.0,27396000.0,,37.13,35.22
1476045,CHATHAM LODGING TRUST,20230630,1,77486000.0,3894000.0,73592000.0,15454000.0,9144000.0,94.97,19.94,11.8
1828962,"CRICUT, INC.",20230630,1,77386000.0,90110000.0,18277000.0,19250000.0,16024000.0,23.62,24.88,20.71
1802156,"XPONENTIAL FITNESS, INC.",20230630,1,77340000.0,14223000.0,63117000.0,36453000.0,18379000.0,81.61,47.13,23.76
1692412,PLAYA HOTELS & RESORTS N.V.,20230630,1,77325000.0,,,49787000.0,20633000.0,,64.39,26.68
1057379,"HACKETT GROUP, INC.",20230630,1,77102000.0,46887000.0,30215000.0,12790000.0,8720000.0,39.19,16.59,11.31
1167419,"RIOT PLATFORMS, INC.",20230630,1,76739000.0,22134000.0,54605000.0,-32483000.0,-27387000.0,71.16,-42.33,-35.69
1677576,INNOVATIVE INDUSTRIAL PROPERTIES INC,20230630,1,76457000.0,,,43424000.0,41269000.0,,56.8,53.98
931148,GRAFTECH INTERNATIONAL LTD,20230630,1,76369000.0,,28345000.0,8598000.0,-7851000.0,37.12,11.26,-10.28
1680873,HF FOODS GROUP INC.,20230630,1,76337000.0,1922000.0,50666000.0,-1577000.0,-850000.0,66.37,-2.07,-1.11
876883,STAGWELL INC,20230630,1,76195000.0,402431000.0,-326236000.0,21262000.0,-3194000.0,-428.16,27.9,-4.19
874238,"STERLING INFRASTRUCTURE, INC.",20230630,1,76184000.0,430051000.0,92274000.0,66503000.0,39480000.0,121.12,87.29,51.82
1626450,"BIGCOMMERCE HOLDINGS, INC.",20230630,1,75443000.0,18756000.0,56687000.0,-20895000.0,-19065000.0,75.14,-27.7,-25.27
1834494,"MERIDIANLINK, INC.",20230630,1,75415000.0,28494000.0,46921000.0,1483000.0,,62.22,1.97,
1257640,KRONOS WORLDWIDE INC,20230630,1,75300000.0,399100000.0,44100000.0,-6700000.0,-8200000.0,58.57,-8.9,-10.89
1760689,"MICROVAST HOLDINGS, INC.",20230630,1,74953000.0,63492000.0,11461000.0,-26866000.0,-26089000.0,15.29,-35.84,-34.81
1788882,"ROOT, INC.",20230630,1,74800000.0,,,-25200000.0,-36700000.0,,-33.69,-49.06
1047340,FRESH DEL MONTE PRODUCE INC,20230630,1,74700000.0,0.0,4200000.0,72100000.0,-2400000.0,5.62,96.52,-3.21
866829,HELIX ENERGY SOLUTIONS GROUP INC,20230630,1,74116000.0,253468000.0,55349000.0,-17350000.0,7100000.0,74.68,-23.41,9.58
29332,DIXIE GROUP INC,20230630,1,74009000.0,54229000.0,19780000.0,253000.0,-1726000.0,26.73,0.34,-2.33
2000178,LOAR HOLDINGS INC.,20230630,1,73989000.0,36517000.0,37472000.0,17628000.0,623000.0,50.65,23.83,0.84
82020,UNITED STATES LIME & MINERALS INC,20230630,1,73983000.0,46852000.0,10000.0,10000.0,19712000.0,0.01,0.01,26.64
1564180,KNOT OFFSHORE PARTNERS LP,20230630,1,73824000.0,,,-31216000.0,-40390000.0,,-42.28,-54.71
71691,NEW YORK TIMES CO,20230630,1,73804000.0,,,55775000.0,46574000.0,,75.57,63.1
1866633,"CONSENSUS CLOUD SOLUTIONS, INC.",20230630,1,73569000.0,17246000.0,75546000.0,38842000.0,21058000.0,102.69,52.8,28.62
1401521,AMERICAN COASTAL INSURANCE CORP,20230630,1,73542000.0,,,21592000.0,17779000.0,,29.36,24.18
1305168,"ARC DOCUMENT SOLUTIONS, INC.",20230630,1,72350000.0,47174000.0,25176000.0,6153000.0,4018000.0,34.8,8.5,5.55
1603756,"AXONICS, INC.",20230630,1,72205000.0,22704000.0,70190000.0,-12070000.0,-7342000.0,97.21,-16.72,-10.17
1778129,TERRASCEND CORP.,20230630,1,72124000.0,35898000.0,36226000.0,3498000.0,-13476000.0,50.23,4.85,-18.68
1959348,WK KELLOGG CO,20230630,1,72000000.0,509000000.0,-437000000.0,28000000.0,27000000.0,-606.94,38.89,37.5
27996,DELUXE CORP,20230630,1,71330000.0,125453000.0,301739000.0,54131000.0,16375000.0,423.02,75.89,22.96
1845815,PAYONEER GLOBAL INC.,20230630,1,71227000.0,,,33392000.0,45549000.0,,46.88,63.95
788965,HALLADOR ENERGY CO,20230630,1,71103000.0,,,9256000.0,16915000.0,,13.02,23.79
1102993,LIVEPERSON INC,20230630,1,70907000.0,30888000.0,40019000.0,5638000.0,10822000.0,56.44,7.95,15.26
1620393,"NEXPOINT RESIDENTIAL TRUST, INC.",20230630,1,69569000.0,,,10047000.0,-3953000.0,,14.44,-5.68
1905956,TREASURE GLOBAL INC,20230630,4,69408319.0,68885035.0,523284.0,-10236866.0,-11727711.0,0.75,-14.75,-16.9
1095565,HEALTHSTREAM INC,20230630,1,69198000.0,,,4008000.0,4133000.0,,5.79,5.97
1158172,"COMSCORE, INC.",20230630,1,69139000.0,7366000.0,61773000.0,-47379000.0,-44909000.0,89.35,-68.53,-64.95
793306,BLUE DOLPHIN ENERGY CO,20230630,1,68878000.0,66988000.0,1890000.0,86000.0,-1560000.0,2.74,0.12,-2.26
1855447,"TIGO ENERGY, INC.",20230630,1,68826000.0,42920000.0,25906000.0,8665000.0,-22176000.0,37.64,12.59,-32.22
81362,QUAKER CHEMICAL CORP,20230630,1,68743000.0,317753000.0,177691000.0,56795000.0,29346000.0,258.49,82.62,42.69
76282,PARK OHIO HOLDINGS CORP,20230630,1,68400000.0,358000000.0,-289600000.0,27000000.0,5400000.0,-423.39,39.47,7.89
1294133,INOGEN INC,20230630,1,68343000.0,49591000.0,34044000.0,-11768000.0,-9826000.0,49.81,-17.22,-14.38
31107,EASTERN CO,20230630,1,68337790.0,53189948.0,15147842.0,2427695.0,1399207.0,22.17,3.55,2.05
52827,RAYONIER INC,20230630,1,68310000.0,168410000.0,-100100000.0,67000.0,19148000.0,-146.54,0.1,28.03
1084048,"ZIFF DAVIS, INC.",20230630,1,68161000.0,47421000.0,20740000.0,36716000.0,16679000.0,30.43,53.87,24.47
33488,ESCALADE INC,20230630,1,67771000.0,51124000.0,16647000.0,6258000.0,3642000.0,24.56,9.23,5.37
1420800,ENOVIS CORP,20230630,1,67729000.0,180143000.0,248359000.0,-14494000.0,-9995000.0,366.7,-21.4,-14.76
896429,"CANTALOUPE, INC.",20230630,4,67629000.0,,,760000.0,633000.0,,1.12,0.94
926282,"ADTRAN HOLDINGS, INC.",20230630,1,67475000.0,216960000.0,26511000.0,-44628000.0,-2000.0,39.29,-66.14,-0.0
84748,ROGERS CORP,20230630,1,67300000.0,151300000.0,79600000.0,5800000.0,17900000.0,118.28,8.62,26.6
933974,"AZENTA, INC.",20230630,1,67296000.0,97943000.0,68005000.0,1520000.0,0.0,101.05,2.26,0.0
1604738,ASHFORD INC.,20230630,1,67084000.0,,,11798000.0,1582000.0,,17.59,2.36
1909747,JUSHI HOLDINGS INC.,20230630,1,66425000.0,35871000.0,30554000.0,3400000.0,,46.0,5.12,
1606163,"LIMBACH HOLDINGS, INC.",20230630,1,66102000.0,96369000.0,17241000.0,7552000.0,5320000.0,26.08,11.42,8.05
1286139,"LEGALZOOM.COM, INC.",20230630,1,65863000.0,63748000.0,105106000.0,4745000.0,1395000.0,159.58,7.2,2.12
1616318,VISTA OUTDOOR INC.,20230630,1,65832000.0,466576000.0,131903000.0,-1487000.0,,200.36,-2.26,
1786842,VONTIER CORP,20230630,1,65600000.0,416300000.0,-350700000.0,44700000.0,,-534.6,68.14,
716634,READING INTERNATIONAL INC,20230630,1,65054000.0,2104000.0,62950000.0,1286000.0,-2778000.0,96.77,1.98,-4.27
1517175,"CHEFS' WAREHOUSE, INC.",20230630,1,64947000.0,673376000.0,208444000.0,25340000.0,9867000.0,320.94,39.02,15.19
1585364,PERRIGO CO PLC,20230630,1,64900000.0,765100000.0,428000000.0,56800000.0,8400000.0,659.48,87.52,12.94
1369568,"CATALYST PHARMACEUTICALS, INC.",20230630,1,64898000.0,12045000.0,52853000.0,46699000.0,37762000.0,81.44,71.96,58.19
313143,HAEMONETICS CORP,20230630,1,64885000.0,144067000.0,167265000.0,53659000.0,41042000.0,257.79,82.7,63.25
798359,CENTERSPACE,20230630,1,64776000.0,2247000.0,62529000.0,5966000.0,-1863000.0,96.53,9.21,-2.88
1307748,INVENTRUST PROPERTIES CORP.,20230630,1,64687000.0,,,-7600000.0,2068000.0,,-11.75,3.2
65984,ENTERGY CORP /DE/,20230630,1,63816000.0,,,27320000.0,,,42.81,
1818093,BEAUTY HEALTH CO,20230630,1,63644000.0,49603000.0,67876000.0,-13146000.0,3364000.0,106.65,-20.66,5.29
1620179,"EXELA TECHNOLOGIES, INC.",20230630,1,63608000.0,,,11224000.0,-30886000.0,,17.65,-48.56
745308,ST JOE CO,20230630,1,63403000.0,,,105000.0,34727000.0,,0.17,54.77
1023024,ANI PHARMACEUTICALS INC,20230630,1,63317000.0,,,12402000.0,6245000.0,,19.59,9.86
1477815,"SWEETGREEN, INC.",20230630,1,63202000.0,,,-31246000.0,-27258000.0,,-49.44,-43.13
1720592,REPAY HOLDINGS CORP,20230630,1,62899000.0,16840000.0,46059000.0,-9866000.0,-4643000.0,73.23,-15.69,-7.38
1801368,MP MATERIALS CORP. / DE,20230630,1,62630000.0,,,483000.0,7395000.0,,0.77,11.81
1799567,"DOUBLEDOWN INTERACTIVE CO., LTD.",20230630,1,62468000.0,,,27522000.0,24357000.0,,44.06,38.99
1581760,"LIFE360, INC.",20230630,1,62400000.0,8736000.0,54783000.0,-4243000.0,-4413000.0,87.79,-6.8,-7.07
729580,BEL FUSE INC /NJ,20230630,1,62022000.0,113240000.0,20512000.0,27359000.0,0.0,33.07,44.11,0.0
789933,NACCO INDUSTRIES INC,20230630,1,61350000.0,-495000.0,6407000.0,-3065000.0,2520000.0,10.44,-5.0,4.11
865752,MONSTER BEVERAGE CORP,20230630,1,61076000.0,880739000.0,974222000.0,-6577000.0,,1595.1,-10.77,
1056696,MANHATTAN ASSOCIATES INC,20230630,1,60943000.0,22592000.0,38351000.0,13556000.0,39620000.0,62.93,22.24,65.01
1657788,"KIMBELL ROYALTY PARTNERS, LP",20230630,1,60752262.0,,,24638361.0,,,40.56,
1333493,"EHEALTH, INC.",20230630,1,60186000.0,,,-26152000.0,-23501000.0,,-43.45,-39.05
314808,VALARIS LTD,20230630,1,60100000.0,196200000.0,-136100000.0,1500000.0,-7300000.0,-226.46,2.5,-12.15
1819810,REDWIRE CORP,20230630,1,60098000.0,44194000.0,15904000.0,-3856000.0,-73000.0,26.46,-6.42,-0.12
9326,BALCHEM CORP,20230630,1,59802000.0,9782000.0,77349000.0,42836000.0,30110000.0,129.34,71.63,50.35
80172,NATIONAL PRESTO INDUSTRIES INC,20230630,1,59705000.0,65566000.0,4188000.0,-2718000.0,5503000.0,7.01,-4.55,9.22
1746618,"REVOLVE GROUP, INC.",20230630,1,58917000.0,126031000.0,147698000.0,7355000.0,3241000.0,250.69,12.48,5.5
1948455,ISPIRE TECHNOLOGY INC.,20230630,4,58764022.0,94529769.0,-298703.0,-4474157.0,,-0.51,-7.61,
23194,COMSTOCK RESOURCES INC,20230630,1,58459000.0,,,-17067000.0,-45706000.0,,-29.19,-78.18
1532286,"NINE ENERGY SERVICE, INC.",20230630,1,58120000.0,,,9311000.0,-2537000.0,,16.02,-4.37
1762359,"ACREAGE HOLDINGS, INC.",20230630,1,58115000.0,36993000.0,21122000.0,-5055000.0,-16156000.0,36.35,-8.7,-27.8
913277,CLARUS CORP,20230630,1,57937000.0,35360000.0,22577000.0,-1726000.0,-2091000.0,38.97,-2.98,-3.61
1828972,"BUZZFEED, INC.",20230630,1,57685000.0,,,-16422000.0,-27836000.0,,-28.47,-48.26
1514991,AMC NETWORKS INC.,20230630,1,57280000.0,321961000.0,-264681000.0,-45124000.0,70239000.0,-462.08,-78.78,122.62
1793229,MULTIPLAN CORP,20230630,1,57148000.0,,,34707000.0,-36370000.0,,60.73,-63.64
1603145,"NEXTERA ENERGY PARTNERS, LP",20230630,1,57000000.0,,,26000000.0,49000000.0,,45.61,85.96
1846069,"NEXTDOOR HOLDINGS, INC.",20230630,1,56889000.0,10438000.0,46451000.0,-41442000.0,-35403000.0,81.65,-72.85,-62.23
1356570,WNS (HOLDINGS) LTD,20230630,1,56757000.0,158753000.0,112567000.0,37866000.0,31964000.0,198.33,66.72,56.32
1827090,"CERTARA, INC.",20230630,1,56727000.0,,,13039000.0,4706000.0,,22.99,8.3
1368514,"ADMA BIOLOGICS, INC.",20230630,1,56608000.0,0.0,16690000.0,-5157000.0,-6371000.0,29.48,-9.11,-11.25
104894,ELME COMMUNITIES,20230630,1,56599000.0,,,3614000.0,-2611000.0,,6.39,-4.61
720154,"INOTIV, INC.",20230630,1,56295000.0,,,4182000.0,365000.0,,7.43,0.65
1653087,"ALECTOR, INC.",20230630,1,56214000.0,,,-3589000.0,1375000.0,,-6.38,2.45
1875444,"ARHAUS, INC.",20230630,1,56163000.0,172779000.0,140120000.0,53989000.0,,249.49,96.13,
842633,TRIMAS CORP,20230630,1,56070000.0,178660000.0,54530000.0,12100000.0,11020000.0,97.25,21.58,19.65
55135,KELLY SERVICES INC,20230630,1,56000000.0,976600000.0,32500000.0,-14200000.0,7500000.0,58.04,-25.36,13.39
30625,FLOWSERVE CORP,20230630,1,55843000.0,757616000.0,322760000.0,36115000.0,51203000.0,577.98,64.67,91.69
1870940,"AIRSCULPT TECHNOLOGIES, INC.",20230630,1,55703000.0,,,5362000.0,-800000.0,,9.63,-1.44
1401257,"FORUM ENERGY TECHNOLOGIES, INC.",20230630,1,55117000.0,134143000.0,51306000.0,-6645000.0,-6579000.0,93.09,-12.06,-11.94
931584,UNIVERSAL STAINLESS & ALLOY PRODUCTS INC,20230630,1,54947000.0,59167000.0,9848000.0,3093000.0,0.0,17.92,5.63,0.0
1282648,BATTALION OIL CORP,20230630,1,54272000.0,,,309000.0,-4748000.0,,0.57,-8.75
1386278,GREEN DOT CORP,20230630,1,53846000.0,,,4786000.0,578000.0,,8.89,1.07
1022652,INSEEGO CORP.,20230630,1,53557000.0,4041000.0,18896000.0,-3276000.0,-4936000.0,35.28,-6.12,-9.22
1217234,"CAREDX, INC.",20230630,1,53414000.0,6637000.0,46777000.0,-27624000.0,-24953000.0,87.57,-51.72,-46.72
1376339,"MIMEDX GROUP, INC.",20230630,1,53318000.0,13583000.0,67674000.0,10839000.0,1200000.0,126.93,20.33,2.25
60519,LOUISIANA-PACIFIC CORP,20230630,1,53000000.0,492000000.0,119000000.0,8000000.0,-20000000.0,224.53,15.09,-37.74
1530721,CAPRI HOLDINGS LTD,20230630,1,53000000.0,,812000000.0,16000000.0,48000000.0,1532.08,30.19,90.57
1500435,"GOPRO, INC.",20230630,1,52876000.0,165248000.0,75772000.0,-22494000.0,-17212000.0,143.3,-42.54,-32.55
880631,"WISDOMTREE, INC.",20230630,1,52808000.0,,,18181000.0,,,34.43,
1104657,MATERION CORP,20230630,1,52524000.0,309496000.0,89055000.0,35344000.0,24082000.0,169.55,67.29,45.85
1561032,"HEALTHCARE TRUST, INC.",20230630,1,52184000.0,,,813000.0,,,1.56,
1638290,"MASTERCRAFT BOAT HOLDINGS, INC.",20230630,4,52143000.0,492333000.0,169713000.0,-4515000.0,68937000.0,325.48,-8.66,132.21
1800667,JFROG LTD,20230630,1,51827000.0,218000.0,65721000.0,-18907000.0,-15467000.0,126.81,-36.48,-29.84
1830043,BUMBLE INC.,20230630,1,51758000.0,76737000.0,-24979000.0,21171000.0,6753000.0,-48.26,40.9,13.05
935036,"ACI WORLDWIDE, INC.",20230630,1,51391000.0,181343000.0,-129952000.0,10520000.0,-6710000.0,-252.87,20.47,-13.06
1325702,MAGNACHIP SEMICONDUCTOR CORP,20230630,1,51375000.0,37867000.0,30000.0,-10656000.0,-3947000.0,0.06,-20.74,-7.68
1743759,"CORSAIR GAMING, INC.",20230630,1,51275000.0,242600000.0,57323000.0,-2714000.0,-4480000.0,111.8,-5.29,-8.74
1531978,"PARAGON 28, INC.",20230630,1,51009000.0,156000.0,39410000.0,-12100000.0,-13248000.0,77.26,-23.72,-25.97
1709682,"CUSTOM TRUCK ONE SOURCE, INC.",20230630,1,50694000.0,494000.0,10082000.0,39575000.0,11610000.0,19.89,78.07,22.9
1505155,"UPLAND SOFTWARE, INC.",20230630,1,50162000.0,24178000.0,50319000.0,-9387000.0,-15147000.0,100.31,-18.71,-30.2
1370450,"WILLDAN GROUP, INC.",20230630,1,50032000.0,78444000.0,40633000.0,2474000.0,397000.0,81.21,4.94,0.79
1855175,"CONTINEUM THERAPEUTICS, INC.",20230630,1,50000000.0,,,38937000.0,0.0,,77.87,0.0
1359687,"RED TRAIL ENERGY, LLC",20230630,1,49690760.0,674171.0,1652430.0,341954.0,136250.0,3.33,0.69,0.27
928054,FLOTEK INDUSTRIES INC/CN/,20230630,1,49062000.0,16445000.0,1301000.0,129000.0,-21000.0,2.65,0.26,-0.04
1944558,"VITESSE ENERGY, INC.",20230630,1,48733000.0,,,12716000.0,9620000.0,,26.09,19.74
1570562,"EVOLUS, INC.",20230630,1,48680000.0,14712000.0,33968000.0,-15118000.0,-18140000.0,69.78,-31.06,-37.26
1366868,"GLOBALSTAR, INC.",20230630,1,48648000.0,12246000.0,36402000.0,2620000.0,9000.0,74.83,5.39,0.02
929351,LIONS GATE ENTERTAINMENT CORP /CN/,20230630,1,48500000.0,,,-16800000.0,-70700000.0,,-34.64,-145.77
1069183,"AXON ENTERPRISE, INC.",20230630,1,48425000.0,101192000.0,232121000.0,40259000.0,12420000.0,479.34,83.14,25.65
1779474,"WM TECHNOLOGY, INC.",20230630,1,48423000.0,3239000.0,45184000.0,3783000.0,1226000.0,93.31,7.81,2.53
887905,LTC PROPERTIES INC,20230630,1,48246000.0,,,6228000.0,6174000.0,,12.91,12.8
918541,NN INC,20230630,1,48062000.0,,,2583000.0,-14377000.0,,5.37,-29.91
1782170,"REMITLY GLOBAL, INC.",20230630,1,47561000.0,,,-18223000.0,-18850000.0,,-38.32,-39.63
1624512,BOXLIGHT CORP,20230630,1,47052000.0,29224000.0,17828000.0,-859000.0,-811000.0,37.89,-1.83,-1.72
1981792,HOWARD HUGHES HOLDINGS INC.,20230630,1,46898000.0,15867000.0,31031000.0,630000.0,,66.17,1.34,
1891856,"GEN RESTAURANT GROUP, INC.",20230630,1,46473000.0,,,1309000.0,3960000.0,,2.82,8.52
1021162,TRIUMPH GROUP INC,20230630,1,46141000.0,193905000.0,-147764000.0,-558000.0,-18163000.0,-320.24,-1.21,-39.36
788920,PRO DEX INC,20230630,4,46087000.0,33338000.0,12749000.0,5762000.0,7074000.0,27.66,12.5,15.35
1347178,VANDA PHARMACEUTICALS INC.,20230630,1,46056000.0,,,-2867000.0,1520000.0,,-6.23,3.3
1910139,MOBILEYE GLOBAL INC.,20230630,1,46000000.0,101000000.0,224000000.0,-9000000.0,-28000000.0,486.96,-19.57,-60.87
722572,FRANKLIN WIRELESS CORP,20230630,4,45948516.0,38927774.0,7020742.0,-2349575.0,-2863021.0,15.28,-5.11,-6.23
887359,VERICEL CORP,20230630,1,45922000.0,15981000.0,29941000.0,-5961000.0,-5020000.0,65.2,-12.98,-10.93
1814974,"BBX CAPITAL, INC.",20230630,1,45816000.0,-14000.0,45830000.0,-6857000.0,-8001000.0,100.03,-14.97,-17.46
1699136,"CACTUS, INC.",20230630,1,45706000.0,34971000.0,10735000.0,-8348000.0,24750000.0,23.49,-18.26,54.15
1468328,ADDUS HOMECARE CORP,20230630,1,45566000.0,7084000.0,54342000.0,21539000.0,14852000.0,119.26,47.27,32.59
1024795,"HELIOS TECHNOLOGIES, INC.",20230630,1,45500000.0,151800000.0,75800000.0,12000000.0,16800000.0,166.59,26.37,36.92
1397702,SILK ROAD MEDICAL INC,20230630,1,45298000.0,13004000.0,32294000.0,-14316000.0,-13484000.0,71.29,-31.6,-29.77
2098,ACME UNITED CORP,20230630,1,45200000.0,33314000.0,20022000.0,5250000.0,3443000.0,44.3,11.62,7.62
1819928,"DOUBLEVERIFY HOLDINGS, INC.",20230630,1,44989000.0,26191000.0,18798000.0,14644000.0,12839000.0,41.78,32.55,28.54
1052752,GETTY REALTY CORP /MD/,20230630,1,44698000.0,,,20622000.0,13524000.0,,46.14,30.26
1593222,"CITY OFFICE REIT, INC.",20230630,1,44604000.0,,,7922000.0,-680000.0,,17.76,-1.52
1563922,GREENBACKER RENEWABLE ENERGY CO LLC,20230630,1,44599000.0,,,-26991000.0,13814000.0,,-60.52,30.97
778164,"ALTO INGREDIENTS, INC.",20230630,1,44384000.0,3414000.0,1033000.0,9270000.0,7595000.0,2.33,20.89,17.11
1597672,RAYONIER ADVANCED MATERIALS INC.,20230630,1,44144000.0,370785000.0,14628000.0,-422000.0,-16750000.0,33.14,-0.96,-37.94
1603652,URGENT.LY INC.,20230630,1,43977000.0,34717000.0,9260000.0,-6148000.0,-6420000.0,21.06,-13.98,-14.6
1432133,KALTURA INC,20230630,1,43880000.0,10935000.0,23073000.0,-9561000.0,-10778000.0,52.58,-21.79,-24.56
1044777,ONESPAN INC.,20230630,1,43871000.0,7401000.0,8583000.0,1402000.0,-17751000.0,19.56,3.2,-40.46
350868,"ITERIS, INC.",20230630,1,43545000.0,14638000.0,16803000.0,1953000.0,2125000.0,38.59,4.49,4.88
1729149,"VIEMED HEALTHCARE, INC.",20230630,1,43311000.0,17205000.0,26106000.0,2901000.0,2330000.0,60.28,6.7,5.38
78749,AGILYSYS INC,20230630,1,43300000.0,8800000.0,33057000.0,958000.0,1548000.0,76.34,2.21,3.58
1636222,WINGSTOP INC.,20230630,1,43271000.0,16642000.0,26629000.0,26456000.0,16181000.0,61.54,61.14,37.39
1267565,"COLLEGIUM PHARMACEUTICAL, INC",20230630,1,43136000.0,61720000.0,73826000.0,35633000.0,13007000.0,171.15,82.61,30.15
1141103,CROSS COUNTRY HEALTHCARE INC,20230630,1,43115000.0,,,35189000.0,21345000.0,,81.62,49.51
102752,VSE CORP,20230630,1,42457000.0,32327000.0,10130000.0,20637000.0,8855000.0,23.86,48.61,20.86
1498828,HOWARD HUGHES CORP,20230630,1,42306000.0,15867000.0,26439000.0,630000.0,,62.49,1.49,
1854139,ZEVIA PBC,20230630,1,42241000.0,22549000.0,19692000.0,-5377000.0,,46.62,-12.73,
1110611,ON24 INC.,20230630,1,42086000.0,12200000.0,29886000.0,-15777000.0,-12847000.0,71.01,-37.49,-30.53
79661,PORTSMOUTH SQUARE INC,20230630,4,42027000.0,34457000.0,7570000.0,3062000.0,-13203000.0,18.01,7.29,-31.42
704532,ONTO INNOVATION INC.,20230630,1,41957000.0,90201000.0,100461000.0,24807000.0,,239.44,59.12,
1630627,"TREACE MEDICAL CONCEPTS, INC.",20230630,1,41953000.0,7675000.0,34278000.0,-13052000.0,-12271000.0,81.71,-31.11,-29.25
1371285,"TRUPANION, INC.",20230630,1,41893000.0,241193000.0,-199300000.0,-12818000.0,,-475.74,-30.6,
1609151,"WEAVE COMMUNICATIONS, INC.",20230630,1,41667000.0,13626000.0,28041000.0,-9833000.0,-8988000.0,67.3,-23.6,-21.57
1690680,"NEWMARK GROUP, INC.",20230630,1,41647000.0,,,27543000.0,6429000.0,,66.13,15.44
1868726,"OLAPLEX HOLDINGS, INC.",20230630,1,40940000.0,31745000.0,77496000.0,18759000.0,6156000.0,189.29,45.82,15.04
1545654,"ALEXANDER & BALDWIN, INC.",20230630,1,40694000.0,25049000.0,15645000.0,16167000.0,13333000.0,38.45,39.73,32.76
1739445,"ARCOSA, INC.",20230630,1,40500000.0,463700000.0,-423200000.0,34400000.0,40900000.0,-1044.94,84.94,100.99
99302,TRANSCAT INC,20230630,1,39853000.0,15006000.0,12971000.0,3192000.0,0.0,32.55,8.01,0.0
1058623,CUMULUS MEDIA INC,20230630,1,39698000.0,,,3221000.0,-1068000.0,,8.11,-2.69
1828536,"ENERGY VAULT HOLDINGS, INC.",20230630,1,39680000.0,35733000.0,3947000.0,-28361000.0,-26162000.0,9.95,-71.47,-65.93
1868912,"ENFUSION, INC.",20230630,1,39610000.0,1621000.0,28513000.0,2446000.0,629000.0,71.98,6.18,1.59
1065059,CENTRUS ENERGY CORP,20230630,1,39500000.0,70400000.0,26800000.0,14400000.0,0.0,67.85,36.46,0.0
1818383,"MEDIAALPHA, INC.",20230630,1,39492000.0,8000000.0,31492000.0,-16072000.0,-14286000.0,79.74,-40.7,-36.17
1293282,TECHTARGET INC,20230630,1,38978000.0,,39329000.0,650000.0,2675000.0,100.9,1.67,6.86
1393883,"DHI GROUP, INC.",20230630,1,38538000.0,4956000.0,33582000.0,-29000.0,-127000.0,87.14,-0.08,-0.33
40570,GEE GROUP INC.,20230630,1,38171000.0,24518000.0,13653000.0,1084000.0,0.0,35.77,2.84,0.0
1372020,GREAT LAKES DREDGE & DOCK CORP,20230630,1,38157000.0,1918000.0,17899000.0,3680000.0,1733000.0,46.91,9.64,4.54
805928,"AXOGEN, INC.",20230630,1,38155000.0,8503000.0,29652000.0,-6902000.0,-6660000.0,77.71,-18.09,-17.46
1692951,"COTTONWOOD COMMUNITIES, INC.",20230630,1,37812000.0,,,158000.0,-6818000.0,,0.42,-18.03
1178879,"AMICUS THERAPEUTICS, INC.",20230630,1,37128000.0,9114000.0,85389000.0,-18860000.0,-43232000.0,229.99,-50.8,-116.44
1169445,"TRUBRIDGE, INC.",20230630,1,36862000.0,17014000.0,19848000.0,-1906000.0,-2837000.0,53.84,-5.17,-7.7
1027838,TACTILE SYSTEMS TECHNOLOGY INC,20230630,1,36499000.0,3175000.0,5362000.0,2058000.0,-100000.0,14.69,5.64,-0.27
1668673,"PETIQ, INC.",20230630,1,36380000.0,30240000.0,73879000.0,18720000.0,9468000.0,203.08,51.46,26.03
1857853,"TRAEGER, INC.",20230630,1,36314000.0,108181000.0,63331000.0,-27608000.0,-30166000.0,174.4,-76.03,-83.07
1806347,WESTROCK COFFEE CO,20230630,1,36048000.0,189018000.0,35676000.0,-1395000.0,-26811000.0,98.97,-3.87,-74.38
948320,"LIFEMD, INC.",20230630,1,35946913.0,422485.0,31398483.0,-4895546.0,600000.0,87.35,-13.62,1.67
1392694,"SURGEPAYS, INC.",20230630,1,35886433.0,25860705.0,10025728.0,6202501.0,,27.94,17.28,
1829864,"TASKUS, INC.",20230630,1,35678000.0,,,22169000.0,10132000.0,,62.14,28.4
1327318,"TRUECAR, INC.",20230630,1,35654000.0,,,-22147000.0,-20424000.0,,-62.12,-57.28
825324,GOOD TIMES RESTAURANTS INC.,20230630,1,35632000.0,,,1390000.0,,,3.9,
33533,ESPEY MFG & ELECTRONICS CORP,20230630,4,35592323.0,27541785.0,8050538.0,4300014.0,3677131.0,22.62,12.08,10.33
1522767,MARIMED INC.,20230630,1,35367000.0,20143000.0,16376000.0,3547000.0,-958000.0,46.3,10.03,-2.71
1884516,DRILLING TOOLS INTERNATIONAL CORP,20230630,1,35100000.0,1157000.0,33943000.0,6624000.0,937000.0,96.7,18.87,2.67
1611983,LIBERTY BROADBAND CORP,20230630,1,35000000.0,,,23000000.0,1223000000.0,,65.71,3494.29
1357615,"KBR, INC.",20230630,1,35000000.0,1502000000.0,251000000.0,10000000.0,-351000000.0,717.14,28.57,-1002.86
1662991,SEZZLE INC.,20230630,1,34937665.0,,,3763291.0,1139778.0,,10.77,3.26
1606498,"AVANOS MEDICAL, INC.",20230630,1,34800000.0,71600000.0,97800000.0,-2100000.0,-68100000.0,281.03,-6.03,-195.69
1696558,"JERASH HOLDINGS (US), INC.",20230630,1,34735657.0,29168117.0,5567540.0,1091820.0,496526.0,16.03,3.14,1.43
856982,MERIT MEDICAL SYSTEMS INC,20230630,1,34570000.0,167274000.0,152782000.0,28812000.0,20245000.0,441.95,83.34,58.56
1556266,"BAIYU HOLDINGS, INC.",20230630,1,34483239.0,34537021.0,-48068.0,-8378919.0,-4453195.0,-0.14,-24.3,-12.91
1853145,EVERCOMMERCE INC.,20230630,1,34455000.0,,,1782000.0,-896000.0,,5.17,-2.6
1625641,"CS DISCO, INC.",20230630,1,34276000.0,9039000.0,25237000.0,-16991000.0,-14915000.0,73.63,-49.57,-43.51
1015383,"AMMO, INC.",20230630,1,34254575.0,20230035.0,14024540.0,-6702305.0,-1093033.0,40.94,-19.57,-3.19
935419,"RCI HOSPITALITY HOLDINGS, INC.",20230630,1,34151000.0,,,-300000.0,9085000.0,,-0.88,26.6
1078075,NETSCOUT SYSTEMS INC,20230630,1,33971000.0,50396000.0,160742000.0,-4695000.0,-4200000.0,473.17,-13.82,-12.36
1838615,"ALTI GLOBAL, INC.",20230630,1,33964000.0,,,-13059000.0,42740000.0,,-38.45,125.84
1835830,"KLAVIYO, INC.",20230630,1,33699000.0,37476000.0,127110000.0,7032000.0,10887000.0,377.19,20.87,32.31
1617553,"ZIPRECRUITER, INC.",20230630,1,33354000.0,15676000.0,154745000.0,22524000.0,14380000.0,463.95,67.53,43.11
1459839,"SI-BONE, INC.",20230630,1,33305000.0,6318000.0,26987000.0,-11963000.0,-11206000.0,81.03,-35.92,-33.65
1527702,IQSTEL INC,20230630,1,32824829.0,-1469389.0,600201.0,-245284.0,,1.83,-0.75,
1056358,MANNATECH INC,20230630,1,32594000.0,7004000.0,25590000.0,-954000.0,-1105000.0,78.51,-2.93,-3.39
1774170,"POWERFLEET, INC.",20230630,1,32092000.0,8550000.0,16018000.0,-3401000.0,-3269000.0,49.91,-10.6,-10.19
1124524,"CRYOPORT, INC.",20230630,1,32003000.0,32288000.0,24733000.0,-18332000.0,-18355000.0,77.28,-57.28,-57.35
1494259,"CARGURUS, INC.",20230630,1,31952000.0,24428000.0,164141000.0,24619000.0,16413000.0,513.71,77.05,51.37
1674930,"FULGENT GENETICS, INC.",20230630,1,31935000.0,47281000.0,20572000.0,-3516000.0,-11229000.0,64.42,-11.01,-35.16
1893311,LUXURBAN HOTELS INC.,20230630,1,31861098.0,21682084.0,10179014.0,4772649.0,-26774661.0,31.95,14.98,-84.04
1846084,GLOBAL CROSSING AIRLINES GROUP INC.,20230630,1,31475000.0,,,-6776000.0,-7471000.0,,-21.53,-23.74
1560241,"G1 THERAPEUTICS, INC.",20230630,1,31301000.0,,,11516000.0,8710000.0,,36.79,27.83
1865187,"ARIS WATER SOLUTIONS, INC.",20230630,1,31300000.0,63532000.0,-32232000.0,19961000.0,4698000.0,-102.98,63.77,15.01
1819989,CIPHER MINING INC.,20230630,1,31224000.0,1000000.0,30224000.0,-12089000.0,-13198000.0,96.8,-38.72,-42.27
846475,ZYNEX INC,20230630,1,31209000.0,9272000.0,21937000.0,2713000.0,3354000.0,70.29,8.69,10.75
1699039,"RANGER ENERGY SERVICES, INC.",20230630,1,31100000.0,,,-7100000.0,11500000.0,,-22.83,36.98
1753706,"WHOLE EARTH BRANDS, INC.",20230630,1,30601000.0,99522000.0,33380000.0,-7417000.0,-5517000.0,109.08,-24.24,-18.03
854775,DIGI INTERNATIONAL INC,20230630,1,30522000.0,48417000.0,47229000.0,12476000.0,6727000.0,154.74,40.88,22.04
1832466,"ALIGNMENT HEALTHCARE, INC.",20230630,1,30113000.0,,,-23659000.0,-28477000.0,,-78.57,-94.57
1842279,OPAL FUELS INC.,20230630,1,29956000.0,7609000.0,22347000.0,-7368000.0,,74.6,-24.6,
1588978,PROCEPT BIOROBOTICS CORP,20230630,1,29928000.0,14675000.0,18429000.0,-25625000.0,-25285000.0,61.58,-85.62,-84.49
1841761,"GROVE COLLABORATIVE HOLDINGS, INC.",20230630,1,29773000.0,31798000.0,34308000.0,-9560000.0,-10867000.0,115.23,-32.11,-36.5
1431695,OLO INC.,20230630,1,29711000.0,20779000.0,34472000.0,-21171000.0,-17076000.0,116.02,-71.26,-57.47
1358190,"IT TECH PACKAGING, INC.",20230630,1,29631400.0,28840056.0,1893087.0,-518683.0,-1253493.0,6.39,-1.75,-4.23
1360214,"HARROW, INC.",20230630,1,29542000.0,10000000.0,23470000.0,2352000.0,,79.45,7.96,
1124105,"GYRE THERAPEUTICS, INC.",20230630,1,29329000.0,1077000.0,28252000.0,-537000.0,3770000.0,96.33,-1.83,12.85
1831915,"CYTEK BIOSCIENCES, INC.",20230630,1,29288000.0,21531000.0,28162000.0,-9127000.0,,96.16,-31.16,
1484778,THREDUP INC.,20230630,1,29243000.0,9580000.0,55732000.0,-18712000.0,-18760000.0,190.58,-63.99,-64.15
1007587,KVH INDUSTRIES INC DE,20230630,1,28746000.0,15534000.0,13212000.0,172000.0,773000.0,45.96,0.6,2.69
1580560,FLYWIRE CORP,20230630,1,28534000.0,,,-16808000.0,-16813000.0,,-58.91,-58.92
1593548,"PLAYAGS, INC.",20230630,1,28331000.0,12028000.0,16303000.0,15076000.0,851000.0,57.54,53.21,3.0
12040,FLANIGANS ENTERPRISES INC,20230630,1,28126000.0,-1092000.0,29218000.0,2700000.0,560000.0,103.88,9.6,1.99
701288,ATRION CORP,20230630,1,27580000.0,26584000.0,17254000.0,7379000.0,6563000.0,62.56,26.75,23.8
1726978,"GOOSEHEAD INSURANCE, INC.",20230630,1,27552000.0,,,11190000.0,3666000.0,,40.61,13.31
1490281,"GROUPON, INC.",20230630,1,27374000.0,16144000.0,112965000.0,-4876000.0,-12607000.0,412.67,-17.81,-46.05
1123494,HARVARD BIOSCIENCE INC,20230630,1,27268000.0,12086000.0,16673000.0,796000.0,0.0,61.14,2.92,0.0
797542,VIEWBIX INC.,20230630,1,27154000.0,,,535000.0,-124000.0,,1.97,-0.46
1084991,NATURAL GAS SERVICES GROUP INC,20230630,1,26957000.0,,,712000.0,504000.0,,2.64,1.87
1952853,MASSIMO GROUP,20230630,1,26735699.0,18633003.0,8102696.0,2278749.0,2074284.0,30.31,8.52,7.76
1418819,IRIDIUM COMMUNICATIONS INC.,20230630,1,26500000.0,35432000.0,-8932000.0,-15971000.0,-30741000.0,-33.71,-60.27,-116.0
1072627,KINGSWAY FINANCIAL SERVICES INC,20230630,1,26197000.0,,,393000.0,,,1.5,
874396,"LIFETIME BRANDS, INC",20230630,1,26149000.0,90445000.0,55991000.0,4396000.0,-6520000.0,214.12,16.81,-24.93
861878,STERICYCLE INC,20230630,1,26000000.0,418400000.0,251100000.0,-24000000.0,,965.77,-92.31,
1768267,CERENCE INC.,20230630,1,25837000.0,20938000.0,40722000.0,-8501000.0,-16455000.0,157.61,-32.9,-63.69
1317945,"OMEGA FLEX, INC.",20230630,1,25835000.0,10035000.0,15800000.0,5521000.0,4556000.0,61.16,21.37,17.63
1838987,"COMPLETE SOLARIA, INC.",20230630,1,25620000.0,19607000.0,6013000.0,-12802000.0,-11510000.0,23.47,-49.97,-44.93
1816613,MARKFORGED HOLDING CORP,20230630,1,25449000.0,13476000.0,11973000.0,-20099000.0,-18988000.0,47.05,-78.98,-74.61
1210708,"HUDSON GLOBAL, INC.",20230630,1,25422000.0,,,1355000.0,-851000.0,,5.33,-3.35
1652535,"ICHOR HOLDINGS, LTD.",20230630,1,25249000.0,159266000.0,25742000.0,-2906000.0,-20656000.0,101.95,-11.51,-81.81
1825079,"VELO3D, INC.",20230630,1,25134000.0,19728000.0,2536000.0,0.0,-23201000.0,10.09,0.0,-92.31
1436126,"MISTRAS GROUP, INC.",20230630,1,25094000.0,,1614000.0,-9046000.0,337000.0,6.43,-36.05,1.34
1738177,CAMBIUM NETWORKS CORP,20230630,1,25074000.0,30300000.0,29242000.0,-2703000.0,-2642000.0,116.62,-10.78,-10.54
1365767,ALLOT LTD.,20230630,1,25047000.0,7707000.0,17340000.0,-21492000.0,-20732000.0,69.23,-85.81,-82.77
1743907,"SUN COUNTRY AIRLINES HOLDINGS, INC.",20230630,1,25017000.0,,,-1928000.0,20618000.0,,-7.71,82.42
1122904,"NETGEAR, INC.",20230630,1,24916000.0,119113000.0,54300000.0,-17778000.0,-8587000.0,217.93,-71.35,-34.46
1527541,"WHEELER REAL ESTATE INVESTMENT TRUST, INC.",20230630,1,24840000.0,,,6379000.0,-3970000.0,,25.68,-15.98
1643154,"IANTHUS CAPITAL HOLDINGS, INC.",20230630,1,24824000.0,20325000.0,3000.0,-5827000.0,-20149000.0,0.01,-23.47,-81.17
1160791,GOLD RESOURCE CORP,20230630,1,24807000.0,26976000.0,-2169000.0,-6457000.0,-4584000.0,-8.74,-26.03,-18.48
1501989,"CYTOMX THERAPEUTICS, INC.",20230630,1,24724000.0,,,-3348000.0,-1087000.0,,-13.54,-4.4
1397047,"FLEXSHOPPER, INC.",20230630,1,24532036.0,,,-2031323.0,-5297655.0,,-8.28,-21.59
1499717,"STAFFING 360 SOLUTIONS, INC.",20230630,1,24470000.0,41588000.0,2734000.0,-1034000.0,-2879000.0,11.17,-4.23,-11.77
1782430,"STRAWBERRY FIELDS REIT, INC.",20230630,1,24307000.0,,,12516000.0,698000.0,,51.49,2.87
1783875,4FRONT VENTURES CORP.,20230630,1,24260000.0,12449000.0,14726000.0,1111000.0,-11469000.0,60.7,4.58,-47.28
1026655,CORE MOLDING TECHNOLOGIES INC,20230630,1,24235000.0,77163000.0,20562000.0,10070000.0,7936000.0,84.84,41.55,32.75
1352010,"EPAM SYSTEMS, INC.",20230630,1,24219000.0,2900000.0,21319000.0,-2743000.0,120033000.0,88.03,-11.33,495.62
1863006,VALENS SEMICONDUCTOR LTD.,20230630,1,24175000.0,9241000.0,14934000.0,-5183000.0,,61.77,-21.44,
1005229,COLUMBUS MCKINNON CORP,20230630,1,23850000.0,148843000.0,86649000.0,21448000.0,9275000.0,363.31,89.93,38.89
1356576,"SUPERNUS PHARMACEUTICALS, INC.",20230630,1,23800000.0,21091000.0,2709000.0,-17587000.0,-831000.0,11.38,-73.89,-3.49
1625278,"NERDWALLET, INC.",20230630,1,23700000.0,13100000.0,10600000.0,-4200000.0,-10700000.0,44.73,-17.72,-45.15
1581552,"ENERGY 11, L.P.",20230630,1,23680592.0,7473339.0,16207253.0,7149209.0,7422510.0,68.44,30.19,31.34
884713,PRIMO WATER CORP /CN/,20230630,1,23600000.0,159800000.0,290800000.0,-15900000.0,21300000.0,1232.2,-67.37,90.25
34563,FARMER BROTHERS CO,20230630,4,23502000.0,225351000.0,114613000.0,-20959000.0,-79180000.0,487.67,-89.18,-336.91
1531177,"SIGHT SCIENCES, INC.",20230630,1,23471000.0,2444000.0,1136000.0,-15187000.0,-14754000.0,4.84,-64.71,-62.86
1288403,W&T OFFSHORE INC,20230630,1,23438000.0,,,71000.0,-12109000.0,,0.3,-51.66
1493594,"MACOM TECHNOLOGY SOLUTIONS HOLDINGS, INC.",20230630,1,23400000.0,62396000.0,86126000.0,17306000.0,11853000.0,368.06,73.96,50.65
784199,"ARTIVION, INC.",20230630,1,23248000.0,10190000.0,13058000.0,7675000.0,-3382000.0,56.17,33.01,-14.55
863110,ARTESIAN RESOURCES CORP,20230630,1,23026000.0,,,6013000.0,0.0,,26.11,0.0
1860543,"CADRE HOLDINGS, INC.",20230630,1,22941000.0,70340000.0,-352000.0,15888000.0,10992000.0,-1.53,69.26,47.91
1772720,SPRUCE POWER HOLDING CORP,20230630,1,22813000.0,8594000.0,14219000.0,-972000.0,3065000.0,62.33,-4.26,13.44
1454938,OUTBRAIN INC.,20230630,1,22425000.0,181779000.0,44021000.0,-7659000.0,11282000.0,196.3,-34.15,50.31
1874875,"HOUR LOOP, INC",20230630,1,22417448.0,11059899.0,11357549.0,-847212.0,,50.66,-3.78,
2009684,SEAPORT ENTERTAINMENT GROUP INC.,20230630,1,22080000.0,14834000.0,7246000.0,-16623000.0,-28146000.0,32.82,-75.29,-127.47
1351636,"SOUNDTHINKING, INC.",20230630,1,22075000.0,9413000.0,12662000.0,-2352000.0,-2697000.0,57.36,-10.65,-12.22
1165002,WESTWOOD HOLDINGS GROUP INC,20230630,1,21945000.0,,,3669000.0,2895000.0,,16.72,13.19
1549346,"SHUTTERSTOCK, INC.",20230630,1,21877000.0,84416000.0,-62539000.0,8715000.0,50013000.0,-285.87,39.84,228.61
1574085,BRAEMAR HOTELS & RESORTS INC.,20230630,1,21794000.0,,,17386000.0,-1846000.0,,79.77,-8.47
1162194,STANDARD BIOTOOLS INC.,20230630,1,21665000.0,2181000.0,13602000.0,-11035000.0,-17040000.0,62.78,-50.93,-78.65
807863,MITEK SYSTEMS INC,20230630,1,21447000.0,5284000.0,16163000.0,1792000.0,-428000.0,75.36,8.36,-2.0
1475115,"EVENTBRITE, INC.",20230630,1,21436000.0,24603000.0,54309000.0,-6682000.0,-2921000.0,253.35,-31.17,-13.63
1580808,"A10 NETWORKS, INC.",20230630,1,21426000.0,13463000.0,52354000.0,12266000.0,11626000.0,244.35,57.25,54.26
1615222,"MOODY NATIONAL REIT II, INC.",20230630,1,21164000.0,14671000.0,6493000.0,456000.0,,30.68,2.15,
1668243,UROGEN PHARMA LTD.,20230630,1,21139000.0,2443000.0,18696000.0,-15382000.0,-24136000.0,88.44,-72.77,-114.18
1760233,"RDE, INC.",20230630,1,21091657.0,18474119.0,2617538.0,-516243.0,,12.41,-2.45,
1828161,"FTC SOLAR, INC.",20230630,1,21074000.0,11006000.0,2201000.0,-10367000.0,-10414000.0,10.44,-49.19,-49.42
926326,"OMNICELL, INC.",20230630,1,20961000.0,56568000.0,134443000.0,7748000.0,3451000.0,641.4,36.96,16.46
1600641,"1STDIBS.COM, INC.",20230630,1,20921000.0,6327000.0,14594000.0,-10437000.0,-8320000.0,69.76,-49.89,-39.77
1061069,AVALON HOLDINGS CORP,20230630,1,20843000.0,1811000.0,19032000.0,348000.0,-152000.0,91.31,1.67,-0.73
7431,ARMSTRONG WORLD INDUSTRIES INC,20230630,1,20800000.0,201400000.0,70100000.0,12200000.0,60200000.0,337.02,58.65,289.42
921582,IMAX CORP,20230630,1,20600000.0,6582000.0,57887000.0,14226000.0,8351000.0,281.0,69.06,40.54
889348,CPI AEROSTRUCTURES INC,20230630,1,20547555.0,15943555.0,4604000.0,1797520.0,1157076.0,22.41,8.75,5.63
1892492,EIGHTCO HOLDINGS INC.,20230630,1,20547153.0,1193198.0,2529894.0,-2764096.0,-8853248.0,12.31,-13.45,-43.09
908315,WINMARK CORP,20230630,1,20362200.0,1247800.0,19114400.0,13250800.0,10368800.0,93.87,65.08,50.92
1771514,EXCHANGERIGHT INCOME FUND,20230630,1,20280000.0,,,6660000.0,-151000.0,,32.84,-0.74
278165,OMNIQ CORP.,20230630,1,20270000.0,16384000.0,3886000.0,-2506000.0,-3866000.0,19.17,-12.36,-19.07
1453593,"XTANT MEDICAL HOLDINGS, INC.",20230630,1,20232000.0,7773000.0,12459000.0,-1391000.0,-2190000.0,61.58,-6.88,-10.82
1770236,MOVING IMAGE TECHNOLOGIES INC.,20230630,4,20207000.0,14897000.0,5310000.0,-1975000.0,-1798000.0,26.28,-9.77,-8.9
1771706,VIREO GROWTH INC.,20230630,1,20196556.0,,9331296.0,-1042044.0,-7329255.0,46.2,-5.16,-36.29
1583648,"PIERIS PHARMACEUTICALS, INC.",20230630,1,20055000.0,,,2063000.0,0.0,,10.29,0.0
928340,CONSOLIDATED WATER CO. LTD.,20230630,1,19839950.0,16248141.0,2550760.0,2171860.0,7323771.0,12.86,10.95,36.91
1357874,PRECISION BIOSCIENCES INC,20230630,1,19789000.0,,,-3129000.0,-11891000.0,,-15.81,-60.09
1781755,"BALDWIN INSURANCE GROUP, INC.",20230630,1,19704000.0,,,-16531000.0,-23897000.0,,-83.9,-121.28
1349436,SANDRIDGE ENERGY INC,20230630,1,19584000.0,,,13807000.0,16637000.0,,70.5,84.95
1494650,"OPTINOSE, INC.",20230630,1,19454000.0,2571000.0,16883000.0,-4172000.0,2626000.0,86.78,-21.45,13.5
1779128,"BLADE AIR MOBILITY, INC.",20230630,1,19184000.0,50620000.0,-31436000.0,-12209000.0,-12232000.0,-163.87,-63.64,-63.76
1750106,ALSET INC.,20230630,1,19153848.0,11738493.0,7415355.0,5109496.0,-5807850.0,38.71,26.68,-30.32
899460,MANNKIND CORP,20230630,1,19055000.0,9013000.0,10042000.0,1721000.0,-5265000.0,52.7,9.03,-27.63
2186,BK TECHNOLOGIES,20230630,1,18996000.0,,,-784000.0,0.0,,-4.13,0.0
69488,MYERS INDUSTRIES INC,20230630,1,18989000.0,2600000.0,68410000.0,16142000.0,0.0,360.26,85.01,0.0
911147,CENTURY CASINOS INC /CO/,20230630,1,18834000.0,10587000.0,8247000.0,18629000.0,704000.0,43.79,98.91,3.74
1674356,"TERRA PROPERTY TRUST, INC.",20230630,1,18782455.0,,,-7037865.0,-19237065.0,,-37.47,-102.42
108985,YORK WATER CO,20230630,1,18767000.0,,,8516000.0,0.0,,45.38,0.0
1554859,"SEMLER SCIENTIFIC, INC.",20230630,1,18605000.0,1219000.0,17386000.0,7180000.0,5879000.0,93.45,38.59,31.6
1051627,AXT INC,20230630,1,18595000.0,16880000.0,2648000.0,-6845000.0,-5089000.0,14.24,-36.81,-27.37
1368757,"GTJ REIT, INC.",20230630,1,18579000.0,,,7366000.0,1163000.0,,39.65,6.26
1803901,"TALKSPACE, INC.",20230630,1,18539000.0,17833000.0,17812000.0,-6408000.0,-4704000.0,96.08,-34.56,-25.37
1855457,"KORE GROUP HOLDINGS, INC.",20230630,1,18513000.0,,,-9584000.0,-19499000.0,,-51.77,-105.33
1503658,LIQUIDVALUE DEVELOPMENT INC.,20230630,1,18190950.0,,,6733430.0,7010408.0,,37.02,38.54
1689375,"ENTRADA THERAPEUTICS, INC.",20230630,1,18170000.0,,,-16299000.0,-25928000.0,,-89.7,-142.7
1562151,"CRIMSON WINE GROUP, LTD",20230630,1,17718000.0,708000.0,8597000.0,532000.0,546000.0,48.52,3.0,3.08
65596,SIEBERT FINANCIAL CORP,20230630,1,17592000.0,,,4659000.0,,,26.48,
1235468,LIQUIDITY SERVICES INC,20230630,1,17270000.0,,,8255000.0,6487000.0,,47.8,37.56
1867066,JOURNEY MEDICAL CORP,20230630,1,17172000.0,7767000.0,9405000.0,-7653000.0,-8363000.0,54.77,-44.57,-48.7
1777921,"AVEPOINT, INC.",20230630,1,16999000.0,9130000.0,45073000.0,-7084000.0,,265.15,-41.67,
1730430,"KINIKSA PHARMACEUTICALS INTERNATIONAL, PLC",20230630,1,16978000.0,7699000.0,9279000.0,-3154000.0,14972000.0,54.65,-18.58,88.18
5981,AMERICAN VANGUARD CORP,20230630,1,16878000.0,89881000.0,42909000.0,3754000.0,-1053000.0,254.23,22.24,-6.24
1528287,NEUROPACE INC,20230630,1,16510000.0,4538000.0,11972000.0,-7854000.0,-9124000.0,72.51,-47.57,-55.26
71557,"NUVERA COMMUNICATIONS, INC.",20230630,1,16284687.0,,,1813145.0,349428.0,,11.13,2.15
1682220,SACHEM CAPITAL CORP.,20230630,1,16273000.0,,,5948000.0,5698000.0,,36.55,35.02
1325618,IRADIMED CORP,20230630,1,16130396.0,3943904.0,12186492.0,4963035.0,4179840.0,75.55,30.77,25.91
1272842,AIRGAIN INC,20230630,1,15830000.0,9551000.0,6279000.0,-2212000.0,-2205000.0,39.67,-13.97,-13.93
714256,SANARA MEDTECH INC.,20230630,1,15753164.0,2187516.0,13565648.0,-1866180.0,-1827733.0,86.11,-11.85,-11.6
1759774,"POSTAL REALTY TRUST, INC.",20230630,1,15457000.0,,,3623000.0,1012000.0,,23.44,6.55
1671927,IMMUNOCORE HOLDINGS PLC,20230630,1,15232000.0,346000.0,14886000.0,-13757000.0,-17014000.0,97.73,-90.32,-111.7
1776738,CANNABIST CO HOLDINGS INC.,20230630,1,15190000.0,,52122000.0,49000.0,,343.13,0.32,
1491419,"LIVEONE, INC.",20230630,1,15076000.0,19563000.0,-4487000.0,-255000.0,-515000.0,-29.76,-1.69,-3.42
1598981,SKYX PLATFORMS CORP.,20230630,1,14984055.0,10288643.0,4695412.0,-12251340.0,-12268215.0,31.34,-81.76,-81.88
1876945,GOLD FLORA CORP.,20230630,1,14957000.0,11017000.0,3940000.0,-9107000.0,-14062000.0,26.34,-60.89,-94.02
1419275,RYVYL INC.,20230630,1,14849000.0,8725000.0,6124000.0,-3858000.0,-12005000.0,41.24,-25.98,-80.85
1519472,"SOLARMAX TECHNOLOGY, INC.",20230630,1,14753462.0,12672907.0,2080555.0,-910669.0,-1858295.0,14.1,-6.17,-12.6
1178697,SONIM TECHNOLOGIES INC,20230630,1,14737000.0,22409000.0,4426000.0,747000.0,509000.0,30.03,5.07,3.45
1720116,"RED VIOLET, INC.",20230630,1,14680000.0,,,1233000.0,1388000.0,,8.4,9.46
1820144,GRINDR INC.,20230630,1,14537000.0,,,13930000.0,22331000.0,,95.82,153.61
31462,ECOLAB INC.,20230630,1,14500000.0,2800000.0,11700000.0,100000.0,329700000.0,80.69,0.69,2273.79
862651,"INVESTVIEW, INC.",20230630,1,14349082.0,,,1208969.0,597405.0,,8.43,4.16
796505,"CLEARFIELD, INC.",20230630,1,14186000.0,42210000.0,19074000.0,5625000.0,5218000.0,134.46,39.65,36.78
1124796,"NLIGHT, INC.",20230630,1,14128000.0,41196000.0,12108000.0,-11686000.0,-8823000.0,85.7,-82.72,-62.45
1337013,"INFUSYSTEM HOLDINGS, INC",20230630,1,14097000.0,15903000.0,3987000.0,1248000.0,435000.0,28.28,8.85,3.09
1368265,CLEAN ENERGY FUELS CORP.,20230630,1,13913000.0,55570000.0,-41657000.0,-13055000.0,-16301000.0,-299.41,-93.83,-117.16
1356115,NEXPOINT DIVERSIFIED REAL ESTATE TRUST,20230630,1,13880000.0,,,27000.0,-15022000.0,,0.19,-108.23
1448431,OPTIMIZERX CORP,20230630,1,13818000.0,5993000.0,7825000.0,-4849000.0,,56.63,-35.09,
1069533,RGC RESOURCES INC,20230630,1,13660245.0,5003371.0,8656874.0,22321.0,686816.0,63.37,0.16,5.03
1040161,"PIXELWORKS, INC",20230630,1,13605000.0,8121000.0,5484000.0,-6491000.0,-6037000.0,40.31,-47.71,-44.37
1743745,"GREENLANE HOLDINGS, INC.",20230630,1,13600000.0,4222000.0,1803000.0,-8028000.0,-9032000.0,13.26,-59.03,-66.41
719135,APYX MEDICAL CORP,20230630,1,13569000.0,4290000.0,9279000.0,-2177000.0,-994000.0,68.38,-16.04,-7.33
1020214,CERUS CORP,20230630,1,13533000.0,17515000.0,21338000.0,-11640000.0,-13275000.0,157.67,-86.01,-98.09
1157762,CHINA AUTOMOTIVE SYSTEMS INC,20230630,1,13194000.0,7311000.0,22718000.0,7789000.0,-1286000.0,172.18,59.03,-9.75
849145,HERITAGE GLOBAL INC.,20230630,1,13098000.0,1935000.0,11163000.0,-1073000.0,2779000.0,85.23,-8.19,21.22
1667011,"ARTERIS, INC.",20230630,1,12998000.0,1225000.0,13509000.0,-8683000.0,-9165000.0,103.93,-66.8,-70.51
1173204,CINEVERSE CORP.,20230630,1,12980000.0,,,-2717000.0,-3536000.0,,-20.93,-27.24
1837686,"VIMEO, INC.",20230630,1,12899000.0,22845000.0,78990000.0,4595000.0,5871000.0,612.37,35.62,45.52
1487952,"VISHAY PRECISION GROUP, INC.",20230630,1,12872000.0,52090000.0,14549000.0,4769000.0,8236000.0,113.03,37.05,63.98
706698,UTAH MEDICAL PRODUCTS INC,20230630,1,12866000.0,5127000.0,7739000.0,4425000.0,,60.15,34.39,
1826660,WETOUCH TECHNOLOGY INC.,20230630,1,12774432.0,6521015.0,6253417.0,6094766.0,4672983.0,48.95,47.71,36.58
898437,"ANIKA THERAPEUTICS, INC.",20230630,1,12660000.0,15330000.0,28972000.0,-3631000.0,0.0,228.85,-28.68,0.0
1047335,NATIONAL HEALTHCARE CORP,20230630,1,12651000.0,,,12485000.0,15177000.0,,98.69,119.97
1409375,"ORION ENERGY SYSTEMS, INC.",20230630,1,12621000.0,4383000.0,3171000.0,-766000.0,-6637000.0,25.12,-6.07,-52.59
1391135,LFTD PARTNERS INC.,20230630,1,12522542.0,6886185.0,5636357.0,2372674.0,1659461.0,45.01,18.95,13.25
1224133,MARCHEX INC,20230630,1,12522000.0,5418000.0,7104000.0,-2699000.0,-2744000.0,56.73,-21.55,-21.91
1034760,WIDEPOINT CORP,20230630,1,12521802.0,22853220.0,3909637.0,-726732.0,-842073.0,31.22,-5.8,-6.72
1877939,"CASTELLUM, INC.",20230630,1,12475802.0,7263984.0,5211818.0,-1893891.0,-2098446.0,41.78,-15.18,-16.82
1474167,COSMOS HEALTH INC.,20230630,1,12363429.0,11416595.0,946834.0,-2576465.0,0.0,7.66,-20.84,0.0
1456189,LEATT CORP,20230630,1,12350224.0,7007442.0,5342782.0,1313558.0,776139.0,43.26,10.64,6.28
733590,TRANSCONTINENTAL REALTY INVESTORS INC,20230630,1,12239000.0,,,4358000.0,530000.0,,35.61,4.33
1102238,AMERICAN REALTY INVESTORS INC,20230630,1,12239000.0,,,-3859000.0,125000.0,,-31.53,1.02
1320350,"LENSAR, INC.",20230630,1,12012000.0,5251000.0,6761000.0,-2867000.0,-8753000.0,56.29,-23.87,-72.87
1645873,"MODIV INDUSTRIAL, INC.",20230630,1,11902556.0,,,232025.0,3980310.0,,1.95,33.44
1816708,"OWLET, INC.",20230630,1,11834000.0,7855000.0,5233000.0,-6714000.0,-8467000.0,44.22,-56.73,-71.55
1332174,ISHARES S&P GSCI COMMODITY-INDEXED TRUST,20230630,1,11771724.0,,,9640397.0,-32544171.0,,81.89,-276.46
353184,AIR T INC,20230630,1,11698000.0,10338000.0,1360000.0,658000.0,683000.0,11.63,5.62,5.84
851310,HARMONIC INC,20230630,1,11533000.0,13586000.0,84940000.0,9962000.0,1555000.0,736.5,86.38,13.48
1036044,"IDENTIV, INC.",20230630,1,11476000.0,9844000.0,1632000.0,-3327000.0,-1144000.0,14.22,-28.99,-9.97
14846,BRT APARTMENTS CORP.,20230630,1,11476000.0,,,-4134000.0,11202000.0,,-36.02,97.61
701719,ENVELA CORP,20230630,1,11454443.0,40333830.0,6667405.0,2063319.0,1603709.0,58.21,18.01,14.0
1814287,"ABACUS LIFE, INC.",20230630,1,11378765.0,3392647.0,0.0,-313428.0,6750145.0,0.0,-2.75,59.32
1854964,"NEWLAKE CAPITAL PARTNERS, INC.",20230630,1,11376000.0,,,5787000.0,5797000.0,,50.87,50.96
1714562,"GAMESQUARE HOLDINGS, INC.",20230630,1,11361904.0,6177747.0,602768.0,-5449487.0,-4084023.0,5.31,-47.96,-35.94
1786117,"ALPINE INCOME PROPERTY TRUST, INC.",20230630,1,11348000.0,,,2437000.0,80000.0,,21.48,0.7
1725872,"BM TECHNOLOGIES, INC.",20230630,1,11297000.0,,,-5041000.0,-4456000.0,,-44.62,-39.44
1556898,"TECHPOINT, INC.",20230630,1,11233000.0,7071000.0,8227000.0,4133000.0,4050000.0,73.24,36.79,36.05
104918,AVISTA CORP,20230630,1,11194000.0,,,0.0,17484000.0,,0.0,156.19
891532,PERMA FIX ENVIRONMENTAL SERVICES INC,20230630,1,11161000.0,20516000.0,2025000.0,844000.0,,18.14,7.56,
709283,QUANTUM CORP /DE/,20230630,1,11106000.0,56854000.0,35641000.0,-5139000.0,-9142000.0,320.92,-46.27,-82.32
1054102,"INTERPACE BIOSCIENCES, INC.",20230630,1,11026000.0,4191000.0,6835000.0,832000.0,175000.0,61.99,7.55,1.59
1282224,"DOLPHIN ENTERTAINMENT, INC.",20230630,1,11024935.0,217245.0,10807690.0,-7450739.0,-7959244.0,98.03,-67.58,-72.19
764897,"BROAD STREET REALTY, INC.",20230630,1,10973000.0,,,8660000.0,,,78.92,
1018164,WILLIS LEASE FINANCE CORP,20230630,1,10972000.0,,,466000.0,-415000.0,,4.25,-3.78
1049606,COMPX INTERNATIONAL INC,20230630,1,10944000.0,26343000.0,10273000.0,1943000.0,4072000.0,93.87,17.75,37.21
72162,NL INDUSTRIES INC,20230630,1,10944000.0,399100000.0,10273000.0,-6700000.0,-8200000.0,93.87,-61.22,-74.93
1138723,ACCURAY INC,20230630,4,10919000.0,293645000.0,153960000.0,2382000.0,-9280000.0,1410.02,21.82,-84.99
1111741,DYNARESOURCE INC,20230630,1,10912169.0,,,-2025184.0,-592441.0,,-18.56,-5.43
1728688,"I3 VERTICALS, INC.",20230630,1,10895000.0,,,-4577000.0,-5155000.0,,-42.01,-47.32
1425450,ORTHOPEDIATRICS CORP,20230630,1,10893000.0,9534000.0,30025000.0,-5586000.0,-2886000.0,275.64,-51.28,-26.49
1494582,BOSTON OMAHA CORP,20230630,1,10835524.0,2282175.0,8553349.0,1580787.0,1541612.0,78.94,14.59,14.23
1769804,"AUGMEDIX, INC.",20230630,1,10780000.0,5715000.0,5065000.0,-4934000.0,-5033000.0,46.99,-45.77,-46.69
1750155,"CHARLOTTE'S WEB HOLDINGS, INC.",20230630,1,10734000.0,7088000.0,8918000.0,-10709000.0,2844000.0,83.08,-99.77,26.5
1696088,"ENERGY RESOURCES 12, L.P.",20230630,1,10539835.0,4779856.0,5759979.0,322595.0,444171.0,54.65,3.06,4.21
822370,"EMMAUS LIFE SCIENCES, INC.",20230630,1,10477000.0,508000.0,10251000.0,3326000.0,-1558000.0,97.84,31.75,-14.87
71829,NEWPARK RESOURCES INC,20230630,1,10399000.0,150170000.0,-139771000.0,5878000.0,1702000.0,-1344.08,56.52,16.37
1631487,COLLPLANT BIOTECHNOLOGIES LTD,20230630,1,10184000.0,615000.0,9569000.0,5677000.0,,93.96,55.74,
1844392,"MARPAI, INC.",20230630,1,10047000.0,,,-7270000.0,-7556000.0,,-72.36,-75.21
1766368,"MAYVILLE ENGINEERING COMPANY, INC.",20230630,1,10033000.0,122885000.0,-112852000.0,4273000.0,1614000.0,-1124.81,42.59,16.09
1140215,"REED'S, INC.",20230630,1,10005000.0,7496000.0,2509000.0,-1747000.0,,25.08,-17.46,
1847986,DRAGONFLY ENERGY HOLDINGS CORP.,20230630,1,9972000.0,15176000.0,-174000.0,-174000.0,-11899000.0,-1.74,-1.74,-119.32
90896,"CHAMPION HOMES, INC.",20230630,1,9864000.0,335096000.0,129673000.0,4764000.0,51269000.0,1314.61,48.3,519.76
1550695,PERFORMANT FINANCIAL CORP,20230630,1,9798000.0,,,-3601000.0,-3973000.0,,-36.75,-40.55
933738,ENGLOBAL CORP,20230630,1,9738000.0,,-382000.0,-4304000.0,-4339000.0,-3.92,-44.2,-44.56
1853070,"VOLATO GROUP, INC.",20230630,1,9717000.0,16164000.0,-6447000.0,-9281000.0,-9862000.0,-66.35,-95.51,-101.49
887396,EMPIRE PETROLEUM CORP,20230630,1,9710182.0,,,-2301506.0,-2464909.0,,-23.7,-25.38
1276531,"SCIENTIFIC ENERGY, INC",20230630,1,9673182.0,5401381.0,4271801.0,322321.0,311714.0,44.16,3.33,3.22
843006,ISSUER DIRECT CORP,20230630,1,9651000.0,2336000.0,7315000.0,1747000.0,0.0,75.8,18.1,0.0
1085243,"VIRTRA, INC",20230630,1,9537516.0,4416202.0,5920701.0,1928603.0,1026635.0,62.08,20.22,10.76
1323885,"ATRICURE, INC.",20230630,1,9457000.0,23841000.0,77077000.0,-4144000.0,-5118000.0,815.03,-43.82,-54.12
1589149,"GREENWAVE TECHNOLOGY SOLUTIONS, INC.",20230630,1,9416274.0,6117420.0,3298854.0,-2090277.0,,35.03,-22.2,
1402945,PROGRESSIVE CARE INC.,20230630,1,9399000.0,0.0,3559000.0,532000.0,532000.0,37.87,5.66,5.66
1692427,"NCS MULTISTAGE HOLDINGS, INC.",20230630,1,9382000.0,,,-7130000.0,-32231000.0,,-76.0,-343.54
1914496,"SCULPTOR DIVERSIFIED REAL ESTATE INCOME TRUST, INC.",20230630,1,9299000.0,96000.0,9203000.0,2569000.0,-1109000.0,98.97,27.63,-11.93
1743725,"GRID DYNAMICS HOLDINGS, INC.",20230630,1,9133000.0,49037000.0,28305000.0,1334000.0,2627000.0,309.92,14.61,28.76
1746466,"EQUILLIUM, INC.",20230630,1,9124000.0,,,-3591000.0,-3343000.0,,-39.36,-36.64
1394319,"TRACON PHARMACEUTICALS, INC.",20230630,1,9000000.0,,,-779000.0,-6286000.0,,-8.66,-69.84
1719714,MEREO BIOPHARMA GROUP PLC,20230630,1,9000000.0,,,-811000.0,-1751000.0,,-9.01,-19.46
1140102,"HIREQUEST, INC.",20230630,1,8990000.0,,,2665000.0,2008000.0,,29.64,22.34
1096056,LUXFER HOLDINGS PLC,20230630,1,8900000.0,86200000.0,24200000.0,7900000.0,4700000.0,271.91,88.76,52.81
707388,"STAR EQUITY HOLDINGS, INC.",20230630,1,8893000.0,61000.0,-158000.0,199000.0,25591000.0,-1.78,2.24,287.77
1785592,"LEAFLY HOLDINGS, INC. /DE",20230630,1,8840000.0,50000.0,1625000.0,-751000.0,-1436000.0,18.38,-8.5,-16.24
724910,NVE CORP /NEW/,20230630,1,8831414.0,2079623.0,6751791.0,5368244.0,4403730.0,76.45,60.79,49.86
1437226,"MASTECH DIGITAL, INC.",20230630,1,8773000.0,38560000.0,13644000.0,965000.0,-2173000.0,155.52,11.0,-24.77
90168,SIFCO INDUSTRIES INC,20230630,1,8726000.0,18375000.0,3478000.0,30000.0,-634000.0,39.86,0.34,-7.27
38264,"FORWARD INDUSTRIES, INC.",20230630,1,8707177.0,6517386.0,2189791.0,149000.0,,25.15,1.71,
1386301,"RESEARCH SOLUTIONS, INC.",20230630,4,8683246.0,1027286.0,14700891.0,238608.0,571623.0,169.3,2.75,6.58
1141197,PEDEVCO CORP,20230630,1,8548000.0,,,1488000.0,1574000.0,,17.41,18.41
1089872,"GAIA, INC",20230630,1,8547000.0,2839000.0,17000000.0,-1605000.0,45000.0,198.9,-18.78,0.53
1604868,GROWGENERATION CORP.,20230630,1,8374000.0,,3800000.0,-6305000.0,-5699000.0,45.38,-75.29,-68.06
1886894,"SNAIL, INC.",20230630,1,8369760.0,9335765.0,556488.0,-4867990.0,-4079431.0,6.65,-58.16,-48.74
1342958,"DIGITAL ALLY, INC.",20230630,1,8279632.0,3323077.0,2737040.0,-3398832.0,,33.06,-41.05,
1374567,"LUVU BRANDS, INC.",20230630,4,8255000.0,22027000.0,4916000.0,1544000.0,0.0,59.55,18.7,0.0
761648,"CEDAR REALTY TRUST, INC.",20230630,1,8253000.0,,,884000.0,-1067000.0,,10.71,-12.93
1410428,"XWELL, INC.",20230630,1,8175000.0,6985000.0,1190000.0,-360000.0,-5730000.0,14.56,-4.4,-70.09
354963,SHENANDOAH TELECOMMUNICATIONS CO/VA/,20230630,1,8164000.0,,,-118000.0,1790000.0,,-1.45,21.93
1443611,SINGLEPOINT INC.,20230630,1,8149480.0,5449120.0,2700360.0,-525997.0,-1339901.0,33.14,-6.45,-16.44
1698538,"STRATEGIC STUDENT & SENIOR HOUSING TRUST, INC.",20230630,1,8055116.0,,,-305582.0,,,-3.79,
1865107,A.K.A. BRANDS HOLDING CORP.,20230630,1,8024000.0,58672000.0,77356000.0,-1121000.0,,964.06,-13.97,
884614,UGI CORP /PA/,20230630,1,8000000.0,,,-8000000.0,-789000000.0,,-100.0,-9862.5
1068148,PARK OHIO INDUSTRIES INC/OH,20230630,1,8000000.0,358000000.0,-350000000.0,3200000.0,5600000.0,-4375.0,40.0,70.0
1371489,INFORMATION SERVICES GROUP INC.,20230630,1,7982000.0,45847000.0,-37865000.0,4863000.0,2333000.0,-474.38,60.92,29.23
1053369,ELITE PHARMACEUTICALS INC /NV/,20230630,1,7909237.0,4229521.0,4750555.0,3607010.0,,60.06,45.61,
1975940,"FLY-E GROUP, INC.",20230630,1,7842346.0,5119631.0,2722715.0,767544.0,,34.72,9.79,
1362190,AUDIOEYE INC,20230630,1,7836000.0,1787000.0,6049000.0,-2028000.0,-1973000.0,77.19,-25.88,-25.18
1040130,PETMED EXPRESS INC,20230630,1,7820000.0,55718000.0,22526000.0,-2128000.0,-1136000.0,288.06,-27.21,-14.53
1733443,"CHOSEN, INC.",20230630,1,7749000.0,4128000.0,3621000.0,6240000.0,6281000.0,46.73,80.53,81.06
1377630,"NATIONAL CINEMEDIA, INC.",20230630,1,7700000.0,500000.0,7200000.0,-4900000.0,545300000.0,93.51,-63.64,7081.82
1866816,"SYNTEC OPTICS HOLDINGS, INC.",20230630,1,7692296.0,5315662.0,2376634.0,767364.0,567765.0,30.9,9.98,7.38
1661458,"HIGHLANDS REIT, INC.",20230630,1,7682000.0,,,-1325000.0,-2129000.0,,-17.25,-27.71
106532,WEYCO GROUP INC,20230630,1,7627000.0,38007000.0,29007000.0,276000.0,,380.32,3.62,
13156,"GALAXY GAMING, INC.",20230630,1,7525336.0,499590.0,7025746.0,2451633.0,356769.0,93.36,32.58,4.74
1133062,JANEL CORP,20230630,1,7502000.0,,1180000.0,614000.0,0.0,15.73,8.18,0.0
1879403,LA ROSA HOLDINGS CORP.,20230630,1,7486720.0,6819485.0,102727.0,-290121.0,-403494.0,1.37,-3.88,-5.39
884144,ASURE SOFTWARE INC,20230630,1,7460000.0,8402000.0,22018000.0,-1452000.0,-3765000.0,295.15,-19.46,-50.47
814676,CPS TECHNOLOGIES CORP/DE/,20230630,1,7418138.0,5221879.0,2196259.0,730910.0,0.0,29.61,9.85,0.0
1842556,HNR ACQUISITION CORP.,20230630,1,7284959.0,,,3145613.0,2676760.0,,43.18,36.74
1831840,"SEMRUSH HOLDINGS, INC.",20230630,1,7278000.0,12972000.0,61721000.0,-2329000.0,-279000.0,848.05,-32.0,-3.83
1801602,"SPRINGBIG HOLDINGS, INC.",20230630,1,7214000.0,1511000.0,5703000.0,-1773000.0,,79.05,-24.58,
1397016,OPTEX SYSTEMS HOLDINGS INC,20230630,1,7172000.0,5460000.0,1712000.0,752000.0,576000.0,23.87,10.49,8.03
1310383,"SUMMIT HEALTHCARE REIT, INC",20230630,1,7160000.0,,,2457000.0,-1681000.0,,34.32,-23.48
1088034,"USIO, INC.",20230630,1,7115884.0,16250988.0,5185584.0,230694.0,205041.0,72.87,3.24,2.88
1083490,SUNRISE REAL ESTATE GROUP INC,20230630,1,7042904.0,0.0,0.0,0.0,341995.0,0.0,0.0,4.86
1309082,"CAMBER ENERGY, INC.",20230630,1,7032324.0,4816339.0,2215985.0,-1689553.0,-1276012.0,31.51,-24.03,-18.14
1838128,LOWELL FARMS INC.,20230630,1,7032000.0,7373000.0,-341000.0,-2698000.0,0.0,-4.85,-38.37,0.0
1934064,"PROSOMNUS, INC.",20230630,1,6934000.0,3171000.0,3763000.0,-5736000.0,905000.0,54.27,-82.72,13.05
1852973,BOREALIS FOODS INC.,20230630,1,6826725.0,7486155.0,-1039071.0,-6448137.0,-8301995.0,-15.22,-94.45,-121.61
1959455,HIMALAYA SHIPPING LTD.,20230630,1,6732000.0,1784000.0,4948000.0,1557000.0,-1115000.0,73.5,23.13,-16.56
867840,"PRECISION OPTICS CORPORATION, INC.",20230630,4,6728867.0,13310331.0,7734136.0,-638548.0,,114.94,-9.49,
102109,UNIVERSAL SECURITY INSTRUMENTS INC,20230630,1,6698771.0,4990571.0,1708200.0,220298.0,165130.0,25.5,3.29,2.47
724742,TRINITY PLACE HOLDINGS INC.,20230630,1,6673000.0,,,-2739000.0,-10920000.0,,-41.05,-163.64
1710340,"ETON PHARMACEUTICALS, INC.",20230630,1,6497000.0,2315000.0,9682000.0,3883000.0,0.0,149.02,59.77,0.0
1796514,BTC DIGITAL LTD.,20230630,1,6377000.0,6144000.0,233000.0,-99000.0,,3.65,-1.55,
1803977,LIMITLESS X HOLDINGS INC.,20230630,1,6283490.0,1842957.0,6945773.0,-2765442.0,-2995575.0,110.54,-44.01,-47.67
1817004,EZFILL HOLDINGS INC,20230630,1,6130661.0,5646291.0,484370.0,-2162264.0,,7.9,-35.27,
1360565,"WHERE FOOD COMES FROM, INC.",20230630,1,6126000.0,,2506000.0,707000.0,,40.91,11.54,
1644903,"CBDMD, INC.",20230630,1,6119380.0,2273839.0,3845541.0,-1823653.0,0.0,62.84,-29.8,0.0
1883984,"ALTERNUS CLEAN ENERGY, INC.",20230630,1,6015000.0,,,-1048000.0,-1049000.0,,-17.42,-17.44
1691936,"STRYVE FOODS, INC.",20230630,1,5996541.0,4945856.0,1050685.0,-3375704.0,-4308817.0,17.52,-56.29,-71.86
1419951,DATA STORAGE CORP,20230630,1,5904391.0,3168984.0,0.0,106744.0,226823.0,0.0,1.81,3.84
716314,GRAHAM CORP,20230630,1,5902000.0,36592000.0,10977000.0,3684000.0,2640000.0,185.99,62.42,44.73
1286613,LINCOLN EDUCATIONAL SERVICES CORP,20230630,1,5895000.0,40030000.0,-34135000.0,4169000.0,17250000.0,-579.05,70.72,292.62
1435064,CEMTREX INC,20230630,1,5714861.0,,2075807.0,53774.0,,36.32,0.94,
1145255,HENNESSY ADVISORS INC,20230630,1,5701000.0,,,1382000.0,1116000.0,,24.24,19.58
704440,"KORU MEDICAL SYSTEMS, INC.",20230630,1,5686427.0,3047807.0,3888124.0,-3224576.0,,68.38,-56.71,
1434728,"GLOBAL WATER RESOURCES, INC.",20230630,1,5562000.0,,,3010000.0,1739000.0,,54.12,31.27
1402328,"SUNSHINE BIOPHARMA, INC",20230630,1,5560865.0,3608118.0,1952747.0,-1013888.0,-902108.0,35.12,-18.23,-16.22
1824403,"RESERVOIR MEDIA, INC.",20230630,1,5524763.0,13471597.0,-7946834.0,1763796.0,277333.0,-143.84,31.93,5.02
838875,WILLAMETTE VALLEY VINEYARDS INC,20230630,1,5517998.0,,3930164.0,308839.0,,71.22,5.6,
1109116,ENTRAVISION COMMUNICATIONS CORP,20230630,1,5480000.0,19649000.0,-14169000.0,-3964000.0,,-258.56,-72.34,
1051514,"STRATA SKIN SCIENCES, INC.",20230630,1,5456000.0,2205000.0,3251000.0,416000.0,0.0,59.59,7.62,0.0
34285,RELIABILITY INC,20230630,1,5452000.0,4712000.0,740000.0,-171000.0,-240000.0,13.57,-3.14,-4.4
1471727,BETTER CHOICE CO INC.,20230630,1,5436000.0,6948000.0,3588000.0,-2585000.0,,66.0,-47.55,
1622345,"POLAR POWER, INC.",20230630,1,5408000.0,4112000.0,1475000.0,-310000.0,,27.27,-5.73,
868278,"PROPHASE LABS, INC.",20230630,1,5383000.0,2977000.0,6448000.0,-4658000.0,-3440000.0,119.78,-86.53,-63.9
1756180,"NOCERA, INC.",20230630,1,5327181.0,5289946.0,37235.0,-331432.0,-311374.0,0.7,-6.22,-5.85
1755953,"GRYPHON DIGITAL MINING, INC.",20230630,1,5283000.0,2823000.0,2460000.0,-2684000.0,-2623000.0,46.56,-50.8,-49.65
1857086,"TRUGOLF HOLDINGS, INC.",20230630,1,5273766.0,1855970.0,3417796.0,410576.0,157.0,64.81,7.79,0.0
1951667,CHEETAH NET SUPPLY CHAIN SERVICE INC.,20230630,1,5257545.0,10970657.0,1252369.0,545629.0,155745.0,23.82,10.38,2.96
779544,ARK RESTAURANTS CORP,20230630,1,5256000.0,6151000.0,-895000.0,3637000.0,3195000.0,-17.03,69.2,60.79
1553788,"SPLASH BEVERAGE GROUP, INC.",20230630,1,5194951.0,3417868.0,1777083.0,-4221349.0,,34.21,-81.26,
1023994,SAFE & GREEN HOLDINGS CORP.,20230630,1,5097055.0,5063425.0,33630.0,-496463.0,,0.66,-9.74,
1477009,TREES CORP (COLORADO),20230630,1,5079564.0,3230777.0,1848787.0,-1470733.0,,36.4,-28.95,
1445283,"KINETA, INC./DE",20230630,1,5000000.0,,,-980000.0,386000.0,,-19.6,7.72
1846510,SOHO HOUSE & CO INC.,20230630,1,5000000.0,,,4865000.0,-2644000.0,,97.3,-52.88
1011509,GOLDEN MINERALS CO,20230630,1,4973000.0,3859000.0,1114000.0,-1113000.0,-1488000.0,22.4,-22.38,-29.92
1591956,SPHERE 3D CORP.,20230630,1,4966000.0,4074000.0,892000.0,-4696000.0,-4827000.0,17.96,-94.56,-97.2
1335112,"LOGIQ, INC.",20230630,1,4860561.0,4330655.0,529906.0,-3519310.0,-3565215.0,10.9,-72.41,-73.35
1864943,FGI INDUSTRIES LTD.,20230630,1,4813239.0,21179511.0,8010402.0,16435.0,88481.0,166.42,0.34,1.84
1579214,"EMERALD HOLDING, INC.",20230630,1,4800000.0,,,-1000000.0,,,-20.83,
1787518,NUKKLEUS INC.,20230630,1,4800000.0,5370074.0,-283018.0,-1212801.0,,-5.9,-25.27,
1001115,GEOSPACE TECHNOLOGIES CORP,20230630,1,4793000.0,4214000.0,13979000.0,3146000.0,3228000.0,291.65,65.64,67.35
356037,CSP INC /MA/,20230630,1,4774000.0,1821000.0,5927000.0,-850000.0,2514000.0,124.15,-17.8,52.66
1830029,GRIID INFRASTRUCTURE INC.,20230630,1,4754000.0,,,-3412000.0,-10813000.0,,-71.77,-227.45
827876,"CLEANSPARK, INC.",20230630,1,4754000.0,20681000.0,-15927000.0,-3412000.0,0.0,-335.02,-71.77,0.0
315958,CREDITRISKMONITOR COM INC,20230630,1,4682499.0,,,400994.0,451351.0,,8.56,9.64
1412502,STERLING REAL ESTATE TRUST,20230630,1,4633000.0,,,2439000.0,1771000.0,,52.64,38.23
845819,"KONATEL, INC.",20230630,1,4601426.0,3827374.0,360674.0,-1000298.0,0.0,7.84,-21.74,0.0
1417663,"SANUWAVE HEALTH, INC.",20230630,1,4573000.0,1202000.0,3473000.0,931000.0,-7262000.0,75.95,20.36,-158.8
1923780,NORTHANN CORP.,20230630,1,4541690.0,3638926.0,902764.0,161516.0,-697087.0,19.88,3.56,-15.35
1852575,"STRATEGIC STORAGE TRUST VI, INC.",20230630,1,4534155.0,,,-4204456.0,,,-92.73,
1868640,ROADZEN INC.,20230630,1,4532717.0,2297809.0,2234908.0,-3889061.0,-4039244.0,49.31,-85.8,-89.11
1526113,"GLOBAL NET LEASE, INC.",20230630,1,4522000.0,,,0.0,,,0.0,
1776661,ADVANTAGE SOLUTIONS INC.,20230630,1,4500000.0,,,1526000.0,-8762000.0,,33.91,-194.71
722313,NORTECH SYSTEMS INC,20230630,1,4499000.0,29547000.0,5474000.0,1099000.0,634000.0,121.67,24.43,14.09
1013706,"WILHELMINA INTERNATIONAL, INC.",20230630,1,4493000.0,,,149000.0,-14000.0,,3.32,-0.31
1939365,"INSPIRE VETERINARY PARTNERS, INC.",20230630,1,4489426.0,,,-932965.0,,,-20.78,
1833498,"SPECTRAL AI, INC.",20230630,1,4251000.0,2460000.0,1791000.0,-2991000.0,,42.13,-70.36,
1069394,FLEXIBLE SOLUTIONS INTERNATIONAL INC,20230630,1,4172657.0,7292438.0,3038853.0,1051217.0,809865.0,72.83,25.19,19.41
1236275,"QXO, INC.",20230630,1,4168000.0,8072000.0,-3904000.0,456000.0,344000.0,-93.67,10.94,8.25
1108645,CORRELATE ENERGY CORP.,20230630,1,4158122.0,3083314.0,1074808.0,-385554.0,-1569337.0,25.85,-9.27,-37.74
1087294,CUMBERLAND PHARMACEUTICALS INC,20230630,1,4110718.0,1520774.0,2589944.0,22859.0,872200.0,63.0,0.56,21.22
1017655,PAID INC,20230630,1,4106187.0,3185733.0,944648.0,-54977.0,0.0,23.01,-1.34,0.0
1518461,"AMPLITECH GROUP, INC.",20230630,1,4073231.0,2152022.0,1921209.0,-508110.0,,47.17,-12.47,
1718224,"BT BRANDS, INC.",20230630,1,3999965.0,,,-79548.0,-233734.0,,-1.99,-5.84
924719,SMITH MIDLAND CORP,20230630,1,3996000.0,12912000.0,1786000.0,-981000.0,0.0,44.69,-24.55,0.0
1821534,"EXODUS MOVEMENT, INC.",20230630,1,3895000.0,7135000.0,5270000.0,1456000.0,1869000.0,135.3,37.38,47.98
1809750,EDIBLE GARDEN AG INC,20230630,1,3887000.0,3668000.0,553000.0,-1827000.0,0.0,14.23,-47.0,0.0
1922858,"ECD AUTOMOTIVE DESIGN, INC.",20230630,1,3867903.0,2639201.0,1228702.0,-18611.0,,31.77,-0.48,
1083522,JONES SODA CO,20230630,1,3814000.0,3247000.0,1559000.0,-1029000.0,-1024000.0,40.88,-26.98,-26.85
1029142,DYNAVAX TECHNOLOGIES CORP,20230630,1,3809000.0,,,-3405000.0,3431000.0,,-89.39,90.08
709005,NOBLE ROMANS INC,20230630,1,3795540.0,,,704360.0,325575.0,,18.56,8.58
1700849,VADO CORP.,20230630,1,3780310.0,2717619.0,1062691.0,-2134285.0,-2384537.0,28.11,-56.46,-63.08
1377149,CAREVIEW COMMUNICATIONS INC,20230630,1,3710109.0,,,819687.0,-44807.0,,22.09,-1.21
1413898,DALLASNEWS CORP,20230630,1,3674000.0,,,-1220000.0,-868000.0,,-33.21,-23.63
1648087,AMERICAN REBEL HOLDINGS INC,20230630,1,3670571.0,2982688.0,687883.0,-1550839.0,,18.74,-42.25,
1043961,"PRECIPIO, INC.",20230630,1,3645000.0,282000.0,1371000.0,-2292000.0,,37.61,-62.88,
1883835,ESG INC.,20230630,1,3632544.0,2929277.0,703267.0,205450.0,56553.0,19.36,5.66,1.56
1978133,YERBAE BRANDS CORP.,20230630,1,3618117.0,1793440.0,1824677.0,-3511168.0,,50.43,-97.04,
1196298,NEPHROS INC,20230630,1,3537000.0,1466000.0,2079000.0,-435000.0,,58.78,-12.3,
1893448,"STRONG GLOBAL ENTERTAINMENT, INC.",20230630,1,3537000.0,3542000.0,961000.0,-1572000.0,-841000.0,27.17,-44.44,-23.78
1110607,"KOIL ENERGY SOLUTIONS, INC.",20230630,1,3508000.0,2360000.0,1148000.0,-421000.0,-433000.0,32.73,-12.0,-12.34
811222,CARDIFF LEXINGTON CORP,20230630,1,3482810.0,1081689.0,-97007.0,43269.0,816078.0,-2.79,1.24,23.43
1748137,NEOVOLTA INC.,20230630,4,3455813.0,2767818.0,687995.0,-2635699.0,-2639833.0,19.91,-76.27,-76.39
1367083,"SONOMA PHARMACEUTICALS, INC.",20230630,1,3427000.0,2223000.0,1204000.0,-1240000.0,,35.13,-36.18,
1094032,QDM INTERNATIONAL INC.,20230630,1,3273287.0,2046081.0,1227206.0,1072562.0,,37.49,32.77,
844059,"FRP HOLDINGS, INC.",20230630,1,3264000.0,,,2767000.0,598000.0,,84.77,18.32
1030192,"IDAHO STRATEGIC RESOURCES, INC.",20230630,1,3236515.0,2442932.0,793583.0,289987.0,0.0,24.52,8.96,0.0
1812727,"RELIANCE GLOBAL GROUP, INC.",20230630,1,3195905.0,,,-1838186.0,-1055287.0,,-57.52,-33.02
1017303,TRANSACT TECHNOLOGIES INC,20230630,1,3181000.0,9048000.0,10858000.0,1224000.0,765000.0,341.34,38.48,24.05
1559157,"SUNSTOCK, INC.",20230630,1,3158247.0,3124057.0,34190.0,5728.0,,1.08,0.18,
1756262,"TRANSMEDICS GROUP, INC.",20230630,1,3108000.0,15724000.0,36741000.0,-906000.0,-1001000.0,1182.14,-29.15,-32.21
1031235,"GLOBAL SELF STORAGE, INC.",20230630,1,3086018.0,,,777880.0,578070.0,,25.21,18.73
891482,FULL HOUSE RESORTS INC,20230630,1,3002000.0,1228000.0,1774000.0,594000.0,-5600000.0,59.09,19.79,-186.54
1355839,"PALTALK, INC.",20230630,1,2956002.0,774028.0,2181974.0,-277698.0,135629.0,73.82,-9.39,4.59
1644488,SHARING SERVICES GLOBAL CORP,20230630,1,2878121.0,845829.0,2032292.0,-1676270.0,,70.61,-58.24,
1442236,QUEST RESOURCE HOLDING CORP,20230630,1,2854519.0,60992466.0,13504829.0,1840301.0,-886581.0,473.1,64.47,-31.06
1938338,GLOBALTECH CORP,20230630,1,2817665.0,,,-2061620.0,479107.0,,-73.17,17.0
1679268,"MAMMOTH ENERGY SERVICES, INC.",20230630,1,2810000.0,,,1172000.0,-4470000.0,,41.71,-159.07
1130464,BLACK HILLS CORP /SD/,20230630,1,2800000.0,,,-800000.0,23100000.0,,-28.57,825.0
314227,"TOMI ENVIRONMENTAL SOLUTIONS, INC.",20230630,1,2774699.0,1074420.0,1700279.0,-88940.0,-88591.0,61.28,-3.21,-3.19
1630113,BIOTRICITY INC.,20230630,1,2768918.0,1104061.0,1916704.0,-2316486.0,-3412882.0,69.22,-83.66,-123.26
724004,MESA LABORATORIES INC /CO/,20230630,1,2691000.0,19462000.0,6433000.0,-664000.0,-549000.0,239.06,-24.67,-20.4
1534708,"EASTSIDE DISTILLING, INC.",20230630,1,2661000.0,2635000.0,26000.0,-1402000.0,-1643000.0,0.98,-52.69,-61.74
96869,TEJON RANCH CO,20230630,1,2633000.0,,,-449000.0,267000.0,,-17.05,10.14
923601,SINGING MACHINE CO INC,20230630,1,2625000.0,2096000.0,529000.0,-2431000.0,,20.15,-92.61,
1302028,"MANITEX INTERNATIONAL, INC.",20230630,1,2613000.0,58599000.0,14935000.0,894000.0,404000.0,571.57,34.21,15.46
1861522,KIDPIK CORP.,20230630,1,2607543.0,1372563.0,2076356.0,-2004810.0,,79.63,-76.89,
1122020,"PCS EDVENTURES!, INC.",20230630,1,2605281.0,1004070.0,1601211.0,860101.0,860378.0,61.46,33.01,33.02
351834,SUNOPTA INC.,20230630,1,2591000.0,122534000.0,18629000.0,1196000.0,,718.99,46.16,
1737523,BIONEXUS GENE LAB CORP,20230630,1,2566848.0,2227134.0,339714.0,-272199.0,-259251.0,13.23,-10.6,-10.1
63330,MAUI LAND & PINEAPPLE CO INC,20230630,1,2473000.0,336000.0,2137000.0,1202000.0,-1117000.0,86.41,48.6,-45.17
1080340,"MANHATTAN BRIDGE CAPITAL, INC",20230630,1,2399362.0,,,1401956.0,,,58.43,
1397183,"IVEDA SOLUTIONS, INC.",20230630,1,2391767.0,2110618.0,281149.0,-820251.0,-757372.0,11.75,-34.29,-31.67
1320760,"TSS, INC.",20230630,1,2380000.0,11315000.0,3222000.0,644000.0,0.0,135.38,27.06,0.0
886163,LIGAND PHARMACEUTICALS INC,20230630,1,2357000.0,,,-1983000.0,2290000.0,,-84.13,97.16
1956744,"SRM ENTERTAINMENT, INC.",20230630,1,2341955.0,1833934.0,508021.0,249949.0,,21.69,10.67,
1566826,"LOGICMARK, INC.",20230630,1,2326995.0,727276.0,1599719.0,-2276390.0,-2267880.0,68.75,-97.83,-97.46
1329606,"CLEAN ENERGY TECHNOLOGIES, INC.",20230630,1,2309450.0,2298251.0,423881.0,-376682.0,-757632.0,18.35,-16.31,-32.81
45919,HARTE HANKS INC,20230630,1,2296000.0,,,48000.0,580000.0,,2.09,25.26
1510964,"CV SCIENCES, INC.",20230630,1,2290000.0,2248000.0,1718000.0,-1076000.0,-1288000.0,75.02,-46.99,-56.24
1893657,RUBBER LEAF INC,20230630,1,2280740.0,2034905.0,245835.0,51916.0,-35894.0,10.78,2.28,-1.57
1493137,"LIFELOC TECHNOLOGIES, INC",20230630,1,2280346.0,1237902.0,1042444.0,62472.0,55145.0,45.71,2.74,2.42
1315061,RIDGEWOOD ENERGY O FUND LLC,20230630,1,2258000.0,,,720000.0,516000.0,,31.89,22.85
1998768,"PROFICIENT AUTO LOGISTICS, INC",20230630,1,2255941.0,,,1919899.0,,,85.1,
1052354,MAN AHL DIVERSIFIED I LP,20230630,1,2210432.0,,,1984201.0,,,89.77,
1898604,YOSHIHARU GLOBAL CO.,20230630,1,2209469.0,,,-950760.0,,,-43.03,
1417664,"VALUE EXCHANGE INTERNATIONAL, INC.",20230630,1,2179326.0,2364815.0,485223.0,-319690.0,,22.26,-14.67,
1996210,"BLUM HOLDINGS, INC.",20230630,1,2122000.0,1086000.0,13000.0,1056000.0,-3248000.0,0.61,49.76,-153.06
1117057,PLANET GREEN HOLDINGS CORP.,20230630,1,2093307.0,4239263.0,-57239.0,672427.0,-12199648.0,-2.73,32.12,-582.79
1711012,SENMIAO TECHNOLOGY LTD,20230630,1,2080966.0,1512774.0,581940.0,-380824.0,-427828.0,27.96,-18.3,-20.56
1004724,"REGIONAL HEALTH PROPERTIES, INC",20230630,1,2072000.0,,,78000.0,,,3.76,
1166708,"BROWNIE'S MARINE GROUP, INC",20230630,1,2071712.0,1446294.0,625418.0,-169861.0,,30.19,-8.2,
846913,"FUEL TECH, INC.",20230630,1,2039000.0,0.0,2039000.0,921000.0,0.0,100.0,45.17,0.0
1758057,"LUMINAR TECHNOLOGIES, INC./DE",20230630,1,2028000.0,25059000.0,-18335000.0,-1496000.0,-141756000.0,-904.09,-73.77,-6989.94
1450704,"VIVAKOR, INC.",20230630,1,2019896.0,12375874.0,1214764.0,-837934.0,-1844673.0,60.14,-41.48,-91.33
1473334,"NOVA LIFESTYLE, INC.",20230630,1,1993671.0,3015089.0,1447340.0,-378237.0,,72.6,-18.97,
828146,INTERLINK ELECTRONICS INC,20230630,1,1947000.0,1988000.0,2061000.0,406000.0,381000.0,105.86,20.85,19.57
1947861,NATURE'S MIRACLE HOLDING INC.,20230630,1,1943528.0,1843257.0,100271.0,-357766.0,-406570.0,5.16,-18.41,-20.92
1434070,RIDGEWOOD ENERGY Y FUND LLC,20230630,1,1929000.0,,,804000.0,835000.0,,41.68,43.29
1376231,"VPR BRANDS, LP.",20230630,1,1909529.0,814437.0,1095092.0,642189.0,928322.0,57.35,33.63,48.62
1101433,QUOTEMEDIA INC,20230630,1,1876898.0,2324798.0,2388179.0,104265.0,0.0,127.24,5.56,0.0
1009891,AIR INDUSTRIES GROUP,20230630,1,1868000.0,11035000.0,2170000.0,72000.0,-395000.0,116.17,3.85,-21.15
1095981,"PLUS THERAPEUTICS, INC.",20230630,1,1854000.0,,,-1490000.0,-1482000.0,,-80.37,-79.94
1024672,ELTEK LTD,20230630,1,1826000.0,8091000.0,2952000.0,1394000.0,0.0,161.66,76.34,0.0
1825452,"ONFOLIO HOLDINGS, INC",20230630,1,1810569.0,494472.0,815571.0,-1345788.0,-1294125.0,45.05,-74.33,-71.48
889353,JAMES MARITIME HOLDINGS INC.,20230630,1,1795806.0,1910790.0,-114984.0,-1018485.0,-1173060.0,-6.4,-56.71,-65.32
1022505,"SIDECHANNEL, INC.",20230630,1,1750000.0,876000.0,874000.0,-694000.0,,49.94,-39.66,
66418,MEXCO ENERGY CORP,20230630,1,1748419.0,,,564501.0,465614.0,,32.29,26.63
1894954,EXPION360 INC.,20230630,1,1725123.0,1270724.0,454399.0,-1497265.0,-1478788.0,26.34,-86.79,-85.72
1902794,MGO GLOBAL INC.,20230630,1,1724293.0,508861.0,1215432.0,-902153.0,-1337518.0,70.49,-52.32,-77.57
1053691,CERVOMED INC.,20230630,1,1719944.0,,,421750.0,421750.0,,24.52,24.52
1369290,"MYOMO, INC.",20230630,1,1714920.0,1677488.0,4281056.0,-1103006.0,-1014150.0,249.64,-64.32,-59.14
1171326,ENTREPRENEUR UNIVERSE BRIGHT GROUP,20230630,1,1705942.0,108581.0,1597361.0,1201788.0,690447.0,93.64,70.45,40.47
1730773,BLUE STAR FOODS CORP.,20230630,1,1655562.0,1574547.0,81015.0,-1076252.0,-1451735.0,4.89,-65.01,-87.69
930775,ENCISION INC,20230630,1,1653383.0,770037.0,19210.0,-147098.0,-140453.0,1.16,-8.9,-8.49
909724,TANDY LEATHER FACTORY INC,20230630,1,1591000.0,6561000.0,10921000.0,790000.0,531000.0,686.42,49.65,33.38
1707910,"REBORN COFFEE, INC.",20230630,1,1518923.0,,,-1199410.0,-1293642.0,,-78.96,-85.17
835662,"AIXIN LIFE INTERNATIONAL, INC.",20230630,1,1476057.0,451200.0,1024857.0,-125495.0,-97546.0,69.43,-8.5,-6.61
792935,ETHEMA HEALTH CORP,20230630,1,1472591.0,,,32146.0,-232155.0,,2.18,-15.77
1409947,RIDGEWOOD ENERGY W FUND LLC,20230630,1,1464000.0,,,317000.0,333000.0,,21.65,22.75
101538,UNITED STATES ANTIMONY CORP,20230630,1,1351705.0,1878558.0,386559.0,-312754.0,0.0,28.6,-23.14,0.0
942126,TAITRON COMPONENTS INC,20230630,1,1341000.0,644000.0,846000.0,263000.0,531000.0,63.09,19.61,39.6
1088638,"MASTERMIND, INC.",20230630,1,1319337.0,533278.0,786059.0,206106.0,155244.0,59.58,15.62,11.77
1651721,"GENERATION INCOME PROPERTIES, INC.",20230630,1,1318750.0,,,-657837.0,-14238.0,,-49.88,-1.08
1536394,"U.S. LIGHTING GROUP, INC.",20230630,1,1311833.0,820916.0,440917.0,13724.0,4455.0,33.61,1.05,0.34
1963685,RICHTECH ROBOTICS INC.,20230630,1,1310000.0,612000.0,698000.0,-613000.0,-663000.0,53.28,-46.79,-50.61
1588014,"ADM ENDEAVORS, INC.",20230630,1,1291250.0,806398.0,484852.0,87253.0,117548.0,37.55,6.76,9.1
1081745,"INTELLINETICS, INC.",20230630,1,1277918.0,258382.0,2590433.0,296388.0,135734.0,202.71,23.19,10.62
1090396,TABLE TRAC INC,20230630,1,1242177.0,566507.0,1870085.0,668552.0,0.0,150.55,53.82,0.0
1338474,RIDGEWOOD ENERGY Q FUND LLC,20230630,1,1149000.0,,,341000.0,138000.0,,29.68,12.01
1511820,STEMTECH CORP,20230630,1,1128126.0,246182.0,881944.0,-967597.0,,78.18,-85.77,
1416697,"BLUE LINE PROTECTION GROUP, INC.",20230630,1,1104501.0,367652.0,736849.0,176996.0,,66.71,16.02,
1106644,"CHINA PHARMA HOLDINGS, INC.",20230630,1,1097862.0,1244523.0,-146661.0,-456308.0,,-13.36,-41.56,
1901297,ZRCN INC.,20230630,1,1092000.0,3623000.0,2944000.0,-350000.0,,269.6,-32.05,
1983736,EVA LIVE INC,20230630,1,1079666.0,,,480526.0,480526.0,,44.51,44.51
1431074,"BERGIO INTERNATIONAL, INC.",20230630,1,1079598.0,522975.0,556623.0,-175814.0,-549799.0,51.56,-16.29,-50.93
880984,"ACORN ENERGY, INC.",20230630,1,1065000.0,483000.0,1490000.0,83000.0,96000.0,139.91,7.79,9.01
867038,SPINDLETOP OIL & GAS CO,20230630,1,1054000.0,,,-71000.0,,,-6.74,
1864531,"VSEE HEALTH, INC.",20230630,1,1022631.0,474287.0,815936.0,-611127.0,-424610.0,79.79,-59.76,-41.52
1133311,TRAVELZOO,20230630,1,1011000.0,2880000.0,18248000.0,97000.0,2626000.0,1804.95,9.59,259.74
1946573,"KINDLY MD, INC.",20230630,1,979538.0,,,-601289.0,,,-61.38,
1922335,SYRA HEALTH CORP,20230630,1,979248.0,851089.0,128159.0,-783954.0,-802800.0,13.09,-80.06,-81.98
1807887,LASER PHOTONICS CORP,20230630,1,965440.0,283864.0,681576.0,-678255.0,-678894.0,70.6,-70.25,-70.32
1385662,RIDGEWOOD ENERGY V FUND LLC,20230630,1,948000.0,,,230000.0,110000.0,,24.26,11.6
351998,DATA I/O CORP,20230630,1,862000.0,3025000.0,4373000.0,164000.0,300000.0,507.31,19.03,34.8
1413891,"HIGH WIRE NETWORKS, INC.",20230630,1,858859.0,1267193.0,-408334.0,-653221.0,-4141995.0,-47.54,-76.06,-482.27
1352190,RIDGEWOOD ENERGY S FUND LLC,20230630,1,856000.0,,,195000.0,99000.0,,22.78,11.57
1753391,"TANCHENG GROUP CO., LTD.",20230630,1,854097.0,737498.0,116599.0,-11692.0,-11275.0,13.65,-1.37,-1.32
1364397,RIDGEWOOD ENERGY T FUND LLC,20230630,1,803000.0,,,179000.0,91000.0,,22.29,11.33
1457919,RIDGEWOOD ENERGY A-1 FUND LLC,20230630,1,799000.0,,,140000.0,151000.0,,17.52,18.9
1374881,KINGFISH HOLDING CORP,20230630,1,793503.0,480178.0,313325.0,75791.0,42567.0,39.49,9.55,5.36
744825,AMERICAN SHARED HOSPITAL SERVICES,20230630,1,756000.0,3050000.0,2518000.0,-325000.0,-26000.0,333.07,-42.99,-3.44
1378590,"BRIDGELINE DIGITAL, INC.",20230630,1,742000.0,848000.0,2643000.0,-665000.0,0.0,356.2,-89.62,0.0
1576197,"STRATEGIC ENVIRONMENTAL & ENERGY RESOURCES, INC.",20230630,1,731200.0,,,-386600.0,-438700.0,,-52.87,-60.0
891417,NANO MAGIC INC.,20230630,1,709293.0,507155.0,202138.0,-668336.0,,28.5,-94.23,
1075736,"CREXENDO, INC.",20230630,1,659000.0,,,-207000.0,-545000.0,,-31.41,-82.7
1279620,"ZONED PROPERTIES, INC.",20230630,1,609591.0,,,64805.0,42159.0,,10.63,6.92
1805526,JANOVER INC.,20230630,1,601940.0,0.0,601940.0,-246414.0,-397851.0,100.0,-40.94,-66.09
1741489,"ELVICTOR GROUP, INC.",20230630,1,601448.0,125912.0,475536.0,-127657.0,,79.07,-21.22,
1575048,"ATEL 16, LLC",20230630,1,601000.0,,,70000.0,63000.0,,11.65,10.48
944075,"SOCKET MOBILE, INC.",20230630,1,599120.0,2465594.0,2651563.0,-291555.0,,442.58,-48.66,
1704795,"BANTEC, INC.",20230630,1,590333.0,489822.0,100511.0,-296849.0,,17.03,-50.29,
1414953,EQUATOR BEVERAGE CO,20230630,1,588478.0,307721.0,280757.0,22086.0,18830.0,47.71,3.75,3.2
1485074,"FREEZE TAG, INC.",20230630,1,579542.0,88573.0,490969.0,36845.0,0.0,84.72,6.36,0.0
752294,ELECTRONIC SYSTEMS TECHNOLOGY INC,20230630,1,575306.0,268636.0,316570.0,53689.0,58870.0,55.03,9.33,10.23
1657214,INTERNATIONAL LAND ALLIANCE INC.,20230630,1,485580.0,999.0,484581.0,-243191.0,-378660.0,99.79,-50.08,-77.98
813716,CIRTRAN CORP,20230630,1,458511.0,270010.0,188501.0,-99121.0,,41.11,-21.62,
803578,"FIREFLY NEUROSCIENCE, INC.",20230630,1,451000.0,,705013.0,-318000.0,-323000.0,156.32,-70.51,-71.62
1640982,"ATEL 17, LLC",20230630,1,436000.0,,,-92000.0,-98000.0,,-21.1,-22.48
1080448,PATRIOT GOLD CORP,20230630,1,427299.0,,,116352.0,110820.0,,27.23,25.94
1639068,HUBILU VENTURE CORP,20230630,1,426098.0,,,250503.0,1639.0,,58.79,0.38
860543,JACKSAM CORP,20230630,1,402610.0,247589.0,155021.0,12671.0,0.0,38.5,3.15,0.0
1682265,"RELIANT HOLDINGS, INC.",20230630,1,380289.0,210116.0,170173.0,-58275.0,0.0,44.75,-15.32,0.0
352955,"CKX LANDS, INC.",20230630,1,370380.0,10291.0,360089.0,102102.0,0.0,97.22,27.57,0.0
87802,SCIENTIFIC INDUSTRIES INC,20230630,1,368200.0,1632500.0,1350000.0,215400.0,0.0,366.65,58.5,0.0
1654595,"MEDALIST DIVERSIFIED REIT, INC.",20230630,1,328336.0,,,48535.0,-877664.0,,14.78,-267.31
1360442,"CANNABIS SATIVA, INC.",20230630,1,323197.0,120608.0,202589.0,-304817.0,0.0,62.68,-94.31,0.0
1346655,"CMG HOLDINGS GROUP, INC.",20230630,1,319811.0,144450.0,175361.0,-68750.0,,54.83,-21.5,
1530185,"AMERITEK VENTURES, INC.",20230630,1,274279.0,,,-599.0,-37083.0,,-0.22,-13.52
1976900,DFP HOLDINGS LTD,20230630,1,272461.0,54823.0,217638.0,-30668.0,,79.88,-11.26,
1723059,BIO ESSENCE CORP,20230630,1,259574.0,151407.0,108167.0,-183579.0,-284515.0,41.67,-70.72,-109.61
1640384,"LM FUNDING AMERICA, INC.",20230630,1,227328.0,,,-196900.0,-4549179.0,,-86.61,-2001.15
1464865,"ACCREDITED SOLUTIONS, INC.",20230630,1,222363.0,163040.0,59323.0,48001.0,-1537949.0,26.68,21.59,-691.64
1538495,"EARTH SCIENCE TECH, INC.",20230630,1,219934.0,71165.0,148769.0,-22978.0,54112.0,67.64,-10.45,24.6
99106,TRANS LUX CORP,20230630,1,219000.0,115000.0,254000.0,109000.0,-875000.0,115.98,49.77,-399.54
1763925,COJAX OIL & GAS CORP,20230630,1,188623.0,,,-125370.0,-125916.0,,-66.47,-66.76
1641398,GD CULTURE GROUP LTD,20230630,1,150000.0,,150000.0,-121237.0,-155498.0,100.0,-80.82,-103.67
1438943,"RANGE IMPACT, INC.",20230630,1,115775.0,3153166.0,-3037391.0,101759.0,-308150.0,-2623.53,87.89,-266.16
856984,"QHSLAB, INC.",20230630,1,105296.0,177941.0,226828.0,-35756.0,,215.42,-33.96,
1404804,OMNITEK ENGINEERING CORP,20230630,1,81559.0,150258.0,101461.0,-70089.0,0.0,124.4,-85.94,0.0
812796,"SOLIGENIX, INC.",20230630,1,68505.0,184021.0,22908.0,-2247.0,-1612024.0,33.44,-3.28,-2353.15
1680139,HEALTHLYNKED CORP,20230630,1,53985.0,,,-1761.0,-1003455.0,,-3.26,-1858.77
1652561,DSWISS INC,20230630,1,50196.0,263561.0,91713.0,-380.0,-12003.0,182.71,-0.76,-23.91
1474903,"BGSF, INC.",20230630,1,49729.0,51226.0,29574.0,-4510.0,2604.0,59.47,-9.07,5.24
1784058,PONY GROUP INC.,20230630,1,47228.0,20867.0,26361.0,-45513.0,,55.82,-96.37,
1755347,CERTIPLEX CORP,20230630,1,42748.0,316.0,42432.0,-1969.0,,99.26,-4.61,
1172069,"P2 SOLAR, INC.",20230630,1,39667.0,17926.0,21741.0,-32169.0,0.0,54.81,-81.1,0.0
352991,ADVANCED OXYGEN TECHNOLOGIES INC,20230630,4,39406.0,,,-24250.0,0.0,,-61.54,0.0
1394108,SUIC WORLDWIDE HOLDINGS LTD.,20230630,1,30000.0,,30000.0,17307.0,4866.0,100.0,57.69,16.22
1919182,"ECO BRIGHT FUTURE, INC.",20230630,1,29571.0,,,25719.0,26112.0,,86.97,88.3
1081834,KUBER RESOURCES CORP,20230630,1,22978.0,,22978.0,-7672.0,,100.0,-33.39,
1712762,"BIOAFFINITY TECHNOLOGIES, INC.",20230630,1,19738.0,,,-1235.0,-1740173.0,,-6.26,-8816.36
1424768,VYCOR MEDICAL INC,20230630,1,19433.0,39797.0,17743.0,5009.0,,91.3,25.78,
1473490,"GLOBAL AI, INC.",20230630,1,14500.0,,,-2174.0,-5949.0,,-14.99,-41.03
1818550,INCORDEX CORP.,20230630,4,9561.0,,,-8827.0,0.0,,-92.32,0.0
1887912,WELSIS CORP.,20230630,1,4400.0,,,-2668.0,-3665.0,,-60.64,-83.3
1048911,FEDEX CORP,20230531,4,25265000000.0,,,1064000000.0,3972000000.0,,4.21,15.72
1467373,ACCENTURE PLC,20230531,1,16564585000.0,11035515000.0,5529070000.0,2359288000.0,2009996000.0,33.38,14.24,12.13
723254,CINTAS CORP,20230531,4,6897130000.0,3632175000.0,3264955000.0,180690000.0,1348010000.0,47.34,2.62,19.54
723531,PAYCHEX INC,20230531,4,5007100000.0,1453000000.0,3554100000.0,2033100000.0,,70.98,40.6,
1177394,TD SYNNEX CORP,20230531,1,4461461000.0,13098714000.0,963410000.0,25567000.0,133087000.0,21.59,0.57,2.98
898293,JABIL INC,20230531,1,4130000000.0,7778000000.0,697000000.0,375000000.0,233000000.0,16.88,9.08,5.64
16918,"CONSTELLATION BRANDS, INC.",20230531,1,2514900000.0,34800000.0,1257800000.0,79300000.0,135900000.0,50.01,3.15,5.4
1372920,NEW ORIENTAL EDUCATION & TECHNOLOGY GROUP INC.,20230531,4,1914865000.0,91520000.0,1823345000.0,190046000.0,177341000.0,95.22,9.92,9.26
1803599,CONCENTRIX CORP,20230531,1,1614706000.0,1034481000.0,580225000.0,162566000.0,78850000.0,35.93,10.07,4.88
108516,"WORTHINGTON ENTERPRISES, INC.",20230531,4,1272378000.0,1094908000.0,242257000.0,29819000.0,256528000.0,19.04,2.34,20.16
1041803,PRICESMART INC,20230531,1,1070263000.0,5981000.0,1064282000.0,-31182000.0,38715000.0,99.44,-2.91,3.62
1003078,MSC INDUSTRIAL DIRECT CO INC,20230531,1,1054464000.0,625527000.0,428937000.0,135386000.0,95180000.0,40.68,12.84,9.03
923120,GREENBRIER COMPANIES INC,20230531,1,1038100000.0,786500000.0,128100000.0,7900000.0,21300000.0,12.34,0.76,2.05
1084765,"RESOURCES CONNECTION, INC.",20230531,4,775643000.0,462501000.0,313142000.0,72788000.0,54359000.0,40.37,9.38,7.01
866729,SCHOLASTIC CORP,20230531,4,553100000.0,786400000.0,-233300000.0,-91900000.0,86300000.0,-42.18,-16.62,15.6
711377,NEOGEN CORP,20230531,4,546797000.0,61785000.0,405955000.0,-66231000.0,,74.24,-12.11,
795266,KB HOME,20230531,1,545214000.0,1386558000.0,-841344000.0,5998000.0,164442000.0,-154.31,1.1,30.16
6845,"APOGEE ENTERPRISES, INC.",20230531,1,361713000.0,268727000.0,92986000.0,5525000.0,23576000.0,25.71,1.53,6.52
916789,HELEN OF TROY LTD,20230531,1,359559000.0,259041000.0,215631000.0,40641000.0,22581000.0,59.97,11.3,6.28
912603,"RADIUS RECYCLING, INC.",20230531,1,222904000.0,713685000.0,-490781000.0,27514000.0,13460000.0,-220.18,12.34,6.04
66382,"MILLERKNOLL, INC.",20230531,4,216200000.0,2657100000.0,1430000000.0,-60400000.0,42100000.0,661.42,-27.94,19.47
1622536,TALEN ENERGY CORP,20230531,1,108000000.0,,,-76000000.0,,,-70.37,
105132,WD 40 CO,20230531,1,107151000.0,69955000.0,71762000.0,-8527000.0,18895000.0,66.97,-7.96,17.63
784539,EACO CORP,20230531,1,80249000.0,57008000.0,23241000.0,6964000.0,5319000.0,28.96,8.68,6.63
1088413,"GREYSTONE LOGISTICS, INC.",20230531,4,60758962.0,51427409.0,9331553.0,4231383.0,,15.36,6.96,
1616533,"SMART GLOBAL HOLDINGS, INC.",20230531,1,57665000.0,24712000.0,100480000.0,42327000.0,-24455000.0,174.25,73.4,-42.41
1275187,ANGIODYNAMICS INC,20230531,4,56039000.0,164506000.0,61966000.0,-51181000.0,-52442000.0,110.58,-91.33,-93.58
717954,UNIFIRST CORP,20230531,1,49407000.0,379419000.0,-330012000.0,20931000.0,24276000.0,-667.95,42.36,49.13
1772177,"KURA SUSHI USA, INC.",20230531,1,49238000.0,3554000.0,45684000.0,1308000.0,1680000.0,92.78,2.66,3.41
807707,VOXX INTERNATIONAL CORP,20230531,1,38412000.0,52000.0,48000.0,-1238000.0,-10738000.0,0.12,-3.22,-27.95
885307,JEWETT CAMERON TRADING CO LTD,20230531,1,18945738.0,14532366.0,4413372.0,1251019.0,734951.0,23.29,6.6,3.88
1023459,"SIMULATIONS PLUS, INC.",20230531,1,10348000.0,908000.0,3549000.0,4097000.0,4008000.0,34.3,39.59,38.73
10329,BASSETT FURNITURE INDUSTRIES INC,20230531,1,10218000.0,47686000.0,52833000.0,7005000.0,2076000.0,517.06,68.56,20.32
747540,SURGE COMPONENTS INC,20230531,1,10199221.0,7277529.0,2921692.0,675382.0,524261.0,28.65,6.62,5.14
1522222,"CLS HOLDINGS USA, INC.",20230531,4,8311030.0,12558959.0,10574648.0,-3760320.0,-13799629.0,127.24,-45.24,-166.04
276720,PURE CYCLE CORP,20230531,1,6879000.0,1150000.0,5729000.0,3757000.0,3295000.0,83.28,54.62,47.9
1354866,BYRNA TECHNOLOGIES INC.,20230531,1,6839000.0,5309000.0,6199000.0,-992000.0,0.0,90.64,-14.51,0.0
7623,ARTS WAY MANUFACTURING CO INC,20230531,1,6368000.0,6040799.0,2184000.0,433002.0,306664.0,34.3,6.8,4.82
806172,SONO TEK CORP,20230531,1,3603018.0,1825786.0,1777232.0,-91616.0,53406.0,49.33,-2.54,1.48
758743,VIDEO DISPLAY CORP,20230531,1,1934000.0,1307000.0,627000.0,-166000.0,0.0,32.42,-8.58,0.0
1333822,SEMILEDS CORP,20230531,1,1679000.0,1438000.0,241000.0,-981000.0,-756000.0,14.35,-58.43,-45.03
65759,MICROPAC INDUSTRIES INC,20230531,1,1389000.0,4583000.0,-3194000.0,225000.0,214000.0,-229.95,16.2,15.41
1677897,UPAY,20230531,1,332576.0,159136.0,173440.0,-26065.0,-32220.0,52.15,-7.84,-9.69
1343009,CNBX PHARMACEUTICALS INC.,20230531,1,310165.0,,,-173082.0,,,-55.8,
1931055,MEDINOTEC INC.,20230531,1,241288.0,-13931.0,160989.0,3920.0,,66.72,1.62,
1127475,"DIGITAL BRAND MEDIA & MARKETING GROUP, INC.",20230531,1,98496.0,81789.0,16707.0,-90315.0,23534.0,16.96,-91.69,23.89
1765651,PACIFIC SPORTS EXCHANGE INC.,20230531,1,5322.0,4034.0,1288.0,-3333.0,0.0,24.2,-62.63,0.0
704562,"AVID BIOSERVICES, INC.",20230430,4,125416000.0,117786000.0,31480000.0,3601000.0,,25.1,2.87,
1892292,MAISON SOLUTIONS INC.,20230430,4,55399112.0,42947952.0,12451160.0,83647.0,1251803.0,22.48,0.15,2.26
65270,METHODE ELECTRONICS INC,20230430,4,54900000.0,915500000.0,264100000.0,5500000.0,77100000.0,481.06,10.02,140.44
771856,"CHAMPIONS ONCOLOGY, INC.",20230430,4,53870000.0,29532000.0,24338000.0,-5256000.0,-5335000.0,45.18,-9.76,-9.9
6207,AMREP CORP.,20230430,4,48676000.0,17379000.0,31297000.0,5830000.0,21790000.0,64.3,11.98,44.77
713425,AMERICAN SOFTWARE INC,20230430,4,34557000.0,37019000.0,71233000.0,9887000.0,10312000.0,206.13,28.61,29.84
1852633,"PINSTRIPES HOLDINGS, INC.",20230430,4,23806000.0,18968000.0,4838000.0,-13729000.0,-7525000.0,20.32,-57.67,-31.61
1414767,NETCAPITAL INC.,20230430,4,8493985.0,85038.0,8408947.0,2271876.0,2954972.0,99.0,26.75,34.79
39020,FREQUENCY ELECTRONICS INC,20230430,4,5800000.0,32928000.0,7849000.0,-160000.0,-5501000.0,135.33,-2.76,-94.84
1378140,"OCEAN POWER TECHNOLOGIES, INC.",20230430,4,2065000.0,2496000.0,236000.0,6000.0,,11.43,0.29,
820771,GOLIATH FILM & MEDIA HOLDINGS,20230430,4,121582.0,,121582.0,76569.0,76569.0,100.0,62.98,62.98
1816554,EVENTIKO INC.,20230430,4,11350.0,,,-9936.0,,,-87.54,
721371,CARDINAL HEALTH INC,20230331,1,50487000000.0,48688000000.0,25000000.0,32000000.0,20000000.0,0.05,0.06,0.04
1099590,MERCADOLIBRE INC,20230331,1,3186000000.0,1572000000.0,1614000000.0,418000000.0,201000000.0,50.66,13.12,6.31
1795250,SPHERE ENTERTAINMENT CO.,20230331,1,162062000.0,,,-101906000.0,-56847000.0,,-62.88,-35.08
1078207,BOWFLEX INC.,20230331,4,139289000.0,234819000.0,51954000.0,-93361000.0,-105399000.0,37.3,-67.03,-75.67
1819395,SONDER HOLDINGS INC.,20230331,1,119503000.0,,,2273000.0,4566000.0,,1.9,3.82
1491419,"LIVEONE, INC.",20230331,4,99611000.0,66782000.0,32829000.0,-2184000.0,-10019000.0,32.96,-2.19,-10.06
37472,FLEXSTEEL INDUSTRIES INC,20230331,1,99052000.0,,18645000.0,2116000.0,1475000.0,18.82,2.14,1.49
1891944,PRIMECH HOLDINGS LTD,20230331,4,69026000.0,58410000.0,10616000.0,-2105000.0,-2532000.0,15.38,-3.05,-3.67
1042893,DRIL-QUIP INC,20230331,1,59246000.0,47044000.0,12202000.0,9384000.0,2311000.0,20.6,15.84,3.9
1592058,PARTY CITY HOLDCO INC.,20230331,1,54996000.0,307225000.0,124760000.0,-19676000.0,,226.85,-35.78,
1853044,"AERIES TECHNOLOGY, INC.",20230331,4,53099000.0,39442000.0,13657000.0,2331000.0,1446000.0,25.72,4.39,2.72
1531978,"PARAGON 28, INC.",20230331,1,52036000.0,45000.0,41807000.0,-9062000.0,-10812000.0,80.34,-17.41,-20.78
353184,AIR T INC,20230331,1,51157000.0,,,5261000.0,,,10.28,
1801661,SKILLZ INC.,20230331,1,38643000.0,4582000.0,34061000.0,-32068000.0,-35593000.0,88.14,-82.99,-92.11
910638,3D SYSTEMS CORP,20230331,1,36848000.0,24258000.0,47098000.0,-33396000.0,-29421000.0,127.82,-90.63,-79.84
1101680,DZS INC.,20230331,1,35005000.0,27202000.0,17165000.0,-17438000.0,-23818000.0,49.04,-49.82,-68.04
1053369,ELITE PHARMACEUTICALS INC /NV/,20230331,4,34155114.0,17561093.0,16594021.0,10393857.0,,48.58,30.43,
1774170,"POWERFLEET, INC.",20230331,1,32852000.0,9002000.0,16574000.0,-2090000.0,4645000.0,50.45,-6.36,14.14
1743745,"GREENLANE HOLDINGS, INC.",20230331,1,23959000.0,18440000.0,5519000.0,-8019000.0,-8693000.0,23.04,-33.47,-36.28
1751876,PARANOVUS ENTERTAINMENT TECHNOLOGY LTD.,20230331,4,23332223.0,22915340.0,416883.0,-4549093.0,-76895771.0,1.79,-19.5,-329.57
1499717,"STAFFING 360 SOLUTIONS, INC.",20230331,1,23117000.0,40138000.0,3296000.0,-794000.0,,14.26,-3.43,
1489874,GOLDEN GROWERS COOPERATIVE,20230331,1,23022000.0,23047000.0,-25000.0,1399000.0,1453000.0,-0.11,6.08,6.31
1066194,EGAIN CORP,20230331,1,23013000.0,,15418000.0,-512000.0,-372000.0,67.0,-2.22,-1.62
1893311,LUXURBAN HOTELS INC.,20230331,1,22814175.0,17452301.0,5361874.0,1136903.0,-2780534.0,23.5,4.98,-12.19
1775194,"UPEXI, INC.",20230331,1,21883445.0,14305698.0,7577747.0,-2132864.0,-124804.0,34.63,-9.75,-0.57
1956166,MING SHING GROUP HOLDINGS LTD,20230331,4,21868220.0,18373672.0,3494548.0,2638951.0,2787236.0,15.98,12.07,12.75
1830072,IPOWER INC.,20230331,1,20225619.0,12433898.0,7791721.0,-1811198.0,-1530534.0,38.52,-8.95,-7.57
1905956,TREASURE GLOBAL INC,20230331,1,18152113.0,18004280.0,147833.0,-2882422.0,,0.81,-15.88,
1838987,"COMPLETE SOLARIA, INC.",20230331,1,16677000.0,13827000.0,2850000.0,-12423000.0,-23514000.0,17.09,-74.49,-141.0
1931717,CCSC TECHNOLOGY INTERNATIONAL HOLDINGS LTD,20230331,4,15044438.0,16190985.0,7868571.0,1788408.0,2208152.0,52.3,11.89,14.68
1868640,ROADZEN INC.,20230331,4,13560498.0,5413686.0,8146812.0,-11532144.0,-14024268.0,60.08,-85.04,-103.42
1836242,"YOSHITSU CO., LTD",20230331,4,11606180.0,,,823839.0,-8048822.0,,7.1,-69.35
1650101,ADDENTAX GROUP CORP.,20230331,4,7895588.0,6103110.0,1841061.0,-946970.0,1319657.0,23.32,-11.99,16.71
1842556,HNR ACQUISITION CORP.,20230331,1,7759190.0,,,2224506.0,1908871.0,,28.67,24.6
930775,ENCISION INC,20230331,4,6885158.0,3315981.0,4032533.0,-302797.0,-323945.0,58.57,-4.4,-4.7
822370,"EMMAUS LIFE SCIENCES, INC.",20230331,1,6753000.0,429000.0,6324000.0,-1165000.0,-3451000.0,93.65,-17.25,-51.1
1862935,INFINT ACQUISITION CORP,20230331,1,6264944.0,3098713.0,706309.0,-1531494.0,998238.0,11.27,-24.45,15.93
1328792,TECHPRECISION CORP,20230331,4,5838734.0,26527953.0,4903661.0,-3905324.0,-979006.0,83.99,-66.89,-16.77
1857086,"TRUGOLF HOLDINGS, INC.",20230331,1,5083199.0,1141768.0,3941431.0,-4904520.0,-5351178.0,77.54,-96.48,-105.27
827876,"CLEANSPARK, INC.",20230331,1,4458000.0,,,-2617000.0,-11231000.0,,-58.7,-251.93
1883984,"ALTERNUS CLEAN ENERGY, INC.",20230331,1,3846000.0,,,153000.0,-5252000.0,,3.98,-136.56
102109,UNIVERSAL SECURITY INSTRUMENTS INC,20230331,4,3487783.0,15829154.0,6349719.0,972574.0,720411.0,182.06,27.89,20.66
1449792,"PIONEER POWER SOLUTIONS, INC.",20230331,1,3240000.0,6722000.0,2833000.0,-436000.0,,87.44,-13.46,
1939365,"INSPIRE VETERINARY PARTNERS, INC.",20230331,1,3072885.0,,,-1004939.0,,,-32.7,
1438943,"RANGE IMPACT, INC.",20230331,1,3014887.0,2365885.0,649002.0,-183223.0,-226860.0,21.53,-6.08,-7.52
1842566,"AIRSHIP AI HOLDINGS, INC.",20230331,1,2938597.0,2134318.0,804279.0,-1702171.0,-1712176.0,27.37,-57.92,-58.27
1417664,"VALUE EXCHANGE INTERNATIONAL, INC.",20230331,1,2884549.0,2502728.0,381821.0,-438042.0,,13.24,-15.19,
1966678,PRIMEGA GROUP HOLDINGS LTD,20230331,4,2830475.0,7794151.0,2178047.0,989334.0,,76.95,34.95,
1679817,"OZOP ENERGY SOLUTIONS, INC.",20230331,1,2791198.0,2394700.0,396498.0,-673264.0,,14.21,-24.12,
1898604,YOSHIHARU GLOBAL CO.,20230331,1,2479574.0,,,-1083352.0,,,-43.69,
1892492,EIGHTCO HOLDINGS INC.,20230331,1,1941374.0,1436034.0,505340.0,-492234.0,-49851140.0,26.03,-25.35,-2567.83
1730773,BLUE STAR FOODS CORP.,20230331,1,1898439.0,1614077.0,284362.0,-950208.0,,14.98,-50.05,
1906133,ICORECONNECT INC.,20230331,1,1840371.0,491449.0,1348922.0,-1351058.0,-1689034.0,73.3,-73.41,-91.78
1166708,"BROWNIE'S MARINE GROUP, INC",20230331,1,1639053.0,1225028.0,414025.0,-312724.0,-327922.0,25.26,-19.08,-20.01
1901297,ZRCN INC.,20230331,4,1445922.0,18266095.0,12233375.0,252415.0,,846.06,17.46,
1883788,"DIH HOLDING US, INC.",20230331,4,1315000.0,23474000.0,30585000.0,709000.0,,2325.86,53.92,
1643721,"LEAFBUYER TECHNOLOGIES, INC.",20230331,1,1286132.0,769701.0,516431.0,-135090.0,-170458.0,40.15,-10.5,-13.25
1094032,QDM INTERNATIONAL INC.,20230331,4,1133146.0,716751.0,416395.0,42253.0,,36.75,3.73,
1893657,RUBBER LEAF INC,20230331,1,897432.0,2278420.0,67121.0,-174658.0,-10344.0,7.48,-19.46,-1.15
945617,"AMERICAN CANNABIS COMPANY, INC.",20230331,1,712385.0,435876.0,276509.0,-440716.0,-522175.0,38.81,-61.86,-73.3
1543623,US NUCLEAR CORP.,20230331,1,647706.0,212117.0,158520.0,36987.0,,24.47,5.71,
1026785,HIGHWAY HOLDINGS LTD,20230331,4,437000.0,7101000.0,3141000.0,-212000.0,-294000.0,718.76,-48.51,-67.28
1864531,"VSEE HEALTH, INC.",20230331,1,275476.0,575322.0,1158558.0,-222384.0,-451252.0,420.57,-80.73,-163.81
1309082,"CAMBER ENERGY, INC.",20230331,1,245197.0,4786631.0,-4541434.0,-106094.0,0.0,-1852.16,-43.27,0.0
1464865,"ACCREDITED SOLUTIONS, INC.",20230331,1,156238.0,129990.0,26248.0,-55455.0,-231451.0,16.8,-35.49,-148.14
1683252,TOKEN COMMUNITIES LTD.,20230331,1,30592.0,,,-29050.0,-29050.0,,-94.96,-94.96
1467373,ACCENTURE PLC,20230228,1,15814158000.0,10979392000.0,4834766000.0,1944581000.0,1523648000.0,30.57,12.3,9.63
91668,SOLITRON DEVICES INC,20230228,4,6406000.0,5005000.0,1401000.0,-651000.0,0.0,21.87,-10.16,0.0
758743,VIDEO DISPLAY CORP,20230228,4,5624000.0,4118000.0,1506000.0,-1703000.0,-1993000.0,26.78,-30.28,-35.44
1931055,MEDINOTEC INC.,20230228,4,978112.0,-416011.0,19721.0,-238587.0,,2.02,-24.39,
831609,C21 INVESTMENTS INC.,20230131,4,26713239.0,15487264.0,0.0,3955238.0,293211.0,0.0,14.81,1.1
721371,CARDINAL HEALTH INC,20221231,1,51469000000.0,49806000000.0,21000000.0,-86000000.0,-77000000.0,0.04,-0.17,-0.15
1901440,UL SOLUTIONS INC.,20221231,4,2520000000.0,1313000000.0,1207000000.0,23000000.0,293000000.0,47.9,0.91,11.63
2001184,"PACS GROUP, INC.",20221231,4,2421994000.0,,,229360000.0,150496000.0,,9.47,6.21
1906324,QUIDELORTHO CORP,20221231,4,1955300000.0,,,843700000.0,18600000.0,,43.15,0.95
1967680,VERALTO CORP,20221231,4,1428000000.0,2110000000.0,2760000000.0,1112000000.0,845000000.0,193.28,77.87,59.17
910638,3D SYSTEMS CORP,20221231,4,304503000.0,86412000.0,214233000.0,-117019000.0,-122711000.0,70.35,-38.43,-40.3
1042893,DRIL-QUIP INC,20221231,4,239600000.0,30130000.0,209470000.0,14268000.0,-1624000.0,87.42,5.95,-0.68
1819395,SONDER HOLDINGS INC.,20221231,4,221683000.0,,,-79287000.0,-245031000.0,,-35.77,-110.53
1779474,"WM TECHNOLOGY, INC.",20221231,4,215531000.0,15407000.0,200124000.0,-69622000.0,-115989000.0,92.85,-32.3,-53.82
1795250,SPHERE ENTERTAINMENT CO.,20221231,1,159541000.0,,,-49735000.0,67584000.0,,-31.17,42.36
1774170,"POWERFLEET, INC.",20221231,4,135912000.0,28350000.0,64993000.0,-6971000.0,-6754000.0,47.82,-5.13,-4.97
1101680,DZS INC.,20221231,4,107392000.0,244046000.0,113482000.0,-37027000.0,-41270000.0,105.67,-34.48,-38.43
37472,FLEXSTEEL INDUSTRIES INC,20221231,1,93137000.0,,15838000.0,3762000.0,2853000.0,17.01,4.04,3.06
709283,QUANTUM CORP /DE/,20221231,1,77494000.0,12379000.0,2279000.0,1768000.0,113000.0,2.94,2.28,0.15
1838987,"COMPLETE SOLARIA, INC.",20221231,4,62896000.0,46647000.0,19828000.0,-21157000.0,,31.53,-33.64,
1531978,"PARAGON 28, INC.",20221231,1,51508000.0,,41971000.0,-36045000.0,-38763000.0,81.48,-69.98,-75.26
1842556,HNR ACQUISITION CORP.,20221231,4,35403940.0,,,17358824.0,18296002.0,,49.03,51.68
1883984,"ALTERNUS CLEAN ENERGY, INC.",20221231,4,29368000.0,,,-8198000.0,,,-27.91,
1948864,HEALTHY CHOICE WELLNESS CORP.,20221231,4,29009640.0,18926175.0,10083465.0,-4167610.0,300000.0,34.76,-14.37,1.03
814676,CPS TECHNOLOGIES CORP/DE/,20221231,4,26586926.0,19285846.0,7301080.0,2234420.0,2131400.0,27.46,8.4,8.02
1066194,EGAIN CORP,20221231,1,25600000.0,,18848000.0,213000.0,-104000.0,73.63,0.83,-0.41
1661779,"STARTENGINE CROWDFUNDING, INC.",20221231,4,24054832.0,7050899.0,17003933.0,-8099129.0,-7964884.0,70.69,-33.67,-33.11
1309082,"CAMBER ENERGY, INC.",20221231,4,24038160.0,13627457.0,10410703.0,-4669172.0,-17358259.0,43.31,-19.42,-72.21
827876,"CLEANSPARK, INC.",20221231,4,22355000.0,,,-19745000.0,-61606000.0,,-88.32,-275.58
1443611,SINGLEPOINT INC.,20221231,4,21786149.0,15461282.0,6324867.0,-6784466.0,-349856.0,29.03,-31.14,-1.61
1854583,"COLLECTIVE AUDIENCE, INC.",20221231,4,20235536.0,,,-5480585.0,,,-27.08,
1947861,NATURE'S MIRACLE HOLDING INC.,20221231,4,18621344.0,16952201.0,1669143.0,-1773114.0,,8.96,-9.52,
822370,"EMMAUS LIFE SCIENCES, INC.",20221231,4,17854000.0,2588000.0,15802000.0,-6586000.0,-1913000.0,88.51,-36.89,-10.71
1679817,"OZOP ENERGY SOLUTIONS, INC.",20221231,4,16629450.0,15281791.0,1347659.0,-4611685.0,6025812.0,8.1,-27.73,36.24
1842566,"AIRSHIP AI HOLDINGS, INC.",20221231,4,14549141.0,6128128.0,8421013.0,-2823813.0,0.0,57.88,-19.41,0.0
1730773,BLUE STAR FOODS CORP.,20221231,4,12767145.0,0.0,-651988.0,-11613983.0,-13194969.0,-5.11,-90.97,-103.35
1417664,"VALUE EXCHANGE INTERNATIONAL, INC.",20221231,4,10924330.0,9228861.0,1695469.0,-193755.0,,15.52,-1.77,
811222,CARDIFF LEXINGTON CORP,20221231,4,10693196.0,4060034.0,6633162.0,3906889.0,-5429521.0,62.03,36.54,-50.78
1893657,RUBBER LEAF INC,20221231,4,10648175.0,9149717.0,1498458.0,-159332.0,-159332.0,14.07,-1.5,-1.5
1599407,1847 HOLDINGS LLC,20221231,4,9197811.0,,,-226951.0,-10159600.0,,-2.47,-110.46
1862935,CURRENC GROUP INC.,20221231,4,8647764.0,13268205.0,43485.0,-4044156.0,-2550363.0,0.5,-46.77,-29.49
1864531,"VSEE HEALTH, INC.",20221231,4,8509237.0,1542657.0,5279346.0,-1680034.0,-3242501.0,62.04,-19.74,-38.11
1898604,YOSHIHARU GLOBAL CO.,20221231,4,8282368.0,,,-3784230.0,-3487367.0,,-45.69,-42.11
1449792,"PIONEER POWER SOLUTIONS, INC.",20221231,4,8221000.0,23052000.0,-1781000.0,-3810000.0,,-21.66,-46.34,
1906133,ICORECONNECT INC.,20221231,4,7987902.0,2243253.0,5744649.0,-4802106.0,-6079824.0,71.92,-60.12,-76.11
1883835,ESG INC.,20221231,4,7254646.0,6815844.0,438802.0,-1155652.0,-772891.0,6.05,-15.93,-10.65
1939365,"INSPIRE VETERINARY PARTNERS, INC.",20221231,4,7032800.0,,,-3518138.0,-4911926.0,,-50.02,-69.84
1518336,DREAM HOMES & DEVELOPMENT CORP.,20221231,4,6310883.0,5231158.0,1079725.0,205522.0,,17.11,3.26,
1815566,"INFOBIRD CO., LTD",20221231,4,5505734.0,,,-897411.0,-15266979.0,,-16.3,-277.29
1438943,"RANGE IMPACT, INC.",20221231,4,4832278.0,,1393252.0,-470803.0,-1417842.0,28.83,-9.74,-29.34
1807887,LASER PHOTONICS CORP,20221231,4,3894901.0,1954328.0,1947000.0,-1908000.0,-2095000.0,49.99,-48.99,-53.79
1412095,"TROOPS, INC. /CAYMAN ISLANDS/",20221231,4,1106000.0,3053000.0,-1065000.0,-536000.0,,-96.29,-48.46,
1464865,"ACCREDITED SOLUTIONS, INC.",20221231,4,483036.0,387909.0,95127.0,-206317.0,0.0,19.69,-42.71,0.0
1680935,HUAHUI EDUCATION GROUP LTD,20221231,4,292273.0,268408.0,121.0,9137.0,-281452.0,0.04,3.13,-96.3
1467373,ACCENTURE PLC,20221130,1,15747802000.0,10561660000.0,5186142000.0,2593100000.0,1964950000.0,32.93,16.47,12.48
1830503,BUSINESS WARRIOR CORP,20221130,1,906043.0,1031441.0,424301.0,-746555.0,-990241.0,46.83,-82.4,-109.29
1090872,"AGILENT TECHNOLOGIES, INC.",20221031,4,2682000000.0,884000000.0,1798000000.0,390000000.0,1254000000.0,67.04,14.54,46.76
1782941,TIAN RUIXIANG HOLDINGS LTD,20221031,4,1324655.0,,,950762.0,-702956.0,,71.77,-53.07
1956741,"CLEANCORE SOLUTIONS, INC.",20221031,1,369089.0,351740.0,151250.0,-194326.0,-320064.0,40.98,-52.65,-86.72
721371,CARDINAL HEALTH INC,20220930,1,49603000000.0,47989000000.0,1596000000.0,137000000.0,110000000.0,3.22,0.28,0.22
1819395,SONDER HOLDINGS INC.,20220930,1,124526000.0,,,-61195000.0,568000.0,,-49.14,0.46
1795250,SPHERE ENTERTAINMENT CO.,20220930,1,123129000.0,,,-51055000.0,-44757000.0,,-41.46,-36.35
1687451,"ZK INTERNATIONAL GROUP CO., LTD.",20220930,4,102391636.0,94796037.0,7595599.0,-3964610.0,-6081413.0,7.42,-3.87,-5.94
37472,FLEXSTEEL INDUSTRIES INC,20220930,1,95684000.0,,15349000.0,428000.0,289000.0,16.04,0.45,0.3
1101680,DZS INC.,20220930,1,83199000.0,66860000.0,32030000.0,-9785000.0,-10954000.0,38.5,-11.76,-13.17
1531978,"PARAGON 28, INC.",20220930,1,46006000.0,-288000.0,288000.0,288000.0,-9724000.0,0.63,0.63,-21.14
1066194,EGAIN CORP,20220930,1,24763000.0,,18481000.0,-670000.0,-16000.0,74.63,-2.71,-0.06
1787518,NUKKLEUS INC.,20220930,4,19200000.0,22174870.0,300000.0,-11142324.0,,1.56,-58.03,
1948864,HEALTHY CHOICE WELLNESS CORP.,20220930,1,7673837.0,4538358.0,2893381.0,-141346.0,-195668.0,37.7,-1.84,-2.55
1449792,"PIONEER POWER SOLUTIONS, INC.",20220930,1,6369000.0,4195000.0,861000.0,-1444000.0,2000.0,13.52,-22.67,0.03
1309082,"CAMBER ENERGY, INC.",20220930,1,6160706.0,4817640.0,1343066.0,-2993161.0,-10860687.0,21.8,-48.58,-176.29
1438943,"RANGE IMPACT, INC.",20220930,1,1547258.0,,357783.0,-198002.0,-119616.0,23.12,-12.8,-7.73
1420368,DLT RESOLUTION INC.,20220930,1,61474.0,40109.0,21365.0,-12613.0,-19427.0,34.75,-20.52,-31.6
1467373,ACCENTURE PLC,20220831,1,15423656000.0,10477599000.0,4946057000.0,2268189000.0,1665128000.0,32.07,14.71,10.8
1605331,AB INTERNATIONAL GROUP CORP.,20220831,4,2928000.0,,,-2031787.0,-2173971.0,,-69.39,-74.25
858877,"CISCO SYSTEMS, INC.",20220731,4,51557000000.0,4495000000.0,32248000000.0,13969000000.0,11812000000.0,62.55,27.09,22.91
2011641,FERGUSON ENTERPRISES INC. /DE/,20220731,4,12410000000.0,19810000000.0,8756000000.0,2820000000.0,2122000000.0,70.56,22.72,17.1
812011,VAIL RESORTS INC,20220731,4,2525912000.0,,,601728000.0,347923000.0,,23.82,13.77
1576942,"STITCH FIX, INC.",20220731,4,2017804000.0,1131132000.0,886672000.0,-184470000.0,-207121000.0,43.94,-9.14,-10.26
1327567,PALO ALTO NETWORKS INC,20220731,4,1055800000.0,1718700000.0,3782800000.0,-188800000.0,-267000000.0,358.29,-17.88,-25.29
16732,CAMPBELL SOUP CO,20220731,4,753000000.0,-13000000.0,766000000.0,517000000.0,10000000.0,101.73,68.66,1.33
746598,BRADY CORP,20220731,4,750391000.0,670510000.0,631552000.0,193012000.0,149979000.0,84.16,25.72,19.99
1067294,"CRACKER BARREL OLD COUNTRY STORE, INC",20220731,4,702158000.0,1049884000.0,-347726000.0,153003000.0,131880000.0,-49.52,21.79,18.78
1713683,"ZSCALER, INC.",20220731,4,370035000.0,242282000.0,848664000.0,-327429000.0,-390278000.0,229.35,-88.49,-105.47
1528396,"GUIDEWIRE SOFTWARE, INC.",20220731,4,289418000.0,202832000.0,140876000.0,-199447000.0,,48.68,-68.91,
1334933,URANIUM ENERGY CORP,20220731,4,22946000.0,179000.0,7293000.0,-22710000.0,5252000.0,31.78,-98.97,22.89
789019,MICROSOFT CORP,20220630,4,98052000000.0,62650000000.0,135620000000.0,29690000000.0,72738000000.0,138.31,30.28,74.18
80424,PROCTER & GAMBLE CO,20220630,4,80187000000.0,42157000000.0,38030000000.0,17813000000.0,14742000000.0,47.43,22.21,18.38
8858,AVNET INC,20220630,4,5476700000.0,21345317000.0,2965391000.0,939011000.0,692379000.0,54.15,17.15,12.64
106040,WESTERN DIGITAL CORP,20220630,4,4525000000.0,12919000000.0,6188000000.0,0.0,46000000.0,136.75,0.0,1.02
703351,"BRINKER INTERNATIONAL, INC",20220630,4,3764500000.0,,,41000000.0,0.0,,1.09,0.0
1024305,COTY INC.,20220630,4,3267900000.0,1935200000.0,3369200000.0,-135800000.0,259500000.0,103.1,-4.16,7.94
1596783,"CATALENT, INC.",20220630,4,2723000000.0,3188000000.0,1614000000.0,730000000.0,499000000.0,59.27,26.81,18.33
1748790,AMCOR PLC,20220630,4,2656000000.0,0.0,2820000000.0,1239000000.0,805000000.0,106.17,46.65,30.31
721371,CARDINAL HEALTH INC,20220630,4,2394000000.0,174842000000.0,-61000000.0,-607000000.0,0.0,-2.55,-25.36,0.0
1084869,1 800 FLOWERS COM INC,20220630,4,1934648000.0,1386147000.0,821738000.0,42101000.0,29610000.0,42.47,2.18,1.53
1511737,UBIQUITI INC.,20220630,4,1691692000.0,1021880000.0,669812000.0,462264000.0,378657000.0,39.59,27.33,22.38
16058,CACI INTERNATIONAL INC /DE/,20220630,4,1690480000.0,,,496329000.0,366794000.0,,29.36,21.7
1157408,"STRIDE, INC.",20220630,4,1686666000.0,1090191000.0,596475000.0,156628000.0,107130000.0,35.36,9.29,6.35
1262976,CIMPRESS PLC,20220630,4,1434314000.0,1492726000.0,-58412000.0,47298000.0,-54331000.0,-4.07,3.3,-3.79
730464,ADTALEM GLOBAL EDUCATION INC.,20220630,4,1381842000.0,659776000.0,722066000.0,76746000.0,310991000.0,52.25,5.55,22.51
1820953,"AFFIRM HOLDINGS, INC.",20220630,4,1304304000.0,,,-866048000.0,-536654000.0,,-66.4,-41.14
109563,APPLIED INDUSTRIAL TECHNOLOGIES INC,20220630,4,1218184000.0,2703760000.0,1106916000.0,357858000.0,257414000.0,90.87,29.38,21.13
910406,HAIN CELESTIAL GROUP INC,20220630,4,1037082000.0,1464352000.0,427441000.0,104681000.0,77873000.0,41.22,10.09,7.51
1591698,PAYLOCITY HOLDING CORP,20220630,4,852651000.0,287002000.0,565649000.0,84594000.0,90777000.0,66.34,9.92,10.65
1590976,"MALIBU BOATS, INC.",20220630,4,607543000.0,904826000.0,310051000.0,213823000.0,157632000.0,51.03,35.19,25.95
1078271,EXTREME NETWORKS INC,20220630,4,606988000.0,121821000.0,629938000.0,64188000.0,44271000.0,103.78,10.57,7.29
1387467,ALPHA & OMEGA SEMICONDUCTOR LTD,20220630,4,545135000.0,508996000.0,268556000.0,102038000.0,453163000.0,49.26,18.72,83.13
37472,FLEXSTEEL INDUSTRIES INC,20220630,4,544282000.0,471602000.0,72680000.0,6617000.0,1853000.0,13.35,1.22,0.34
1897982,"ASPEN TECHNOLOGY, INC.",20220630,4,482311000.0,199916000.0,282395000.0,22272000.0,41944000.0,58.55,4.62,8.7
1638290,"MASTERCRAFT BOAT HOLDINGS, INC.",20220630,4,466027000.0,473419000.0,168190000.0,-9038000.0,58214000.0,36.09,-1.94,12.49
1720420,IBEX LTD,20220630,4,455206000.0,,,20625000.0,21456000.0,,4.53,4.71
96021,SYSCO CORP,20220630,4,431000000.0,56316000000.0,12320000000.0,100000000.0,1359000000.0,2858.47,23.2,315.31
1839439,"PAYCOR HCM, INC.",20220630,4,429387000.0,168188000.0,261199000.0,-139620000.0,-119638000.0,60.83,-32.52,-27.86
1592058,PARTY CITY HOLDCO INC.,20220630,1,423478000.0,349477000.0,19820000.0,20944000.0,,4.68,4.95,
866273,MATRIX SERVICE CO,20220630,4,421188000.0,708986000.0,9270000.0,-24352000.0,-63900000.0,2.2,-5.78,-15.17
943819,RESMED INC,20220630,4,400829000.0,1553816000.0,2024311000.0,93756000.0,779437000.0,505.03,23.39,194.46
1606757,"KIMBALL ELECTRONICS, INC.",20220630,4,337815000.0,1244933000.0,104602000.0,52549000.0,31253000.0,30.96,15.56,9.25
57515,LANCASTER COLONY CORP,20220630,4,331812000.0,1320671000.0,355719000.0,111911000.0,89586000.0,107.2,33.73,27.0
1840572,BOWLERO CORP.,20220630,4,321441000.0,609971000.0,301734000.0,116625000.0,-29934000.0,93.87,36.28,-9.31
34563,FARMER BROTHERS CO,20220630,4,314783000.0,180968000.0,133815000.0,-5981000.0,-15661000.0,42.51,-1.9,-4.98
100726,UNIFI INC,20220630,4,293080000.0,177731000.0,80485000.0,28599000.0,15171000.0,27.46,9.76,5.18
912093,VIAVI SOLUTIONS INC.,20220630,4,256400000.0,518900000.0,550800000.0,-101800000.0,15500000.0,214.82,-39.7,6.05
1049521,MERCURY SYSTEMS INC,20220630,4,251126000.0,593241000.0,394956000.0,31610000.0,11275000.0,157.27,12.59,4.49
1650372,ATLASSIAN CORP,20220630,4,249227000.0,452914000.0,2349968000.0,70083000.0,-519510000.0,942.9,28.12,-208.45
1565687,"INTAPP, INC.",20220630,4,192980000.0,99083000.0,172988000.0,-99456000.0,-99678000.0,89.64,-51.54,-51.65
1636519,MADISON SQUARE GARDEN SPORTS CORP.,20220630,4,163037000.0,,,86080000.0,51131000.0,,52.8,31.36
1117297,"QUINSTREET, INC",20220630,4,158805000.0,528368000.0,53731000.0,-4718000.0,-5248000.0,33.83,-2.97,-3.3
1138723,ACCURAY INC,20220630,4,134640000.0,127287000.0,159955000.0,8148000.0,-5347000.0,118.8,6.05,-3.97
1069899,PHIBRO ANIMAL HEALTH CORP,20220630,4,88321000.0,656861000.0,285400000.0,78986000.0,49175000.0,323.14,89.43,55.68
1905956,TREASURE GLOBAL INC,20220630,4,79674879.0,79198691.0,476188.0,-10176798.0,,0.6,-12.77,
17843,CARPENTER TECHNOLOGY CORP,20220630,4,58000000.0,,149800000.0,9600000.0,-49100000.0,258.28,16.55,-84.66
1531978,"PARAGON 28, INC.",20220630,1,42498000.0,7638000.0,34662000.0,-198000.0,-9603000.0,81.56,-0.47,-22.6
1101680,DZS INC.,20220630,1,41180000.0,59663000.0,23285000.0,-10396000.0,-12564000.0,56.54,-25.25,-30.51
896429,"CANTALOUPE, INC.",20220630,4,29700000.0,,,-2657000.0,-1703000.0,,-8.95,-5.73
87802,SCIENTIFIC INDUSTRIES INC,20220630,4,9981100.0,5663800.0,5736700.0,-1650400.0,-13668100.0,57.48,-16.54,-136.94
1293971,"BLUEBIRD BIO, INC.",20220630,1,1519000.0,1745000.0,-226000.0,523000.0,13259000.0,-14.88,34.43,872.88
1438943,"RANGE IMPACT, INC.",20220630,1,639359.0,,64952.0,-423197.0,-443186.0,10.16,-66.19,-69.32
1467373,ACCENTURE PLC,20220531,1,16158803000.0,10844069000.0,5314734000.0,2603118000.0,1786075000.0,32.89,16.11,11.05
723254,CINTAS CORP,20220531,4,6226980000.0,3316433000.0,2910547000.0,1353490000.0,1235757000.0,46.74,21.74,19.85
723531,PAYCHEX INC,20220531,4,4611700000.0,1356300000.0,3255400000.0,1840000000.0,,70.59,39.9,
940944,DARDEN RESTAURANTS INC,20220531,4,1975600000.0,1582600000.0,393000000.0,1162200000.0,952800000.0,19.89,58.83,48.23
16160,CAL-MAINE FOODS INC,20220531,4,1777159000.0,1440100000.0,337059000.0,143537000.0,132650000.0,18.97,8.08,7.46
1048911,FEDEX CORP,20220531,4,1410000000.0,,,-982000000.0,3826000000.0,,-69.65,271.35
66382,"MILLERKNOLL, INC.",20220531,4,931100000.0,2593300000.0,1352700000.0,-140600000.0,-27100000.0,145.28,-15.1,-2.91
1731348,"TILRAY BRANDS, INC.",20220531,4,628372000.0,511555000.0,116817000.0,-610401000.0,-476801000.0,18.59,-97.14,-75.88
1968487,"WORTHINGTON STEEL, INC.",20220531,4,620300000.0,3673400000.0,96900000.0,226600000.0,180400000.0,15.62,36.53,29.08
108516,"WORTHINGTON ENTERPRISES, INC.",20220531,4,504870000.0,981581000.0,431070000.0,48794000.0,379386000.0,85.38,9.66,75.15
1275187,ANGIODYNAMICS INC,20220531,4,265963000.0,150487000.0,113148000.0,-28471000.0,-26547000.0,42.54,-10.7,-9.98
866729,SCHOLASTIC CORP,20220531,4,237100000.0,765500000.0,-528400000.0,115300000.0,80900000.0,-222.86,48.63,34.12
711377,NEOGEN CORP,20220531,4,209339000.0,2018000.0,243013000.0,42258000.0,,116.09,20.19,
1040470,AEHR TEST SYSTEMS,20220531,4,50829000.0,25664000.0,23665000.0,7800000.0,0.0,46.56,15.35,0.0
355948,"RICHARDSON ELECTRONICS, LTD.",20220531,4,49235000.0,,71700000.0,15957000.0,17927000.0,145.63,32.41,36.41
704562,"AVID BIOSERVICES, INC.",20220430,4,20315000.0,82949000.0,36648000.0,15422000.0,127672000.0,180.4,75.91,628.46
723603,CULP INC,20220430,4,8114000.0,258746000.0,36093000.0,678000.0,,444.82,8.36,
1836242,"YOSHITSU CO., LTD",20220331,4,234508821.0,,,7289261.0,216739.0,,3.11,0.09
1179821,BIRKS GROUP INC.,20220331,4,181342000.0,105122000.0,76220000.0,4469000.0,1287000.0,42.03,2.46,0.71
1819395,SONDER HOLDINGS INC.,20220331,1,80466000.0,,,1743000.0,2184000.0,,2.17,2.71
1751876,PARANOVUS ENTERTAINMENT TECHNOLOGY LTD.,20220331,4,68730013.0,20501385.0,257260.0,-11165032.0,-48799924.0,0.37,-16.24,-71.0
1101680,DZS INC.,20220331,1,67412000.0,-3616000.0,26825000.0,-3491000.0,-7586000.0,39.79,-5.18,-11.25
946936,DESWELL INDUSTRIES INC,20220331,4,62635000.0,72028000.0,13952000.0,2759000.0,,22.28,4.4,
1531978,"PARAGON 28, INC.",20220331,1,41371000.0,6791000.0,34580000.0,-8435000.0,-9236000.0,83.59,-20.39,-22.32
1931717,CCSC TECHNOLOGY INTERNATIONAL HOLDINGS LTD,20220331,4,24485584.0,19694031.0,7475904.0,2461929.0,,30.53,10.05,
1956166,MING SHING GROUP HOLDINGS LTD,20220331,4,14383980.0,11755111.0,2628869.0,2116219.0,,18.28,14.71,
1702318,AKSO HEALTH GROUP,20220331,4,6000000.0,5394866.0,605134.0,-3260463.0,-11527588.0,10.09,-54.34,-192.13
1856084,"CHINA JO-JO DRUGSTORES, INC.",20220331,4,5353900.0,127873515.0,36519040.0,-659477.0,-3192119.0,682.1,-12.32,-59.62
1026785,HIGHWAY HOLDINGS LTD,20220331,4,5152000.0,8595000.0,3770000.0,307000.0,443000.0,73.18,5.96,8.6
1966678,PRIMEGA GROUP HOLDINGS LTD,20220331,4,3268003.0,1249913.0,2960192.0,2266071.0,,90.58,69.34,
1892274,VISIONARY HOLDINGS INC.,20220331,4,2298198.0,2637025.0,2611436.0,1030976.0,9749.0,113.63,44.86,0.42
1467373,ACCENTURE PLC,20220228,1,15046693000.0,10522734000.0,4523959000.0,2061580000.0,1634942000.0,30.07,13.7,10.87
1968487,"WORTHINGTON STEEL, INC.",20220228,1,278200000.0,3800000.0,274400000.0,8600000.0,,98.63,3.09,
1702780,"ALTICE USA, INC.",20211231,4,7907388000.0,17167000.0,7890221000.0,2524627000.0,990311000.0,99.78,31.93,12.52
1136869,"ZIMMER BIOMET HOLDINGS, INC.",20211231,4,3853900000.0,1960400000.0,1893500000.0,428300000.0,401600000.0,49.13,11.11,10.42
1906324,QUIDELORTHO CORP,20211231,4,1453300000.0,,,906000000.0,704200000.0,,62.34,48.46
2001184,"PACS GROUP, INC.",20211231,4,1166563000.0,,,83359000.0,47947000.0,,7.15,4.11
1967680,VERALTO CORP,20211231,4,646000000.0,1987000000.0,2713000000.0,584000000.0,861000000.0,419.97,90.4,133.28
1901440,UL SOLUTIONS INC.,20211231,4,607000000.0,1338000000.0,-731000000.0,287000000.0,224000000.0,-120.43,47.28,36.9
1101680,DZS INC.,20211231,4,330093000.0,229938000.0,120268000.0,-32252000.0,-34683000.0,36.43,-9.77,-10.51
1167419,"RIOT PLATFORMS, INC.",20211231,4,184422000.0,45513000.0,138909000.0,-29870000.0,-15437000.0,75.32,-16.2,-8.37
1603993,"NISUN INTERNATIONAL ENTERPRISE DEVELOPMENT GROUP CO., LTD",20211231,4,160199711.0,67628806.0,54048144.0,38188910.0,30380361.0,33.74,23.84,18.96
1531978,"PARAGON 28, INC.",20211231,4,130112000.0,28024000.0,119440000.0,-10775000.0,-13693000.0,91.8,-8.28,-10.52
1042893,DRIL-QUIP INC,20211231,4,116700000.0,242356000.0,-125656000.0,-21863000.0,-128493000.0,-107.67,-18.73,-110.11
1453687,"CARTESIAN THERAPEUTICS, INC.",20211231,4,85077000.0,,,-4597000.0,-25687000.0,,-5.4,-30.19
1779474,"WM TECHNOLOGY, INC.",20211231,4,42611000.0,7938000.0,34673000.0,-8178000.0,60383000.0,81.37,-19.19,141.71
1774170,"POWERFLEET, INC.",20211231,4,30515000.0,66207000.0,59753000.0,-8172000.0,-12766000.0,195.82,-26.78,-41.84
1538217,"SRAX, INC.",20211231,4,25478000.0,6521000.0,18957000.0,-85000.0,,74.41,-0.33,
1819395,SONDER HOLDINGS INC.,20211231,4,12166000.0,,,432000.0,432000.0,,3.55,3.55
1981662,NEWGENIVF GROUP LTD,20211231,4,4118120.0,3093340.0,1024780.0,198758.0,-533.0,24.88,4.83,-0.01
1467373,ACCENTURE PLC,20211130,1,14965153000.0,10048364000.0,4916789000.0,2434294000.0,1791024000.0,32.85,16.27,11.97
1090872,"AGILENT TECHNOLOGIES, INC.",20211031,4,3304000000.0,834000000.0,2470000000.0,909000000.0,1210000000.0,74.76,27.51,36.62
1928948,CARAVELLE INTERNATIONAL GROUP,20211031,4,121961057.0,109008853.0,12952204.0,10481215.0,5310508.0,10.62,8.59,4.35
1782941,TIAN RUIXIANG HOLDINGS LTD,20211031,4,2776065.0,,,1232723.0,-1944549.0,,44.41,-70.05
1687451,"ZK INTERNATIONAL GROUP CO., LTD.",20210930,4,99407217.0,92936029.0,6471188.0,-3653589.0,-3799514.0,6.51,-3.68,-3.82
1101680,DZS INC.,20210930,1,82911000.0,56213000.0,32199000.0,-6113000.0,-5896000.0,38.84,-7.37,-7.11
1467373,ACCENTURE PLC,20210831,4,14438537000.0,34169261000.0,-19730724000.0,7621529000.0,5906809000.0,-136.65,52.79,40.91
1101680,DZS INC.,20210630,1,77920000.0,55622000.0,27078000.0,-2546000.0,-3279000.0,34.75,-3.27,-4.21
1101680,DZS INC.,20201231,4,174160000.0,203761000.0,96879000.0,-12525000.0,-23082000.0,55.63,-7.19,-13.25
